-- MySQL dump 10.13  Distrib 5.7.9, for Win64 (x86_64)
--
-- Host: 127.0.0.1    Database: vissa
-- ------------------------------------------------------
-- Server version	5.5.5-10.1.30-MariaDB

/*!40101 SET @OLD_CHARACTER_SET_CLIENT=@@CHARACTER_SET_CLIENT */;
/*!40101 SET @OLD_CHARACTER_SET_RESULTS=@@CHARACTER_SET_RESULTS */;
/*!40101 SET @OLD_COLLATION_CONNECTION=@@COLLATION_CONNECTION */;
/*!40101 SET NAMES utf8 */;
/*!40103 SET @OLD_TIME_ZONE=@@TIME_ZONE */;
/*!40103 SET TIME_ZONE='+00:00' */;
/*!40014 SET @OLD_UNIQUE_CHECKS=@@UNIQUE_CHECKS, UNIQUE_CHECKS=0 */;
/*!40014 SET @OLD_FOREIGN_KEY_CHECKS=@@FOREIGN_KEY_CHECKS, FOREIGN_KEY_CHECKS=0 */;
/*!40101 SET @OLD_SQL_MODE=@@SQL_MODE, SQL_MODE='NO_AUTO_VALUE_ON_ZERO' */;
/*!40111 SET @OLD_SQL_NOTES=@@SQL_NOTES, SQL_NOTES=0 */;

--
-- Table structure for table `bank`
--

DROP TABLE IF EXISTS `bank`;
/*!40101 SET @saved_cs_client     = @@character_set_client */;
/*!40101 SET character_set_client = utf8 */;
CREATE TABLE `bank` (
  `id` bigint(20) NOT NULL AUTO_INCREMENT,
  `name` varchar(50) NOT NULL,
  `creation_date` timestamp NOT NULL DEFAULT CURRENT_TIMESTAMP ON UPDATE CURRENT_TIMESTAMP,
  `modify_date` timestamp NOT NULL DEFAULT CURRENT_TIMESTAMP ON UPDATE CURRENT_TIMESTAMP,
  `archived` bit(1) NOT NULL DEFAULT b'0',
  PRIMARY KEY (`id`)
) ENGINE=InnoDB AUTO_INCREMENT=8 DEFAULT CHARSET=utf8;
/*!40101 SET character_set_client = @saved_cs_client */;

--
-- Dumping data for table `bank`
--

LOCK TABLES `bank` WRITE;
/*!40000 ALTER TABLE `bank` DISABLE KEYS */;
INSERT INTO `bank` VALUES (1,'Bancolombia','2019-01-08 21:44:45','2019-01-08 21:44:45','\0'),(2,'Banco de Bogotá','2019-01-08 21:44:56','2019-01-08 21:44:56','\0'),(3,'Av Villas','2019-01-08 21:45:12','2019-01-08 21:45:14','\0'),(4,'Banco de Occidente','2019-01-08 21:45:32','2019-01-08 21:45:32','\0'),(5,'Banco Popular','2019-01-08 21:45:47','2019-01-08 21:45:47','\0'),(6,'Davivienda','2019-01-08 21:46:00','2019-01-08 21:46:00','\0'),(7,'test','2019-01-16 03:19:50','2019-01-16 03:19:50','\0');
/*!40000 ALTER TABLE `bank` ENABLE KEYS */;
UNLOCK TABLES;

--
-- Table structure for table `bank_account`
--

DROP TABLE IF EXISTS `bank_account`;
/*!40101 SET @saved_cs_client     = @@character_set_client */;
/*!40101 SET character_set_client = utf8 */;
CREATE TABLE `bank_account` (
  `id` bigint(20) NOT NULL AUTO_INCREMENT,
  `account_number` varchar(50) DEFAULT NULL,
  `type` varchar(20) DEFAULT NULL,
  `bank_id` bigint(20) DEFAULT NULL,
  `status` varchar(45) NOT NULL,
  `creation_date` timestamp NOT NULL DEFAULT CURRENT_TIMESTAMP ON UPDATE CURRENT_TIMESTAMP,
  `modify_date` timestamp NOT NULL DEFAULT CURRENT_TIMESTAMP ON UPDATE CURRENT_TIMESTAMP,
  `archived` bit(1) NOT NULL DEFAULT b'0',
  PRIMARY KEY (`id`),
  KEY `bank_account_bank_idx` (`bank_id`),
  CONSTRAINT `bank_account_bank` FOREIGN KEY (`bank_id`) REFERENCES `bank` (`id`)
) ENGINE=InnoDB AUTO_INCREMENT=3 DEFAULT CHARSET=utf8;
/*!40101 SET character_set_client = @saved_cs_client */;

--
-- Dumping data for table `bank_account`
--

LOCK TABLES `bank_account` WRITE;
/*!40000 ALTER TABLE `bank_account` DISABLE KEYS */;
INSERT INTO `bank_account` VALUES (1,'1234-5678-9012','SAVING',1,'ACTIVE','2019-01-19 22:45:07','2019-01-19 22:45:07','\0'),(2,'220','SAVING',1,'ACTIVE','2019-01-19 22:45:07','2019-01-19 22:45:07','\0');
/*!40000 ALTER TABLE `bank_account` ENABLE KEYS */;
UNLOCK TABLES;

--
-- Table structure for table `brand`
--

DROP TABLE IF EXISTS `brand`;
/*!40101 SET @saved_cs_client     = @@character_set_client */;
/*!40101 SET character_set_client = utf8 */;
CREATE TABLE `brand` (
  `id` bigint(20) NOT NULL AUTO_INCREMENT,
  `code` varchar(45) NOT NULL,
  `name` varchar(100) NOT NULL,
  `creation_date` timestamp NOT NULL DEFAULT CURRENT_TIMESTAMP,
  `modify_date` timestamp NOT NULL DEFAULT CURRENT_TIMESTAMP,
  `archived` bit(1) NOT NULL DEFAULT b'0',
  PRIMARY KEY (`id`)
) ENGINE=InnoDB DEFAULT CHARSET=latin1;
/*!40101 SET character_set_client = @saved_cs_client */;

--
-- Dumping data for table `brand`
--

LOCK TABLES `brand` WRITE;
/*!40000 ALTER TABLE `brand` DISABLE KEYS */;
/*!40000 ALTER TABLE `brand` ENABLE KEYS */;
UNLOCK TABLES;

--
-- Table structure for table `city`
--

DROP TABLE IF EXISTS `city`;
/*!40101 SET @saved_cs_client     = @@character_set_client */;
/*!40101 SET character_set_client = utf8 */;
CREATE TABLE `city` (
  `id` bigint(20) NOT NULL AUTO_INCREMENT,
  `state_id` bigint(20) NOT NULL,
  `name` varchar(250) NOT NULL,
  `creation_date` timestamp NOT NULL DEFAULT CURRENT_TIMESTAMP ON UPDATE CURRENT_TIMESTAMP,
  `modify_date` timestamp NOT NULL DEFAULT CURRENT_TIMESTAMP ON UPDATE CURRENT_TIMESTAMP,
  `archived` bit(1) NOT NULL DEFAULT b'0',
  PRIMARY KEY (`id`),
  KEY `state_fk_idx` (`state_id`),
  CONSTRAINT `city_state_fk` FOREIGN KEY (`state_id`) REFERENCES `state` (`id`)
) ENGINE=InnoDB AUTO_INCREMENT=3580 DEFAULT CHARSET=utf8;
/*!40101 SET character_set_client = @saved_cs_client */;

--
-- Dumping data for table `city`
--

LOCK TABLES `city` WRITE;
/*!40000 ALTER TABLE `city` DISABLE KEYS */;
INSERT INTO `city` VALUES (5,6,'Abriaquí','2019-01-19 16:34:26','2019-01-19 16:34:26','\0'),(6,6,'Alejandria','2019-01-19 16:34:26','2019-01-19 16:34:26','\0'),(7,6,'Amagá','2019-01-19 16:34:26','2019-01-19 16:34:26','\0'),(8,6,'Amalfi','2019-01-19 16:34:26','2019-01-19 16:34:26','\0'),(9,6,'Andes','2019-01-19 16:34:26','2019-01-19 16:34:26','\0'),(10,6,'Angelópolis','2019-01-19 16:34:26','2019-01-19 16:34:26','\0'),(11,6,'Angostura','2019-01-19 16:34:26','2019-01-19 16:34:26','\0'),(12,6,'Anorí','2019-01-19 16:34:26','2019-01-19 16:34:26','\0'),(13,6,'Anzá','2019-01-19 16:34:26','2019-01-19 16:34:26','\0'),(14,6,'Apartadó','2019-01-19 16:34:26','2019-01-19 16:34:26','\0'),(15,6,'Arboletes','2019-01-19 16:34:26','2019-01-19 16:34:26','\0'),(16,6,'Argelia','2019-01-19 16:34:26','2019-01-19 16:34:26','\0'),(17,6,'Armenia','2019-01-19 16:34:26','2019-01-19 16:34:26','\0'),(18,6,'Barbosa','2019-01-19 16:34:26','2019-01-19 16:34:26','\0'),(19,6,'Bello','2019-01-19 16:34:26','2019-01-19 16:34:26','\0'),(20,6,'Belmira','2019-01-19 16:34:26','2019-01-19 16:34:26','\0'),(21,6,'Betania','2019-01-19 16:34:26','2019-01-19 16:34:26','\0'),(22,6,'Betulia','2019-01-19 16:34:26','2019-01-19 16:34:26','\0'),(23,6,'Bolívar','2019-01-19 16:34:26','2019-01-19 16:34:26','\0'),(24,6,'Briceño','2019-01-19 16:34:26','2019-01-19 16:34:26','\0'),(25,6,'Burítica','2019-01-19 16:34:26','2019-01-19 16:34:26','\0'),(26,6,'Caicedo','2019-01-19 16:34:26','2019-01-19 16:34:26','\0'),(27,6,'Caldas','2019-01-19 16:34:26','2019-01-19 16:34:26','\0'),(28,6,'Campamento','2019-01-19 16:34:26','2019-01-19 16:34:26','\0'),(29,6,'Caracolí','2019-01-19 16:34:26','2019-01-19 16:34:26','\0'),(30,6,'Caramanta','2019-01-19 16:34:26','2019-01-19 16:34:26','\0'),(31,6,'Carepa','2019-01-19 16:34:26','2019-01-19 16:34:26','\0'),(32,6,'Carmen de Viboral','2019-01-19 16:34:26','2019-01-19 16:34:26','\0'),(33,6,'Carolina','2019-01-19 16:34:26','2019-01-19 16:34:26','\0'),(34,6,'Caucasia','2019-01-19 16:34:26','2019-01-19 16:34:26','\0'),(35,6,'Cañasgordas','2019-01-19 16:34:26','2019-01-19 16:34:26','\0'),(36,6,'Chigorodó','2019-01-19 16:34:26','2019-01-19 16:34:26','\0'),(37,6,'Cisneros','2019-01-19 16:34:26','2019-01-19 16:34:26','\0'),(38,6,'Cocorná','2019-01-19 16:34:26','2019-01-19 16:34:26','\0'),(39,6,'Concepción','2019-01-19 16:34:26','2019-01-19 16:34:26','\0'),(40,6,'Concordia','2019-01-19 16:34:26','2019-01-19 16:34:26','\0'),(41,6,'Copacabana','2019-01-19 16:34:26','2019-01-19 16:34:26','\0'),(42,6,'Cáceres','2019-01-19 16:34:26','2019-01-19 16:34:26','\0'),(43,6,'Dabeiba','2019-01-19 16:34:26','2019-01-19 16:34:26','\0'),(44,6,'Don Matías','2019-01-19 16:34:26','2019-01-19 16:34:26','\0'),(45,6,'Ebéjico','2019-01-19 16:34:26','2019-01-19 16:34:26','\0'),(46,6,'El Bagre','2019-01-19 16:34:26','2019-01-19 16:34:26','\0'),(47,6,'Entrerríos','2019-01-19 16:34:26','2019-01-19 16:34:26','\0'),(48,6,'Envigado','2019-01-19 16:34:26','2019-01-19 16:34:26','\0'),(49,6,'Fredonia','2019-01-19 16:34:26','2019-01-19 16:34:26','\0'),(50,6,'Frontino','2019-01-19 16:34:26','2019-01-19 16:34:26','\0'),(51,6,'Giraldo','2019-01-19 16:34:26','2019-01-19 16:34:26','\0'),(52,6,'Girardota','2019-01-19 16:34:26','2019-01-19 16:34:26','\0'),(53,6,'Granada','2019-01-19 16:34:26','2019-01-19 16:34:26','\0'),(54,6,'Guadalupe','2019-01-19 16:34:26','2019-01-19 16:34:26','\0'),(55,6,'Guarne','2019-01-19 16:34:26','2019-01-19 16:34:26','\0'),(56,6,'Guatapé','2019-01-19 16:34:26','2019-01-19 16:34:26','\0'),(57,6,'Gómez Plata','2019-01-19 16:34:26','2019-01-19 16:34:26','\0'),(58,6,'Heliconia','2019-01-19 16:34:26','2019-01-19 16:34:26','\0'),(59,6,'Hispania','2019-01-19 16:34:26','2019-01-19 16:34:26','\0'),(60,6,'Itagüí','2019-01-19 16:34:26','2019-01-19 16:34:26','\0'),(61,6,'Ituango','2019-01-19 16:34:26','2019-01-19 16:34:26','\0'),(62,6,'Jardín','2019-01-19 16:34:26','2019-01-19 16:34:26','\0'),(63,6,'Jericó','2019-01-19 16:34:26','2019-01-19 16:34:26','\0'),(64,6,'La Ceja','2019-01-19 16:34:26','2019-01-19 16:34:26','\0'),(65,6,'La Estrella','2019-01-19 16:34:26','2019-01-19 16:34:26','\0'),(66,6,'La Pintada','2019-01-19 16:34:26','2019-01-19 16:34:26','\0'),(67,6,'La Unión','2019-01-19 16:34:26','2019-01-19 16:34:26','\0'),(68,6,'Liborina','2019-01-19 16:34:26','2019-01-19 16:34:26','\0'),(69,6,'Maceo','2019-01-19 16:34:26','2019-01-19 16:34:26','\0'),(70,6,'Marinilla','2019-01-19 16:34:26','2019-01-19 16:34:26','\0'),(71,6,'Medellín','2019-01-19 16:34:26','2019-01-19 16:34:26','\0'),(72,6,'Montebello','2019-01-19 16:34:26','2019-01-19 16:34:26','\0'),(73,6,'Murindó','2019-01-19 16:34:26','2019-01-19 16:34:26','\0'),(74,6,'Mutatá','2019-01-19 16:34:26','2019-01-19 16:34:26','\0'),(75,6,'Nariño','2019-01-19 16:34:26','2019-01-19 16:34:26','\0'),(76,6,'Nechí','2019-01-19 16:34:26','2019-01-19 16:34:26','\0'),(77,6,'Necoclí','2019-01-19 16:34:26','2019-01-19 16:34:26','\0'),(78,6,'Olaya','2019-01-19 16:34:26','2019-01-19 16:34:26','\0'),(79,6,'Peque','2019-01-19 16:34:26','2019-01-19 16:34:26','\0'),(80,6,'Peñol','2019-01-19 16:34:26','2019-01-19 16:34:26','\0'),(81,6,'Pueblorrico','2019-01-19 16:34:26','2019-01-19 16:34:26','\0'),(82,6,'Puerto Berrío','2019-01-19 16:34:26','2019-01-19 16:34:26','\0'),(83,6,'Puerto Nare','2019-01-19 16:34:26','2019-01-19 16:34:26','\0'),(84,6,'Puerto Triunfo','2019-01-19 16:34:26','2019-01-19 16:34:26','\0'),(85,6,'Remedios','2019-01-19 16:34:26','2019-01-19 16:34:26','\0'),(86,6,'Retiro','2019-01-19 16:34:26','2019-01-19 16:34:26','\0'),(87,6,'Ríonegro','2019-01-19 16:34:26','2019-01-19 16:34:26','\0'),(88,6,'Sabanalarga','2019-01-19 16:34:26','2019-01-19 16:34:26','\0'),(89,6,'Sabaneta','2019-01-19 16:34:26','2019-01-19 16:34:26','\0'),(90,6,'Salgar','2019-01-19 16:34:26','2019-01-19 16:34:26','\0'),(91,6,'San Andrés de Cuerquía','2019-01-19 16:34:26','2019-01-19 16:34:26','\0'),(92,6,'San Carlos','2019-01-19 16:34:26','2019-01-19 16:34:26','\0'),(93,6,'San Francisco','2019-01-19 16:34:26','2019-01-19 16:34:26','\0'),(94,6,'San Jerónimo','2019-01-19 16:34:26','2019-01-19 16:34:26','\0'),(95,6,'San José de Montaña','2019-01-19 16:34:26','2019-01-19 16:34:26','\0'),(96,6,'San Juan de Urabá','2019-01-19 16:34:26','2019-01-19 16:34:26','\0'),(97,6,'San Luís','2019-01-19 16:34:26','2019-01-19 16:34:26','\0'),(98,6,'San Pedro','2019-01-19 16:34:26','2019-01-19 16:34:26','\0'),(99,6,'San Pedro de Urabá','2019-01-19 16:34:26','2019-01-19 16:34:26','\0'),(100,6,'San Rafael','2019-01-19 16:34:26','2019-01-19 16:34:26','\0'),(101,6,'San Roque','2019-01-19 16:34:26','2019-01-19 16:34:26','\0'),(102,6,'San Vicente','2019-01-19 16:34:26','2019-01-19 16:34:26','\0'),(103,6,'Santa Bárbara','2019-01-19 16:34:26','2019-01-19 16:34:26','\0'),(104,6,'Santa Fé de Antioquia','2019-01-19 16:34:26','2019-01-19 16:34:26','\0'),(105,6,'Santa Rosa de Osos','2019-01-19 16:34:26','2019-01-19 16:34:26','\0'),(106,6,'Santo Domingo','2019-01-19 16:34:26','2019-01-19 16:34:26','\0'),(107,6,'Santuario','2019-01-19 16:34:26','2019-01-19 16:34:26','\0'),(108,6,'Segovia','2019-01-19 16:34:26','2019-01-19 16:34:26','\0'),(109,6,'Sonsón','2019-01-19 16:34:26','2019-01-19 16:34:26','\0'),(110,6,'Sopetrán','2019-01-19 16:34:26','2019-01-19 16:34:26','\0'),(111,6,'Tarazá','2019-01-19 16:34:26','2019-01-19 16:34:26','\0'),(112,6,'Tarso','2019-01-19 16:34:26','2019-01-19 16:34:26','\0'),(113,6,'Titiribí','2019-01-19 16:34:26','2019-01-19 16:34:26','\0'),(114,6,'Toledo','2019-01-19 16:34:26','2019-01-19 16:34:26','\0'),(115,6,'Turbo','2019-01-19 16:34:26','2019-01-19 16:34:26','\0'),(116,6,'Támesis','2019-01-19 16:34:26','2019-01-19 16:34:26','\0'),(117,6,'Uramita','2019-01-19 16:34:26','2019-01-19 16:34:26','\0'),(118,6,'Urrao','2019-01-19 16:34:26','2019-01-19 16:34:26','\0'),(119,6,'Valdivia','2019-01-19 16:34:26','2019-01-19 16:34:26','\0'),(120,6,'Valparaiso','2019-01-19 16:34:26','2019-01-19 16:34:26','\0'),(121,6,'Vegachí','2019-01-19 16:34:26','2019-01-19 16:34:26','\0'),(122,6,'Venecia','2019-01-19 16:34:26','2019-01-19 16:34:26','\0'),(123,6,'Vigía del Fuerte','2019-01-19 16:34:26','2019-01-19 16:34:26','\0'),(124,6,'Yalí','2019-01-19 16:34:26','2019-01-19 16:34:26','\0'),(125,6,'Yarumal','2019-01-19 16:34:26','2019-01-19 16:34:26','\0'),(126,6,'Yolombó','2019-01-19 16:34:26','2019-01-19 16:34:26','\0'),(127,6,'Yondó (Casabe)','2019-01-19 16:34:26','2019-01-19 16:34:26','\0'),(128,6,'Zaragoza','2019-01-19 16:34:26','2019-01-19 16:34:26','\0'),(132,5,'Leticia','2019-01-19 16:36:30','2019-01-19 16:36:30','\0'),(133,5,'Puerto Nariño','2019-01-19 16:36:30','2019-01-19 16:36:30','\0'),(135,5,'Leticia','2019-01-19 16:36:36','2019-01-19 16:36:36','\0'),(136,5,'Puerto Nariño','2019-01-19 16:36:36','2019-01-19 16:36:36','\0'),(138,7,'Arauca','2019-01-19 16:38:17','2019-01-19 16:38:17','\0'),(139,7,'Arauquita','2019-01-19 16:38:17','2019-01-19 16:38:17','\0'),(140,7,'Cravo Norte','2019-01-19 16:38:17','2019-01-19 16:38:17','\0'),(141,7,'Fortúl','2019-01-19 16:38:17','2019-01-19 16:38:17','\0'),(142,7,'Puerto Rondón','2019-01-19 16:38:17','2019-01-19 16:38:17','\0'),(143,7,'Saravena','2019-01-19 16:38:17','2019-01-19 16:38:17','\0'),(144,7,'Tame','2019-01-19 16:38:17','2019-01-19 16:38:17','\0'),(145,7,'Arauca','2019-01-19 16:38:17','2019-01-19 16:38:17','\0'),(146,7,'Arauquita','2019-01-19 16:38:17','2019-01-19 16:38:17','\0'),(147,7,'Cravo Norte','2019-01-19 16:38:17','2019-01-19 16:38:17','\0'),(148,7,'Fortúl','2019-01-19 16:38:17','2019-01-19 16:38:17','\0'),(149,7,'Puerto Rondón','2019-01-19 16:38:17','2019-01-19 16:38:17','\0'),(150,7,'Saravena','2019-01-19 16:38:17','2019-01-19 16:38:17','\0'),(151,7,'Tame','2019-01-19 16:38:17','2019-01-19 16:38:17','\0'),(152,8,'Providencia','2019-01-19 16:41:12','2019-01-19 16:41:12','\0'),(153,8,'San Andrés','2019-01-19 16:44:16','2019-01-19 16:44:16','\0'),(154,9,'Baranoa','2019-01-19 16:45:44','2019-01-19 16:45:44','\0'),(155,9,'Barranquilla','2019-01-19 16:45:44','2019-01-19 16:45:44','\0'),(156,9,'Campo de la Cruz','2019-01-19 16:45:44','2019-01-19 16:45:44','\0'),(157,9,'Candelaria','2019-01-19 16:45:44','2019-01-19 16:45:44','\0'),(158,9,'Galapa','2019-01-19 16:45:44','2019-01-19 16:45:44','\0'),(159,9,'Juan de Acosta','2019-01-19 16:45:44','2019-01-19 16:45:44','\0'),(160,9,'Luruaco','2019-01-19 16:45:44','2019-01-19 16:45:44','\0'),(161,9,'Malambo','2019-01-19 16:45:44','2019-01-19 16:45:44','\0'),(162,9,'Manatí','2019-01-19 16:45:44','2019-01-19 16:45:44','\0'),(163,9,'Palmar de Varela','2019-01-19 16:45:44','2019-01-19 16:45:44','\0'),(164,9,'Piojo','2019-01-19 16:45:44','2019-01-19 16:45:44','\0'),(165,9,'Polonuevo','2019-01-19 16:45:44','2019-01-19 16:45:44','\0'),(166,9,'Ponedera','2019-01-19 16:45:44','2019-01-19 16:45:44','\0'),(167,9,'Puerto Colombia','2019-01-19 16:45:44','2019-01-19 16:45:44','\0'),(168,9,'Repelón','2019-01-19 16:45:44','2019-01-19 16:45:44','\0'),(169,9,'Sabanagrande','2019-01-19 16:45:44','2019-01-19 16:45:44','\0'),(170,9,'Sabanalarga','2019-01-19 16:45:44','2019-01-19 16:45:44','\0'),(171,9,'Santa Lucía','2019-01-19 16:45:44','2019-01-19 16:45:44','\0'),(172,9,'Santo Tomás','2019-01-19 16:45:44','2019-01-19 16:45:44','\0'),(173,9,'Soledad','2019-01-19 16:45:44','2019-01-19 16:45:44','\0'),(174,9,'Suan','2019-01-19 16:45:44','2019-01-19 16:45:44','\0'),(175,9,'Tubará','2019-01-19 16:45:44','2019-01-19 16:45:44','\0'),(176,9,'Usiacuri','2019-01-19 16:45:44','2019-01-19 16:45:44','\0'),(2232,10,'Bogotá D.C.','2019-01-19 16:48:04','2019-01-19 16:48:04','\0'),(2233,11,'Achí','2019-01-19 16:49:08','2019-01-19 16:49:08','\0'),(2234,11,'Altos del Rosario','2019-01-19 16:49:08','2019-01-19 16:49:08','\0'),(2235,11,'Arenal','2019-01-19 16:49:08','2019-01-19 16:49:08','\0'),(2236,11,'Arjona','2019-01-19 16:49:08','2019-01-19 16:49:08','\0'),(2237,11,'Arroyohondo','2019-01-19 16:49:08','2019-01-19 16:49:08','\0'),(2238,11,'Barranco de Loba','2019-01-19 16:49:08','2019-01-19 16:49:08','\0'),(2239,11,'Calamar','2019-01-19 16:49:08','2019-01-19 16:49:08','\0'),(2240,11,'Cantagallo','2019-01-19 16:49:08','2019-01-19 16:49:08','\0'),(2241,11,'Cartagena','2019-01-19 16:49:08','2019-01-19 16:49:08','\0'),(2242,11,'Cicuco','2019-01-19 16:49:08','2019-01-19 16:49:08','\0'),(2243,11,'Clemencia','2019-01-19 16:49:08','2019-01-19 16:49:08','\0'),(2244,11,'Córdoba','2019-01-19 16:49:08','2019-01-19 16:49:08','\0'),(2245,11,'El Carmen de Bolívar','2019-01-19 16:49:08','2019-01-19 16:49:08','\0'),(2246,11,'El Guamo','2019-01-19 16:49:08','2019-01-19 16:49:08','\0'),(2247,11,'El Peñon','2019-01-19 16:49:08','2019-01-19 16:49:08','\0'),(2248,11,'Hatillo de Loba','2019-01-19 16:49:08','2019-01-19 16:49:08','\0'),(2249,11,'Magangué','2019-01-19 16:49:08','2019-01-19 16:49:08','\0'),(2250,11,'Mahates','2019-01-19 16:49:08','2019-01-19 16:49:08','\0'),(2251,11,'Margarita','2019-01-19 16:49:08','2019-01-19 16:49:08','\0'),(2252,11,'María la Baja','2019-01-19 16:49:08','2019-01-19 16:49:08','\0'),(2253,11,'Mompós','2019-01-19 16:49:08','2019-01-19 16:49:08','\0'),(2254,11,'Montecristo','2019-01-19 16:49:08','2019-01-19 16:49:08','\0'),(2255,11,'Morales','2019-01-19 16:49:08','2019-01-19 16:49:08','\0'),(2256,11,'Norosí','2019-01-19 16:49:08','2019-01-19 16:49:08','\0'),(2257,11,'Pinillos','2019-01-19 16:49:08','2019-01-19 16:49:08','\0'),(2258,11,'Regidor','2019-01-19 16:49:08','2019-01-19 16:49:08','\0'),(2259,11,'Río Viejo','2019-01-19 16:49:08','2019-01-19 16:49:08','\0'),(2260,11,'San Cristobal','2019-01-19 16:49:08','2019-01-19 16:49:08','\0'),(2261,11,'San Estanislao','2019-01-19 16:49:08','2019-01-19 16:49:08','\0'),(2262,11,'San Fernando','2019-01-19 16:49:08','2019-01-19 16:49:08','\0'),(2263,11,'San Jacinto','2019-01-19 16:49:08','2019-01-19 16:49:08','\0'),(2264,11,'San Jacinto del Cauca','2019-01-19 16:49:08','2019-01-19 16:49:08','\0'),(2265,11,'San Juan de Nepomuceno','2019-01-19 16:49:08','2019-01-19 16:49:08','\0'),(2266,11,'San Martín de Loba','2019-01-19 16:49:08','2019-01-19 16:49:08','\0'),(2267,11,'San Pablo','2019-01-19 16:49:08','2019-01-19 16:49:08','\0'),(2268,11,'Santa Catalina','2019-01-19 16:49:08','2019-01-19 16:49:08','\0'),(2269,11,'Santa Rosa','2019-01-19 16:49:08','2019-01-19 16:49:08','\0'),(2270,11,'Santa Rosa del Sur','2019-01-19 16:49:08','2019-01-19 16:49:08','\0'),(2271,11,'Simití','2019-01-19 16:49:08','2019-01-19 16:49:08','\0'),(2272,11,'Soplaviento','2019-01-19 16:49:08','2019-01-19 16:49:08','\0'),(2273,11,'Talaigua Nuevo','2019-01-19 16:49:08','2019-01-19 16:49:08','\0'),(2274,11,'Tiquisio (Puerto Rico)','2019-01-19 16:49:08','2019-01-19 16:49:08','\0'),(2275,11,'Turbaco','2019-01-19 16:49:08','2019-01-19 16:49:08','\0'),(2276,11,'Turbaná','2019-01-19 16:49:08','2019-01-19 16:49:08','\0'),(2277,11,'Villanueva','2019-01-19 16:49:08','2019-01-19 16:49:08','\0'),(2278,11,'Zambrano','2019-01-19 16:49:08','2019-01-19 16:49:08','\0'),(2296,12,'Almeida','2019-01-19 16:49:45','2019-01-19 16:49:45','\0'),(2297,12,'Aquitania','2019-01-19 16:49:45','2019-01-19 16:49:45','\0'),(2298,12,'Arcabuco','2019-01-19 16:49:45','2019-01-19 16:49:45','\0'),(2299,12,'Belén','2019-01-19 16:49:45','2019-01-19 16:49:45','\0'),(2300,12,'Berbeo','2019-01-19 16:49:45','2019-01-19 16:49:45','\0'),(2301,12,'Beteitiva','2019-01-19 16:49:45','2019-01-19 16:49:45','\0'),(2302,12,'Boavita','2019-01-19 16:49:45','2019-01-19 16:49:45','\0'),(2303,12,'Boyacá','2019-01-19 16:49:45','2019-01-19 16:49:45','\0'),(2304,12,'Briceño','2019-01-19 16:49:45','2019-01-19 16:49:45','\0'),(2305,12,'Buenavista','2019-01-19 16:49:45','2019-01-19 16:49:45','\0'),(2306,12,'Busbanza','2019-01-19 16:49:45','2019-01-19 16:49:45','\0'),(2307,12,'Caldas','2019-01-19 16:49:45','2019-01-19 16:49:45','\0'),(2308,12,'Campohermoso','2019-01-19 16:49:45','2019-01-19 16:49:45','\0'),(2309,12,'Cerinza','2019-01-19 16:49:45','2019-01-19 16:49:45','\0'),(2310,12,'Chinavita','2019-01-19 16:49:45','2019-01-19 16:49:45','\0'),(2311,12,'Chiquinquirá','2019-01-19 16:49:45','2019-01-19 16:49:45','\0'),(2312,12,'Chiscas','2019-01-19 16:49:45','2019-01-19 16:49:45','\0'),(2313,12,'Chita','2019-01-19 16:49:45','2019-01-19 16:49:45','\0'),(2314,12,'Chitaraque','2019-01-19 16:49:45','2019-01-19 16:49:45','\0'),(2315,12,'Chivatá','2019-01-19 16:49:45','2019-01-19 16:49:45','\0'),(2316,12,'Chíquiza','2019-01-19 16:49:45','2019-01-19 16:49:45','\0'),(2317,12,'Chívor','2019-01-19 16:49:45','2019-01-19 16:49:45','\0'),(2318,12,'Ciénaga','2019-01-19 16:49:45','2019-01-19 16:49:45','\0'),(2319,12,'Coper','2019-01-19 16:49:45','2019-01-19 16:49:45','\0'),(2320,12,'Corrales','2019-01-19 16:49:45','2019-01-19 16:49:45','\0'),(2321,12,'Covarachía','2019-01-19 16:49:45','2019-01-19 16:49:45','\0'),(2322,12,'Cubará','2019-01-19 16:49:45','2019-01-19 16:49:45','\0'),(2323,12,'Cucaita','2019-01-19 16:49:45','2019-01-19 16:49:45','\0'),(2324,12,'Cuitiva','2019-01-19 16:49:45','2019-01-19 16:49:45','\0'),(2325,12,'Cómbita','2019-01-19 16:49:45','2019-01-19 16:49:45','\0'),(2326,12,'Duitama','2019-01-19 16:49:45','2019-01-19 16:49:45','\0'),(2327,12,'El Cocuy','2019-01-19 16:49:45','2019-01-19 16:49:45','\0'),(2328,12,'El Espino','2019-01-19 16:49:45','2019-01-19 16:49:45','\0'),(2329,12,'Firavitoba','2019-01-19 16:49:45','2019-01-19 16:49:45','\0'),(2330,12,'Floresta','2019-01-19 16:49:45','2019-01-19 16:49:45','\0'),(2331,12,'Gachantivá','2019-01-19 16:49:45','2019-01-19 16:49:45','\0'),(2332,12,'Garagoa','2019-01-19 16:49:45','2019-01-19 16:49:45','\0'),(2333,12,'Guacamayas','2019-01-19 16:49:45','2019-01-19 16:49:45','\0'),(2334,12,'Guateque','2019-01-19 16:49:45','2019-01-19 16:49:45','\0'),(2335,12,'Guayatá','2019-01-19 16:49:45','2019-01-19 16:49:45','\0'),(2336,12,'Guicán','2019-01-19 16:49:45','2019-01-19 16:49:45','\0'),(2337,12,'Gámeza','2019-01-19 16:49:45','2019-01-19 16:49:45','\0'),(2338,12,'Izá','2019-01-19 16:49:45','2019-01-19 16:49:45','\0'),(2339,12,'Jenesano','2019-01-19 16:49:45','2019-01-19 16:49:45','\0'),(2340,12,'Jericó','2019-01-19 16:49:45','2019-01-19 16:49:45','\0'),(2341,12,'La Capilla','2019-01-19 16:49:45','2019-01-19 16:49:45','\0'),(2342,12,'La Uvita','2019-01-19 16:49:45','2019-01-19 16:49:45','\0'),(2343,12,'La Victoria','2019-01-19 16:49:45','2019-01-19 16:49:45','\0'),(2344,12,'Labranzagrande','2019-01-19 16:49:45','2019-01-19 16:49:45','\0'),(2345,12,'Macanal','2019-01-19 16:49:45','2019-01-19 16:49:45','\0'),(2346,12,'Maripí','2019-01-19 16:49:45','2019-01-19 16:49:45','\0'),(2347,12,'Miraflores','2019-01-19 16:49:45','2019-01-19 16:49:45','\0'),(2348,12,'Mongua','2019-01-19 16:49:45','2019-01-19 16:49:45','\0'),(2349,12,'Monguí','2019-01-19 16:49:45','2019-01-19 16:49:45','\0'),(2350,12,'Moniquirá','2019-01-19 16:49:45','2019-01-19 16:49:45','\0'),(2351,12,'Motavita','2019-01-19 16:49:45','2019-01-19 16:49:45','\0'),(2352,12,'Muzo','2019-01-19 16:49:45','2019-01-19 16:49:45','\0'),(2353,12,'Nobsa','2019-01-19 16:49:45','2019-01-19 16:49:45','\0'),(2354,12,'Nuevo Colón','2019-01-19 16:49:45','2019-01-19 16:49:45','\0'),(2355,12,'Oicatá','2019-01-19 16:49:45','2019-01-19 16:49:45','\0'),(2356,12,'Otanche','2019-01-19 16:49:45','2019-01-19 16:49:45','\0'),(2357,12,'Pachavita','2019-01-19 16:49:45','2019-01-19 16:49:45','\0'),(2358,12,'Paipa','2019-01-19 16:49:45','2019-01-19 16:49:45','\0'),(2359,12,'Pajarito','2019-01-19 16:49:45','2019-01-19 16:49:45','\0'),(2360,12,'Panqueba','2019-01-19 16:49:45','2019-01-19 16:49:45','\0'),(2361,12,'Pauna','2019-01-19 16:49:45','2019-01-19 16:49:45','\0'),(2362,12,'Paya','2019-01-19 16:49:45','2019-01-19 16:49:45','\0'),(2363,12,'Paz de Río','2019-01-19 16:49:45','2019-01-19 16:49:45','\0'),(2364,12,'Pesca','2019-01-19 16:49:45','2019-01-19 16:49:45','\0'),(2365,12,'Pisva','2019-01-19 16:49:45','2019-01-19 16:49:45','\0'),(2366,12,'Puerto Boyacá','2019-01-19 16:49:45','2019-01-19 16:49:45','\0'),(2367,12,'Páez','2019-01-19 16:49:45','2019-01-19 16:49:45','\0'),(2368,12,'Quipama','2019-01-19 16:49:45','2019-01-19 16:49:45','\0'),(2369,12,'Ramiriquí','2019-01-19 16:49:45','2019-01-19 16:49:45','\0'),(2370,12,'Rondón','2019-01-19 16:49:45','2019-01-19 16:49:45','\0'),(2371,12,'Ráquira','2019-01-19 16:49:45','2019-01-19 16:49:45','\0'),(2372,12,'Saboyá','2019-01-19 16:49:45','2019-01-19 16:49:45','\0'),(2373,12,'Samacá','2019-01-19 16:49:45','2019-01-19 16:49:45','\0'),(2374,12,'San Eduardo','2019-01-19 16:49:45','2019-01-19 16:49:45','\0'),(2375,12,'San José de Pare','2019-01-19 16:49:45','2019-01-19 16:49:45','\0'),(2376,12,'San Luís de Gaceno','2019-01-19 16:49:45','2019-01-19 16:49:45','\0'),(2377,12,'San Mateo','2019-01-19 16:49:45','2019-01-19 16:49:45','\0'),(2378,12,'San Miguel de Sema','2019-01-19 16:49:45','2019-01-19 16:49:45','\0'),(2379,12,'San Pablo de Borbur','2019-01-19 16:49:45','2019-01-19 16:49:45','\0'),(2380,12,'Santa María','2019-01-19 16:49:45','2019-01-19 16:49:45','\0'),(2381,12,'Santa Rosa de Viterbo','2019-01-19 16:49:45','2019-01-19 16:49:45','\0'),(2382,12,'Santa Sofía','2019-01-19 16:49:45','2019-01-19 16:49:45','\0'),(2383,12,'Santana','2019-01-19 16:49:45','2019-01-19 16:49:45','\0'),(2384,12,'Sativanorte','2019-01-19 16:49:45','2019-01-19 16:49:45','\0'),(2385,12,'Sativasur','2019-01-19 16:49:45','2019-01-19 16:49:45','\0'),(2386,12,'Siachoque','2019-01-19 16:49:45','2019-01-19 16:49:45','\0'),(2387,12,'Soatá','2019-01-19 16:49:45','2019-01-19 16:49:45','\0'),(2388,12,'Socha','2019-01-19 16:49:45','2019-01-19 16:49:45','\0'),(2389,12,'Socotá','2019-01-19 16:49:45','2019-01-19 16:49:45','\0'),(2390,12,'Sogamoso','2019-01-19 16:49:45','2019-01-19 16:49:45','\0'),(2391,12,'Somondoco','2019-01-19 16:49:45','2019-01-19 16:49:45','\0'),(2392,12,'Sora','2019-01-19 16:49:45','2019-01-19 16:49:45','\0'),(2393,12,'Soracá','2019-01-19 16:49:45','2019-01-19 16:49:45','\0'),(2394,12,'Sotaquirá','2019-01-19 16:49:45','2019-01-19 16:49:45','\0'),(2395,12,'Susacón','2019-01-19 16:49:45','2019-01-19 16:49:45','\0'),(2396,12,'Sutamarchán','2019-01-19 16:49:45','2019-01-19 16:49:45','\0'),(2397,12,'Sutatenza','2019-01-19 16:49:45','2019-01-19 16:49:45','\0'),(2398,12,'Sáchica','2019-01-19 16:49:45','2019-01-19 16:49:45','\0'),(2399,12,'Tasco','2019-01-19 16:49:45','2019-01-19 16:49:45','\0'),(2400,12,'Tenza','2019-01-19 16:49:45','2019-01-19 16:49:45','\0'),(2401,12,'Tibaná','2019-01-19 16:49:45','2019-01-19 16:49:45','\0'),(2402,12,'Tibasosa','2019-01-19 16:49:45','2019-01-19 16:49:45','\0'),(2403,12,'Tinjacá','2019-01-19 16:49:45','2019-01-19 16:49:45','\0'),(2404,12,'Tipacoque','2019-01-19 16:49:45','2019-01-19 16:49:45','\0'),(2405,12,'Toca','2019-01-19 16:49:45','2019-01-19 16:49:45','\0'),(2406,12,'Toguí','2019-01-19 16:49:45','2019-01-19 16:49:45','\0'),(2407,12,'Topagá','2019-01-19 16:49:45','2019-01-19 16:49:45','\0'),(2408,12,'Tota','2019-01-19 16:49:45','2019-01-19 16:49:45','\0'),(2409,12,'Tunja','2019-01-19 16:49:45','2019-01-19 16:49:45','\0'),(2410,12,'Tunungua','2019-01-19 16:49:45','2019-01-19 16:49:45','\0'),(2411,12,'Turmequé','2019-01-19 16:49:45','2019-01-19 16:49:45','\0'),(2412,12,'Tuta','2019-01-19 16:49:45','2019-01-19 16:49:45','\0'),(2413,12,'Tutasá','2019-01-19 16:49:45','2019-01-19 16:49:45','\0'),(2414,12,'Ventaquemada','2019-01-19 16:49:45','2019-01-19 16:49:45','\0'),(2415,12,'Villa de Leiva','2019-01-19 16:49:45','2019-01-19 16:49:45','\0'),(2416,12,'Viracachá','2019-01-19 16:49:45','2019-01-19 16:49:45','\0'),(2417,12,'Zetaquirá','2019-01-19 16:49:45','2019-01-19 16:49:45','\0'),(2418,12,'Úmbita','2019-01-19 16:49:45','2019-01-19 16:49:45','\0'),(2423,13,'Aguadas','2019-01-19 16:50:28','2019-01-19 16:50:28','\0'),(2424,13,'Anserma','2019-01-19 16:50:28','2019-01-19 16:50:28','\0'),(2425,13,'Aranzazu','2019-01-19 16:50:28','2019-01-19 16:50:28','\0'),(2426,13,'Belalcázar','2019-01-19 16:50:28','2019-01-19 16:50:28','\0'),(2427,13,'Chinchiná','2019-01-19 16:50:28','2019-01-19 16:50:28','\0'),(2428,13,'Filadelfia','2019-01-19 16:50:28','2019-01-19 16:50:28','\0'),(2429,13,'La Dorada','2019-01-19 16:50:28','2019-01-19 16:50:28','\0'),(2430,13,'La Merced','2019-01-19 16:50:28','2019-01-19 16:50:28','\0'),(2431,13,'La Victoria','2019-01-19 16:50:28','2019-01-19 16:50:28','\0'),(2432,13,'Manizales','2019-01-19 16:50:28','2019-01-19 16:50:28','\0'),(2433,13,'Manzanares','2019-01-19 16:50:28','2019-01-19 16:50:28','\0'),(2434,13,'Marmato','2019-01-19 16:50:28','2019-01-19 16:50:28','\0'),(2435,13,'Marquetalia','2019-01-19 16:50:28','2019-01-19 16:50:28','\0'),(2436,13,'Marulanda','2019-01-19 16:50:28','2019-01-19 16:50:28','\0'),(2437,13,'Neira','2019-01-19 16:50:28','2019-01-19 16:50:28','\0'),(2438,13,'Norcasia','2019-01-19 16:50:28','2019-01-19 16:50:28','\0'),(2439,13,'Palestina','2019-01-19 16:50:28','2019-01-19 16:50:28','\0'),(2440,13,'Pensilvania','2019-01-19 16:50:28','2019-01-19 16:50:28','\0'),(2441,13,'Pácora','2019-01-19 16:50:28','2019-01-19 16:50:28','\0'),(2442,13,'Risaralda','2019-01-19 16:50:28','2019-01-19 16:50:28','\0'),(2443,13,'Río Sucio','2019-01-19 16:50:28','2019-01-19 16:50:28','\0'),(2444,13,'Salamina','2019-01-19 16:50:28','2019-01-19 16:50:28','\0'),(2445,13,'Samaná','2019-01-19 16:50:28','2019-01-19 16:50:28','\0'),(2446,13,'San José','2019-01-19 16:50:28','2019-01-19 16:50:28','\0'),(2447,13,'Supía','2019-01-19 16:50:28','2019-01-19 16:50:28','\0'),(2448,13,'Villamaría','2019-01-19 16:50:28','2019-01-19 16:50:28','\0'),(2449,13,'Viterbo','2019-01-19 16:50:28','2019-01-19 16:50:28','\0'),(2454,14,'Albania','2019-01-19 16:51:03','2019-01-19 16:51:03','\0'),(2455,14,'Belén de los Andaquíes','2019-01-19 16:51:03','2019-01-19 16:51:03','\0'),(2456,14,'Cartagena del Chairá','2019-01-19 16:51:03','2019-01-19 16:51:03','\0'),(2457,14,'Curillo','2019-01-19 16:51:03','2019-01-19 16:51:03','\0'),(2458,14,'El Doncello','2019-01-19 16:51:03','2019-01-19 16:51:03','\0'),(2459,14,'El Paujil','2019-01-19 16:51:03','2019-01-19 16:51:03','\0'),(2460,14,'Florencia','2019-01-19 16:51:03','2019-01-19 16:51:03','\0'),(2461,14,'La Montañita','2019-01-19 16:51:03','2019-01-19 16:51:03','\0'),(2462,14,'Milán','2019-01-19 16:51:03','2019-01-19 16:51:03','\0'),(2463,14,'Morelia','2019-01-19 16:51:03','2019-01-19 16:51:03','\0'),(2464,14,'Puerto Rico','2019-01-19 16:51:03','2019-01-19 16:51:03','\0'),(2465,14,'San José del Fragua','2019-01-19 16:51:03','2019-01-19 16:51:03','\0'),(2466,14,'San Vicente del Caguán','2019-01-19 16:51:03','2019-01-19 16:51:03','\0'),(2467,14,'Solano','2019-01-19 16:51:03','2019-01-19 16:51:03','\0'),(2468,14,'Solita','2019-01-19 16:51:03','2019-01-19 16:51:03','\0'),(2469,14,'Valparaiso','2019-01-19 16:51:03','2019-01-19 16:51:03','\0'),(2485,15,'Aguazul','2019-01-19 16:51:55','2019-01-19 16:51:55','\0'),(2486,15,'Chámeza','2019-01-19 16:51:55','2019-01-19 16:51:55','\0'),(2487,15,'Hato Corozal','2019-01-19 16:51:55','2019-01-19 16:51:55','\0'),(2488,15,'La Salina','2019-01-19 16:51:55','2019-01-19 16:51:55','\0'),(2489,15,'Maní','2019-01-19 16:51:55','2019-01-19 16:51:55','\0'),(2490,15,'Monterrey','2019-01-19 16:51:55','2019-01-19 16:51:55','\0'),(2491,15,'Nunchía','2019-01-19 16:51:55','2019-01-19 16:51:55','\0'),(2492,15,'Orocué','2019-01-19 16:51:55','2019-01-19 16:51:55','\0'),(2493,15,'Paz de Ariporo','2019-01-19 16:51:55','2019-01-19 16:51:55','\0'),(2494,15,'Pore','2019-01-19 16:51:55','2019-01-19 16:51:55','\0'),(2495,15,'Recetor','2019-01-19 16:51:55','2019-01-19 16:51:55','\0'),(2496,15,'Sabanalarga','2019-01-19 16:51:55','2019-01-19 16:51:55','\0'),(2497,15,'San Luís de Palenque','2019-01-19 16:51:55','2019-01-19 16:51:55','\0'),(2498,15,'Sácama','2019-01-19 16:51:55','2019-01-19 16:51:55','\0'),(2499,15,'Tauramena','2019-01-19 16:51:55','2019-01-19 16:51:55','\0'),(2500,15,'Trinidad','2019-01-19 16:51:55','2019-01-19 16:51:55','\0'),(2501,15,'Támara','2019-01-19 16:51:55','2019-01-19 16:51:55','\0'),(2502,15,'Villanueva','2019-01-19 16:51:55','2019-01-19 16:51:55','\0'),(2503,15,'Yopal','2019-01-19 16:51:55','2019-01-19 16:51:55','\0'),(2516,16,'Almaguer','2019-01-19 16:52:57','2019-01-19 16:52:57','\0'),(2517,16,'Argelia','2019-01-19 16:52:57','2019-01-19 16:52:57','\0'),(2518,16,'Balboa','2019-01-19 16:52:57','2019-01-19 16:52:57','\0'),(2519,16,'Bolívar','2019-01-19 16:52:57','2019-01-19 16:52:57','\0'),(2520,16,'Buenos Aires','2019-01-19 16:52:57','2019-01-19 16:52:57','\0'),(2521,16,'Cajibío','2019-01-19 16:52:57','2019-01-19 16:52:57','\0'),(2522,16,'Caldono','2019-01-19 16:52:57','2019-01-19 16:52:57','\0'),(2523,16,'Caloto','2019-01-19 16:52:57','2019-01-19 16:52:57','\0'),(2524,16,'Corinto','2019-01-19 16:52:57','2019-01-19 16:52:57','\0'),(2525,16,'El Tambo','2019-01-19 16:52:57','2019-01-19 16:52:57','\0'),(2526,16,'Florencia','2019-01-19 16:52:57','2019-01-19 16:52:57','\0'),(2527,16,'Guachené','2019-01-19 16:52:57','2019-01-19 16:52:57','\0'),(2528,16,'Guapí','2019-01-19 16:52:57','2019-01-19 16:52:57','\0'),(2529,16,'Inzá','2019-01-19 16:52:57','2019-01-19 16:52:57','\0'),(2530,16,'Jambaló','2019-01-19 16:52:57','2019-01-19 16:52:57','\0'),(2531,16,'La Sierra','2019-01-19 16:52:57','2019-01-19 16:52:57','\0'),(2532,16,'La Vega','2019-01-19 16:52:57','2019-01-19 16:52:57','\0'),(2533,16,'López (Micay)','2019-01-19 16:52:57','2019-01-19 16:52:57','\0'),(2534,16,'Mercaderes','2019-01-19 16:52:57','2019-01-19 16:52:57','\0'),(2535,16,'Miranda','2019-01-19 16:52:57','2019-01-19 16:52:57','\0'),(2536,16,'Morales','2019-01-19 16:52:57','2019-01-19 16:52:57','\0'),(2537,16,'Padilla','2019-01-19 16:52:57','2019-01-19 16:52:57','\0'),(2538,16,'Patía (El Bordo)','2019-01-19 16:52:57','2019-01-19 16:52:57','\0'),(2539,16,'Piamonte','2019-01-19 16:52:57','2019-01-19 16:52:57','\0'),(2540,16,'Piendamó','2019-01-19 16:52:57','2019-01-19 16:52:57','\0'),(2541,16,'Popayán','2019-01-19 16:52:57','2019-01-19 16:52:57','\0'),(2542,16,'Puerto Tejada','2019-01-19 16:52:57','2019-01-19 16:52:57','\0'),(2543,16,'Puracé (Coconuco)','2019-01-19 16:52:57','2019-01-19 16:52:57','\0'),(2544,16,'Páez (Belalcazar)','2019-01-19 16:52:57','2019-01-19 16:52:57','\0'),(2545,16,'Rosas','2019-01-19 16:52:57','2019-01-19 16:52:57','\0'),(2546,16,'San Sebastián','2019-01-19 16:52:57','2019-01-19 16:52:57','\0'),(2547,16,'Santa Rosa','2019-01-19 16:52:57','2019-01-19 16:52:57','\0'),(2548,16,'Santander de Quilichao','2019-01-19 16:52:57','2019-01-19 16:52:57','\0'),(2549,16,'Silvia','2019-01-19 16:52:57','2019-01-19 16:52:57','\0'),(2550,16,'Sotara (Paispamba)','2019-01-19 16:52:57','2019-01-19 16:52:57','\0'),(2551,16,'Sucre','2019-01-19 16:52:57','2019-01-19 16:52:57','\0'),(2552,16,'Suárez','2019-01-19 16:52:57','2019-01-19 16:52:57','\0'),(2553,16,'Timbiquí','2019-01-19 16:52:57','2019-01-19 16:52:57','\0'),(2554,16,'Timbío','2019-01-19 16:52:57','2019-01-19 16:52:57','\0'),(2555,16,'Toribío','2019-01-19 16:52:57','2019-01-19 16:52:57','\0'),(2556,16,'Totoró','2019-01-19 16:52:57','2019-01-19 16:52:57','\0'),(2557,16,'Villa Rica','2019-01-19 16:52:57','2019-01-19 16:52:57','\0'),(2579,17,'Aguachica','2019-01-19 16:53:49','2019-01-19 16:53:49','\0'),(2580,17,'Agustín Codazzi','2019-01-19 16:53:49','2019-01-19 16:53:49','\0'),(2581,17,'Astrea','2019-01-19 16:53:49','2019-01-19 16:53:49','\0'),(2582,17,'Becerríl','2019-01-19 16:53:49','2019-01-19 16:53:49','\0'),(2583,17,'Bosconia','2019-01-19 16:53:49','2019-01-19 16:53:49','\0'),(2584,17,'Chimichagua','2019-01-19 16:53:49','2019-01-19 16:53:49','\0'),(2585,17,'Chiriguaná','2019-01-19 16:53:49','2019-01-19 16:53:49','\0'),(2586,17,'Curumaní','2019-01-19 16:53:49','2019-01-19 16:53:49','\0'),(2587,17,'El Copey','2019-01-19 16:53:49','2019-01-19 16:53:49','\0'),(2588,17,'El Paso','2019-01-19 16:53:49','2019-01-19 16:53:49','\0'),(2589,17,'Gamarra','2019-01-19 16:53:49','2019-01-19 16:53:49','\0'),(2590,17,'Gonzalez','2019-01-19 16:53:49','2019-01-19 16:53:49','\0'),(2591,17,'La Gloria','2019-01-19 16:53:49','2019-01-19 16:53:49','\0'),(2592,17,'La Jagua de Ibirico','2019-01-19 16:53:49','2019-01-19 16:53:49','\0'),(2593,17,'La Paz (Robles)','2019-01-19 16:53:49','2019-01-19 16:53:49','\0'),(2594,17,'Manaure Balcón del Cesar','2019-01-19 16:53:49','2019-01-19 16:53:49','\0'),(2595,17,'Pailitas','2019-01-19 16:53:49','2019-01-19 16:53:49','\0'),(2596,17,'Pelaya','2019-01-19 16:53:49','2019-01-19 16:53:49','\0'),(2597,17,'Pueblo Bello','2019-01-19 16:53:49','2019-01-19 16:53:49','\0'),(2598,17,'Río de oro','2019-01-19 16:53:49','2019-01-19 16:53:49','\0'),(2599,17,'San Alberto','2019-01-19 16:53:49','2019-01-19 16:53:49','\0'),(2600,17,'San Diego','2019-01-19 16:53:49','2019-01-19 16:53:49','\0'),(2601,17,'San Martín','2019-01-19 16:53:49','2019-01-19 16:53:49','\0'),(2602,17,'Tamalameque','2019-01-19 16:53:49','2019-01-19 16:53:49','\0'),(2603,17,'Valledupar','2019-01-19 16:53:49','2019-01-19 16:53:49','\0'),(2610,17,'Aguachica','2019-01-19 16:53:49','2019-01-19 16:53:49','\0'),(2611,17,'Agustín Codazzi','2019-01-19 16:53:49','2019-01-19 16:53:49','\0'),(2612,17,'Astrea','2019-01-19 16:53:49','2019-01-19 16:53:49','\0'),(2613,17,'Becerríl','2019-01-19 16:53:49','2019-01-19 16:53:49','\0'),(2614,17,'Bosconia','2019-01-19 16:53:49','2019-01-19 16:53:49','\0'),(2615,17,'Chimichagua','2019-01-19 16:53:49','2019-01-19 16:53:49','\0'),(2616,17,'Chiriguaná','2019-01-19 16:53:49','2019-01-19 16:53:49','\0'),(2617,17,'Curumaní','2019-01-19 16:53:49','2019-01-19 16:53:49','\0'),(2618,17,'El Copey','2019-01-19 16:53:49','2019-01-19 16:53:49','\0'),(2619,17,'El Paso','2019-01-19 16:53:49','2019-01-19 16:53:49','\0'),(2620,17,'Gamarra','2019-01-19 16:53:49','2019-01-19 16:53:49','\0'),(2621,17,'Gonzalez','2019-01-19 16:53:49','2019-01-19 16:53:49','\0'),(2622,17,'La Gloria','2019-01-19 16:53:49','2019-01-19 16:53:49','\0'),(2623,17,'La Jagua de Ibirico','2019-01-19 16:53:49','2019-01-19 16:53:49','\0'),(2624,17,'La Paz (Robles)','2019-01-19 16:53:49','2019-01-19 16:53:49','\0'),(2625,17,'Manaure Balcón del Cesar','2019-01-19 16:53:49','2019-01-19 16:53:49','\0'),(2626,17,'Pailitas','2019-01-19 16:53:49','2019-01-19 16:53:49','\0'),(2627,17,'Pelaya','2019-01-19 16:53:49','2019-01-19 16:53:49','\0'),(2628,17,'Pueblo Bello','2019-01-19 16:53:49','2019-01-19 16:53:49','\0'),(2629,17,'Río de oro','2019-01-19 16:53:49','2019-01-19 16:53:49','\0'),(2630,17,'San Alberto','2019-01-19 16:53:49','2019-01-19 16:53:49','\0'),(2631,17,'San Diego','2019-01-19 16:53:49','2019-01-19 16:53:49','\0'),(2632,17,'San Martín','2019-01-19 16:53:49','2019-01-19 16:53:49','\0'),(2633,17,'Tamalameque','2019-01-19 16:53:49','2019-01-19 16:53:49','\0'),(2634,17,'Valledupar','2019-01-19 16:53:49','2019-01-19 16:53:49','\0'),(2641,18,'Acandí','2019-01-19 16:54:32','2019-01-19 16:54:32','\0'),(2642,18,'Alto Baudó (Pie de Pato)','2019-01-19 16:54:32','2019-01-19 16:54:32','\0'),(2643,18,'Atrato (Yuto)','2019-01-19 16:54:32','2019-01-19 16:54:32','\0'),(2644,18,'Bagadó','2019-01-19 16:54:32','2019-01-19 16:54:32','\0'),(2645,18,'Bahía Solano (Mútis)','2019-01-19 16:54:32','2019-01-19 16:54:32','\0'),(2646,18,'Bajo Baudó (Pizarro)','2019-01-19 16:54:32','2019-01-19 16:54:32','\0'),(2647,18,'Belén de Bajirá','2019-01-19 16:54:32','2019-01-19 16:54:32','\0'),(2648,18,'Bojayá (Bellavista)','2019-01-19 16:54:32','2019-01-19 16:54:32','\0'),(2649,18,'Cantón de San Pablo','2019-01-19 16:54:32','2019-01-19 16:54:32','\0'),(2650,18,'Carmen del Darién (CURBARADÓ)','2019-01-19 16:54:32','2019-01-19 16:54:32','\0'),(2651,18,'Condoto','2019-01-19 16:54:32','2019-01-19 16:54:32','\0'),(2652,18,'Cértegui','2019-01-19 16:54:32','2019-01-19 16:54:32','\0'),(2653,18,'El Carmen de Atrato','2019-01-19 16:54:32','2019-01-19 16:54:32','\0'),(2654,18,'Istmina','2019-01-19 16:54:32','2019-01-19 16:54:32','\0'),(2655,18,'Juradó','2019-01-19 16:54:32','2019-01-19 16:54:32','\0'),(2656,18,'Lloró','2019-01-19 16:54:32','2019-01-19 16:54:32','\0'),(2657,18,'Medio Atrato','2019-01-19 16:54:32','2019-01-19 16:54:32','\0'),(2658,18,'Medio Baudó','2019-01-19 16:54:32','2019-01-19 16:54:32','\0'),(2659,18,'Medio San Juan (ANDAGOYA)','2019-01-19 16:54:32','2019-01-19 16:54:32','\0'),(2660,18,'Novita','2019-01-19 16:54:32','2019-01-19 16:54:32','\0'),(2661,18,'Nuquí','2019-01-19 16:54:32','2019-01-19 16:54:32','\0'),(2662,18,'Quibdó','2019-01-19 16:54:32','2019-01-19 16:54:32','\0'),(2663,18,'Río Iró','2019-01-19 16:54:32','2019-01-19 16:54:32','\0'),(2664,18,'Río Quito','2019-01-19 16:54:32','2019-01-19 16:54:32','\0'),(2665,18,'Ríosucio','2019-01-19 16:54:32','2019-01-19 16:54:32','\0'),(2666,18,'San José del Palmar','2019-01-19 16:54:32','2019-01-19 16:54:32','\0'),(2667,18,'Santa Genoveva de Docorodó','2019-01-19 16:54:32','2019-01-19 16:54:32','\0'),(2668,18,'Sipí','2019-01-19 16:54:32','2019-01-19 16:54:32','\0'),(2669,18,'Tadó','2019-01-19 16:54:32','2019-01-19 16:54:32','\0'),(2670,18,'Unguía','2019-01-19 16:54:32','2019-01-19 16:54:32','\0'),(2671,18,'Unión Panamericana (ÁNIMAS)','2019-01-19 16:54:32','2019-01-19 16:54:32','\0'),(2672,19,'Ayapel','2019-01-19 16:55:03','2019-01-19 16:55:03','\0'),(2673,19,'Buenavista','2019-01-19 16:55:03','2019-01-19 16:55:03','\0'),(2674,19,'Canalete','2019-01-19 16:55:03','2019-01-19 16:55:03','\0'),(2675,19,'Cereté','2019-01-19 16:55:03','2019-01-19 16:55:03','\0'),(2676,19,'Chimá','2019-01-19 16:55:03','2019-01-19 16:55:03','\0'),(2677,19,'Chinú','2019-01-19 16:55:03','2019-01-19 16:55:03','\0'),(2678,19,'Ciénaga de Oro','2019-01-19 16:55:03','2019-01-19 16:55:03','\0'),(2679,19,'Cotorra','2019-01-19 16:55:03','2019-01-19 16:55:03','\0'),(2680,19,'La Apartada y La Frontera','2019-01-19 16:55:03','2019-01-19 16:55:03','\0'),(2681,19,'Lorica','2019-01-19 16:55:03','2019-01-19 16:55:03','\0'),(2682,19,'Los Córdobas','2019-01-19 16:55:03','2019-01-19 16:55:03','\0'),(2683,19,'Momil','2019-01-19 16:55:03','2019-01-19 16:55:03','\0'),(2684,19,'Montelíbano','2019-01-19 16:55:03','2019-01-19 16:55:03','\0'),(2685,19,'Monteria','2019-01-19 16:55:03','2019-01-19 16:55:03','\0'),(2686,19,'Moñitos','2019-01-19 16:55:03','2019-01-19 16:55:03','\0'),(2687,19,'Planeta Rica','2019-01-19 16:55:03','2019-01-19 16:55:03','\0'),(2688,19,'Pueblo Nuevo','2019-01-19 16:55:03','2019-01-19 16:55:03','\0'),(2689,19,'Puerto Escondido','2019-01-19 16:55:03','2019-01-19 16:55:03','\0'),(2690,19,'Puerto Libertador','2019-01-19 16:55:03','2019-01-19 16:55:03','\0'),(2691,19,'Purísima','2019-01-19 16:55:03','2019-01-19 16:55:03','\0'),(2692,19,'Sahagún','2019-01-19 16:55:03','2019-01-19 16:55:03','\0'),(2693,19,'San Andrés Sotavento','2019-01-19 16:55:03','2019-01-19 16:55:03','\0'),(2694,19,'San Antero','2019-01-19 16:55:03','2019-01-19 16:55:03','\0'),(2695,19,'San Bernardo del Viento','2019-01-19 16:55:03','2019-01-19 16:55:03','\0'),(2696,19,'San Carlos','2019-01-19 16:55:03','2019-01-19 16:55:03','\0'),(2697,19,'San José de Uré','2019-01-19 16:55:03','2019-01-19 16:55:03','\0'),(2698,19,'San Pelayo','2019-01-19 16:55:03','2019-01-19 16:55:03','\0'),(2699,19,'Tierralta','2019-01-19 16:55:03','2019-01-19 16:55:03','\0'),(2700,19,'Tuchín','2019-01-19 16:55:03','2019-01-19 16:55:03','\0'),(2701,19,'Valencia','2019-01-19 16:55:03','2019-01-19 16:55:03','\0'),(2703,20,'Agua de Dios','2019-01-19 16:58:13','2019-01-19 16:58:13','\0'),(2704,20,'Albán','2019-01-19 16:58:13','2019-01-19 16:58:13','\0'),(2705,20,'Anapoima','2019-01-19 16:58:13','2019-01-19 16:58:13','\0'),(2706,20,'Anolaima','2019-01-19 16:58:13','2019-01-19 16:58:13','\0'),(2707,20,'Apulo','2019-01-19 16:58:13','2019-01-19 16:58:13','\0'),(2708,20,'Arbeláez','2019-01-19 16:58:13','2019-01-19 16:58:13','\0'),(2709,20,'Beltrán','2019-01-19 16:58:13','2019-01-19 16:58:13','\0'),(2710,20,'Bituima','2019-01-19 16:58:13','2019-01-19 16:58:13','\0'),(2711,20,'Bojacá','2019-01-19 16:58:13','2019-01-19 16:58:13','\0'),(2712,20,'Cabrera','2019-01-19 16:58:13','2019-01-19 16:58:13','\0'),(2713,20,'Cachipay','2019-01-19 16:58:13','2019-01-19 16:58:13','\0'),(2714,20,'Cajicá','2019-01-19 16:58:13','2019-01-19 16:58:13','\0'),(2715,20,'Caparrapí','2019-01-19 16:58:13','2019-01-19 16:58:13','\0'),(2716,20,'Carmen de Carupa','2019-01-19 16:58:13','2019-01-19 16:58:13','\0'),(2717,20,'Chaguaní','2019-01-19 16:58:13','2019-01-19 16:58:13','\0'),(2718,20,'Chipaque','2019-01-19 16:58:13','2019-01-19 16:58:13','\0'),(2719,20,'Choachí','2019-01-19 16:58:13','2019-01-19 16:58:13','\0'),(2720,20,'Chocontá','2019-01-19 16:58:13','2019-01-19 16:58:13','\0'),(2721,20,'Chía','2019-01-19 16:58:13','2019-01-19 16:58:13','\0'),(2722,20,'Cogua','2019-01-19 16:58:13','2019-01-19 16:58:13','\0'),(2723,20,'Cota','2019-01-19 16:58:13','2019-01-19 16:58:13','\0'),(2724,20,'Cucunubá','2019-01-19 16:58:13','2019-01-19 16:58:13','\0'),(2725,20,'Cáqueza','2019-01-19 16:58:13','2019-01-19 16:58:13','\0'),(2726,20,'El Colegio','2019-01-19 16:58:13','2019-01-19 16:58:13','\0'),(2727,20,'El Peñón','2019-01-19 16:58:13','2019-01-19 16:58:13','\0'),(2728,20,'El Rosal','2019-01-19 16:58:13','2019-01-19 16:58:13','\0'),(2729,20,'Facatativá','2019-01-19 16:58:13','2019-01-19 16:58:13','\0'),(2730,20,'Fosca','2019-01-19 16:58:13','2019-01-19 16:58:13','\0'),(2731,20,'Funza','2019-01-19 16:58:13','2019-01-19 16:58:13','\0'),(2732,20,'Fusagasugá','2019-01-19 16:58:13','2019-01-19 16:58:13','\0'),(2733,20,'Fómeque','2019-01-19 16:58:13','2019-01-19 16:58:13','\0'),(2734,20,'Fúquene','2019-01-19 16:58:13','2019-01-19 16:58:13','\0'),(2735,20,'Gachalá','2019-01-19 16:58:13','2019-01-19 16:58:13','\0'),(2736,20,'Gachancipá','2019-01-19 16:58:13','2019-01-19 16:58:13','\0'),(2737,20,'Gachetá','2019-01-19 16:58:13','2019-01-19 16:58:13','\0'),(2738,20,'Gama','2019-01-19 16:58:13','2019-01-19 16:58:13','\0'),(2739,20,'Girardot','2019-01-19 16:58:13','2019-01-19 16:58:13','\0'),(2740,20,'Granada','2019-01-19 16:58:13','2019-01-19 16:58:13','\0'),(2741,20,'Guachetá','2019-01-19 16:58:13','2019-01-19 16:58:13','\0'),(2742,20,'Guaduas','2019-01-19 16:58:13','2019-01-19 16:58:13','\0'),(2743,20,'Guasca','2019-01-19 16:58:13','2019-01-19 16:58:13','\0'),(2744,20,'Guataquí','2019-01-19 16:58:13','2019-01-19 16:58:13','\0'),(2745,20,'Guatavita','2019-01-19 16:58:13','2019-01-19 16:58:13','\0'),(2746,20,'Guayabal de Siquima','2019-01-19 16:58:13','2019-01-19 16:58:13','\0'),(2747,20,'Guayabetal','2019-01-19 16:58:13','2019-01-19 16:58:13','\0'),(2748,20,'Gutiérrez','2019-01-19 16:58:13','2019-01-19 16:58:13','\0'),(2749,20,'Jerusalén','2019-01-19 16:58:13','2019-01-19 16:58:13','\0'),(2750,20,'Junín','2019-01-19 16:58:13','2019-01-19 16:58:13','\0'),(2751,20,'La Calera','2019-01-19 16:58:13','2019-01-19 16:58:13','\0'),(2752,20,'La Mesa','2019-01-19 16:58:13','2019-01-19 16:58:13','\0'),(2753,20,'La Palma','2019-01-19 16:58:13','2019-01-19 16:58:13','\0'),(2754,20,'La Peña','2019-01-19 16:58:13','2019-01-19 16:58:13','\0'),(2755,20,'La Vega','2019-01-19 16:58:13','2019-01-19 16:58:13','\0'),(2756,20,'Lenguazaque','2019-01-19 16:58:13','2019-01-19 16:58:13','\0'),(2757,20,'Machetá','2019-01-19 16:58:13','2019-01-19 16:58:13','\0'),(2758,20,'Madrid','2019-01-19 16:58:13','2019-01-19 16:58:13','\0'),(2759,20,'Manta','2019-01-19 16:58:13','2019-01-19 16:58:13','\0'),(2760,20,'Medina','2019-01-19 16:58:13','2019-01-19 16:58:13','\0'),(2761,20,'Mosquera','2019-01-19 16:58:13','2019-01-19 16:58:13','\0'),(2762,20,'Nariño','2019-01-19 16:58:13','2019-01-19 16:58:13','\0'),(2763,20,'Nemocón','2019-01-19 16:58:13','2019-01-19 16:58:13','\0'),(2764,20,'Nilo','2019-01-19 16:58:13','2019-01-19 16:58:13','\0'),(2765,20,'Nimaima','2019-01-19 16:58:13','2019-01-19 16:58:13','\0'),(2766,20,'Nocaima','2019-01-19 16:58:13','2019-01-19 16:58:13','\0'),(2767,20,'Pacho','2019-01-19 16:58:13','2019-01-19 16:58:13','\0'),(2768,20,'Paime','2019-01-19 16:58:13','2019-01-19 16:58:13','\0'),(2769,20,'Pandi','2019-01-19 16:58:13','2019-01-19 16:58:13','\0'),(2770,20,'Paratebueno','2019-01-19 16:58:13','2019-01-19 16:58:13','\0'),(2771,20,'Pasca','2019-01-19 16:58:13','2019-01-19 16:58:13','\0'),(2772,20,'Puerto Salgar','2019-01-19 16:58:13','2019-01-19 16:58:13','\0'),(2773,20,'Pulí','2019-01-19 16:58:13','2019-01-19 16:58:13','\0'),(2774,20,'Quebradanegra','2019-01-19 16:58:13','2019-01-19 16:58:13','\0'),(2775,20,'Quetame','2019-01-19 16:58:13','2019-01-19 16:58:13','\0'),(2776,20,'Quipile','2019-01-19 16:58:13','2019-01-19 16:58:13','\0'),(2777,20,'Ricaurte','2019-01-19 16:58:13','2019-01-19 16:58:13','\0'),(2778,20,'San Antonio de Tequendama','2019-01-19 16:58:13','2019-01-19 16:58:13','\0'),(2779,20,'San Bernardo','2019-01-19 16:58:13','2019-01-19 16:58:13','\0'),(2780,20,'San Cayetano','2019-01-19 16:58:13','2019-01-19 16:58:13','\0'),(2781,20,'San Francisco','2019-01-19 16:58:13','2019-01-19 16:58:13','\0'),(2782,20,'San Juan de Río Seco','2019-01-19 16:58:13','2019-01-19 16:58:13','\0'),(2783,20,'Sasaima','2019-01-19 16:58:13','2019-01-19 16:58:13','\0'),(2784,20,'Sesquilé','2019-01-19 16:58:13','2019-01-19 16:58:13','\0'),(2785,20,'Sibaté','2019-01-19 16:58:13','2019-01-19 16:58:13','\0'),(2786,20,'Silvania','2019-01-19 16:58:13','2019-01-19 16:58:13','\0'),(2787,20,'Simijaca','2019-01-19 16:58:13','2019-01-19 16:58:13','\0'),(2788,20,'Soacha','2019-01-19 16:58:13','2019-01-19 16:58:13','\0'),(2789,20,'Sopó','2019-01-19 16:58:13','2019-01-19 16:58:13','\0'),(2790,20,'Subachoque','2019-01-19 16:58:13','2019-01-19 16:58:13','\0'),(2791,20,'Suesca','2019-01-19 16:58:13','2019-01-19 16:58:13','\0'),(2792,20,'Supatá','2019-01-19 16:58:13','2019-01-19 16:58:13','\0'),(2793,20,'Susa','2019-01-19 16:58:13','2019-01-19 16:58:13','\0'),(2794,20,'Sutatausa','2019-01-19 16:58:13','2019-01-19 16:58:13','\0'),(2795,20,'Tabio','2019-01-19 16:58:13','2019-01-19 16:58:13','\0'),(2796,20,'Tausa','2019-01-19 16:58:13','2019-01-19 16:58:13','\0'),(2797,20,'Tena','2019-01-19 16:58:13','2019-01-19 16:58:13','\0'),(2798,20,'Tenjo','2019-01-19 16:58:13','2019-01-19 16:58:13','\0'),(2799,20,'Tibacuy','2019-01-19 16:58:13','2019-01-19 16:58:13','\0'),(2800,20,'Tibirita','2019-01-19 16:58:13','2019-01-19 16:58:13','\0'),(2801,20,'Tocaima','2019-01-19 16:58:13','2019-01-19 16:58:13','\0'),(2802,20,'Tocancipá','2019-01-19 16:58:13','2019-01-19 16:58:13','\0'),(2803,20,'Topaipí','2019-01-19 16:58:13','2019-01-19 16:58:13','\0'),(2804,20,'Ubalá','2019-01-19 16:58:13','2019-01-19 16:58:13','\0'),(2805,20,'Ubaque','2019-01-19 16:58:13','2019-01-19 16:58:13','\0'),(2806,20,'Ubaté','2019-01-19 16:58:13','2019-01-19 16:58:13','\0'),(2807,20,'Une','2019-01-19 16:58:13','2019-01-19 16:58:13','\0'),(2808,20,'Venecia (Ospina Pérez)','2019-01-19 16:58:13','2019-01-19 16:58:13','\0'),(2809,20,'Vergara','2019-01-19 16:58:13','2019-01-19 16:58:13','\0'),(2810,20,'Viani','2019-01-19 16:58:13','2019-01-19 16:58:13','\0'),(2811,20,'Villagómez','2019-01-19 16:58:13','2019-01-19 16:58:13','\0'),(2812,20,'Villapinzón','2019-01-19 16:58:13','2019-01-19 16:58:13','\0'),(2813,20,'Villeta','2019-01-19 16:58:13','2019-01-19 16:58:13','\0'),(2814,20,'Viotá','2019-01-19 16:58:13','2019-01-19 16:58:13','\0'),(2815,20,'Yacopí','2019-01-19 16:58:13','2019-01-19 16:58:13','\0'),(2816,20,'Zipacón','2019-01-19 16:58:13','2019-01-19 16:58:13','\0'),(2817,20,'Zipaquirá','2019-01-19 16:58:13','2019-01-19 16:58:13','\0'),(2818,20,'Útica','2019-01-19 16:58:13','2019-01-19 16:58:13','\0'),(2830,21,'Inírida','2019-01-19 16:59:16','2019-01-19 16:59:16','\0'),(2831,21,'Barranco Mina','2019-01-19 17:00:55','2019-01-19 17:00:55','\0'),(2832,21,'Mapiripana','2019-01-19 17:00:55','2019-01-19 17:00:55','\0'),(2833,21,'San Felipe','2019-01-19 17:00:55','2019-01-19 17:00:55','\0'),(2834,21,'Puerto Colombia','2019-01-19 17:00:55','2019-01-19 17:00:55','\0'),(2835,21,'Guadalupe','2019-01-19 17:00:55','2019-01-19 17:00:55','\0'),(2836,21,'Cacahual','2019-01-19 17:00:55','2019-01-19 17:00:55','\0'),(2837,21,'Pana Pana','2019-01-19 17:00:55','2019-01-19 17:00:55','\0'),(2838,21,'Morichal','2019-01-19 17:00:55','2019-01-19 17:00:55','\0'),(2839,22,'Calamar','2019-01-19 17:01:51','2019-01-19 17:01:51','\0'),(2840,22,'El Retorno','2019-01-19 17:01:51','2019-01-19 17:01:51','\0'),(2841,22,'Miraflores','2019-01-19 17:01:51','2019-01-19 17:01:51','\0'),(2842,22,'San José del Guaviare','2019-01-19 17:01:51','2019-01-19 17:01:51','\0'),(2846,23,'Acevedo','2019-01-19 17:04:06','2019-01-19 17:04:06','\0'),(2847,23,'Agrado','2019-01-19 17:04:06','2019-01-19 17:04:06','\0'),(2848,23,'Aipe','2019-01-19 17:04:06','2019-01-19 17:04:06','\0'),(2849,23,'Algeciras','2019-01-19 17:04:06','2019-01-19 17:04:06','\0'),(2850,23,'Altamira','2019-01-19 17:04:06','2019-01-19 17:04:06','\0'),(2851,23,'Baraya','2019-01-19 17:04:06','2019-01-19 17:04:06','\0'),(2852,23,'Campoalegre','2019-01-19 17:04:06','2019-01-19 17:04:06','\0'),(2853,23,'Colombia','2019-01-19 17:04:06','2019-01-19 17:04:06','\0'),(2854,23,'Elías','2019-01-19 17:04:06','2019-01-19 17:04:06','\0'),(2855,23,'Garzón','2019-01-19 17:04:06','2019-01-19 17:04:06','\0'),(2856,23,'Gigante','2019-01-19 17:04:06','2019-01-19 17:04:06','\0'),(2857,23,'Guadalupe','2019-01-19 17:04:06','2019-01-19 17:04:06','\0'),(2858,23,'Hobo','2019-01-19 17:04:06','2019-01-19 17:04:06','\0'),(2859,23,'Isnos','2019-01-19 17:04:06','2019-01-19 17:04:06','\0'),(2860,23,'La Argentina','2019-01-19 17:04:06','2019-01-19 17:04:06','\0'),(2861,23,'La Plata','2019-01-19 17:04:06','2019-01-19 17:04:06','\0'),(2862,23,'Neiva','2019-01-19 17:04:06','2019-01-19 17:04:06','\0'),(2863,23,'Nátaga','2019-01-19 17:04:06','2019-01-19 17:04:06','\0'),(2864,23,'Oporapa','2019-01-19 17:04:06','2019-01-19 17:04:06','\0'),(2865,23,'Paicol','2019-01-19 17:04:06','2019-01-19 17:04:06','\0'),(2866,23,'Palermo','2019-01-19 17:04:06','2019-01-19 17:04:06','\0'),(2867,23,'Palestina','2019-01-19 17:04:06','2019-01-19 17:04:06','\0'),(2868,23,'Pital','2019-01-19 17:04:06','2019-01-19 17:04:06','\0'),(2869,23,'Pitalito','2019-01-19 17:04:06','2019-01-19 17:04:06','\0'),(2870,23,'Rivera','2019-01-19 17:04:06','2019-01-19 17:04:06','\0'),(2871,23,'Saladoblanco','2019-01-19 17:04:06','2019-01-19 17:04:06','\0'),(2872,23,'San Agustín','2019-01-19 17:04:06','2019-01-19 17:04:06','\0'),(2873,23,'Santa María','2019-01-19 17:04:06','2019-01-19 17:04:06','\0'),(2874,23,'Suaza','2019-01-19 17:04:06','2019-01-19 17:04:06','\0'),(2875,23,'Tarqui','2019-01-19 17:04:06','2019-01-19 17:04:06','\0'),(2876,23,'Tello','2019-01-19 17:04:06','2019-01-19 17:04:06','\0'),(2877,23,'Teruel','2019-01-19 17:04:06','2019-01-19 17:04:06','\0'),(2878,23,'Tesalia','2019-01-19 17:04:06','2019-01-19 17:04:06','\0'),(2879,23,'Timaná','2019-01-19 17:04:06','2019-01-19 17:04:06','\0'),(2880,23,'Villavieja','2019-01-19 17:04:06','2019-01-19 17:04:06','\0'),(2881,23,'Yaguará','2019-01-19 17:04:06','2019-01-19 17:04:06','\0'),(2882,23,'Íquira','2019-01-19 17:04:06','2019-01-19 17:04:06','\0'),(2909,24,'Albania','2019-01-19 17:04:35','2019-01-19 17:04:35','\0'),(2910,24,'Barrancas','2019-01-19 17:04:35','2019-01-19 17:04:35','\0'),(2911,24,'Dibulla','2019-01-19 17:04:35','2019-01-19 17:04:35','\0'),(2912,24,'Distracción','2019-01-19 17:04:35','2019-01-19 17:04:35','\0'),(2913,24,'El Molino','2019-01-19 17:04:35','2019-01-19 17:04:35','\0'),(2914,24,'Fonseca','2019-01-19 17:04:35','2019-01-19 17:04:35','\0'),(2915,24,'Hatonuevo','2019-01-19 17:04:35','2019-01-19 17:04:35','\0'),(2916,24,'La Jagua del Pilar','2019-01-19 17:04:35','2019-01-19 17:04:35','\0'),(2917,24,'Maicao','2019-01-19 17:04:35','2019-01-19 17:04:35','\0'),(2918,24,'Manaure','2019-01-19 17:04:35','2019-01-19 17:04:35','\0'),(2919,24,'Riohacha','2019-01-19 17:04:35','2019-01-19 17:04:35','\0'),(2920,24,'San Juan del Cesar','2019-01-19 17:04:35','2019-01-19 17:04:35','\0'),(2921,24,'Uribia','2019-01-19 17:04:35','2019-01-19 17:04:35','\0'),(2922,24,'Urumita','2019-01-19 17:04:35','2019-01-19 17:04:35','\0'),(2923,24,'Villanueva','2019-01-19 17:04:35','2019-01-19 17:04:35','\0'),(2924,25,'Algarrobo','2019-01-19 17:05:10','2019-01-19 17:05:10','\0'),(2925,25,'Aracataca','2019-01-19 17:05:10','2019-01-19 17:05:10','\0'),(2926,25,'Ariguaní (El Difícil)','2019-01-19 17:05:10','2019-01-19 17:05:10','\0'),(2927,25,'Cerro San Antonio','2019-01-19 17:05:10','2019-01-19 17:05:10','\0'),(2928,25,'Chivolo','2019-01-19 17:05:10','2019-01-19 17:05:10','\0'),(2929,25,'Ciénaga','2019-01-19 17:05:10','2019-01-19 17:05:10','\0'),(2930,25,'Concordia','2019-01-19 17:05:10','2019-01-19 17:05:10','\0'),(2931,25,'El Banco','2019-01-19 17:05:10','2019-01-19 17:05:10','\0'),(2932,25,'El Piñon','2019-01-19 17:05:10','2019-01-19 17:05:10','\0'),(2933,25,'El Retén','2019-01-19 17:05:10','2019-01-19 17:05:10','\0'),(2934,25,'Fundación','2019-01-19 17:05:10','2019-01-19 17:05:10','\0'),(2935,25,'Guamal','2019-01-19 17:05:10','2019-01-19 17:05:10','\0'),(2936,25,'Nueva Granada','2019-01-19 17:05:10','2019-01-19 17:05:10','\0'),(2937,25,'Pedraza','2019-01-19 17:05:10','2019-01-19 17:05:10','\0'),(2938,25,'Pijiño','2019-01-19 17:05:10','2019-01-19 17:05:10','\0'),(2939,25,'Pivijay','2019-01-19 17:05:10','2019-01-19 17:05:10','\0'),(2940,25,'Plato','2019-01-19 17:05:10','2019-01-19 17:05:10','\0'),(2941,25,'Puebloviejo','2019-01-19 17:05:10','2019-01-19 17:05:10','\0'),(2942,25,'Remolino','2019-01-19 17:05:10','2019-01-19 17:05:10','\0'),(2943,25,'Sabanas de San Angel (SAN ANGEL)','2019-01-19 17:05:10','2019-01-19 17:05:10','\0'),(2944,25,'Salamina','2019-01-19 17:05:10','2019-01-19 17:05:10','\0'),(2945,25,'San Sebastián de Buenavista','2019-01-19 17:05:10','2019-01-19 17:05:10','\0'),(2946,25,'San Zenón','2019-01-19 17:05:10','2019-01-19 17:05:10','\0'),(2947,25,'Santa Ana','2019-01-19 17:05:10','2019-01-19 17:05:10','\0'),(2948,25,'Santa Bárbara de Pinto','2019-01-19 17:05:10','2019-01-19 17:05:10','\0'),(2949,25,'Santa Marta','2019-01-19 17:05:10','2019-01-19 17:05:10','\0'),(2950,25,'Sitionuevo','2019-01-19 17:05:10','2019-01-19 17:05:10','\0'),(2951,25,'Tenerife','2019-01-19 17:05:10','2019-01-19 17:05:10','\0'),(2952,25,'Zapayán (PUNTA DE PIEDRAS)','2019-01-19 17:05:10','2019-01-19 17:05:10','\0'),(2953,25,'Zona Bananera (PRADO - SEVILLA)','2019-01-19 17:05:10','2019-01-19 17:05:10','\0'),(2955,26,'Acacías','2019-01-19 17:05:36','2019-01-19 17:05:36','\0'),(2956,26,'Barranca de Upía','2019-01-19 17:05:36','2019-01-19 17:05:36','\0'),(2957,26,'Cabuyaro','2019-01-19 17:05:36','2019-01-19 17:05:36','\0'),(2958,26,'Castilla la Nueva','2019-01-19 17:05:36','2019-01-19 17:05:36','\0'),(2959,26,'Cubarral','2019-01-19 17:05:36','2019-01-19 17:05:36','\0'),(2960,26,'Cumaral','2019-01-19 17:05:36','2019-01-19 17:05:36','\0'),(2961,26,'El Calvario','2019-01-19 17:05:36','2019-01-19 17:05:36','\0'),(2962,26,'El Castillo','2019-01-19 17:05:36','2019-01-19 17:05:36','\0'),(2963,26,'El Dorado','2019-01-19 17:05:36','2019-01-19 17:05:36','\0'),(2964,26,'Fuente de Oro','2019-01-19 17:05:36','2019-01-19 17:05:36','\0'),(2965,26,'Granada','2019-01-19 17:05:36','2019-01-19 17:05:36','\0'),(2966,26,'Guamal','2019-01-19 17:05:36','2019-01-19 17:05:36','\0'),(2967,26,'La Macarena','2019-01-19 17:05:36','2019-01-19 17:05:36','\0'),(2968,26,'Lejanías','2019-01-19 17:05:36','2019-01-19 17:05:36','\0'),(2969,26,'Mapiripan','2019-01-19 17:05:36','2019-01-19 17:05:36','\0'),(2970,26,'Mesetas','2019-01-19 17:05:36','2019-01-19 17:05:36','\0'),(2971,26,'Puerto Concordia','2019-01-19 17:05:36','2019-01-19 17:05:36','\0'),(2972,26,'Puerto Gaitán','2019-01-19 17:05:36','2019-01-19 17:05:36','\0'),(2973,26,'Puerto Lleras','2019-01-19 17:05:36','2019-01-19 17:05:36','\0'),(2974,26,'Puerto López','2019-01-19 17:05:36','2019-01-19 17:05:36','\0'),(2975,26,'Puerto Rico','2019-01-19 17:05:36','2019-01-19 17:05:36','\0'),(2976,26,'Restrepo','2019-01-19 17:05:36','2019-01-19 17:05:36','\0'),(2977,26,'San Carlos de Guaroa','2019-01-19 17:05:36','2019-01-19 17:05:36','\0'),(2978,26,'San Juan de Arama','2019-01-19 17:05:36','2019-01-19 17:05:36','\0'),(2979,26,'San Juanito','2019-01-19 17:05:36','2019-01-19 17:05:36','\0'),(2980,26,'San Martín','2019-01-19 17:05:36','2019-01-19 17:05:36','\0'),(2981,26,'Uribe','2019-01-19 17:05:36','2019-01-19 17:05:36','\0'),(2982,26,'Villavicencio','2019-01-19 17:05:36','2019-01-19 17:05:36','\0'),(2983,26,'Vista Hermosa','2019-01-19 17:05:36','2019-01-19 17:05:36','\0'),(2986,27,'Albán (San José)','2019-01-19 17:06:42','2019-01-19 17:06:42','\0'),(2987,27,'Ancuya','2019-01-19 17:06:42','2019-01-19 17:06:42','\0'),(2988,27,'Arboleda (Berruecos)','2019-01-19 17:06:42','2019-01-19 17:06:42','\0'),(2989,27,'Barbacoas','2019-01-19 17:06:42','2019-01-19 17:06:42','\0'),(2990,27,'Belén','2019-01-19 17:06:42','2019-01-19 17:06:42','\0'),(2991,27,'Buesaco','2019-01-19 17:06:42','2019-01-19 17:06:42','\0'),(2992,27,'Chachaguí','2019-01-19 17:06:42','2019-01-19 17:06:42','\0'),(2993,27,'Colón (Génova)','2019-01-19 17:06:42','2019-01-19 17:06:42','\0'),(2994,27,'Consaca','2019-01-19 17:06:42','2019-01-19 17:06:42','\0'),(2995,27,'Contadero','2019-01-19 17:06:42','2019-01-19 17:06:42','\0'),(2996,27,'Cuaspud (Carlosama)','2019-01-19 17:06:42','2019-01-19 17:06:42','\0'),(2997,27,'Cumbal','2019-01-19 17:06:42','2019-01-19 17:06:42','\0'),(2998,27,'Cumbitara','2019-01-19 17:06:42','2019-01-19 17:06:42','\0'),(2999,27,'Córdoba','2019-01-19 17:06:42','2019-01-19 17:06:42','\0'),(3000,27,'El Charco','2019-01-19 17:06:42','2019-01-19 17:06:42','\0'),(3001,27,'El Peñol','2019-01-19 17:06:42','2019-01-19 17:06:42','\0'),(3002,27,'El Rosario','2019-01-19 17:06:42','2019-01-19 17:06:42','\0'),(3003,27,'El Tablón de Gómez','2019-01-19 17:06:42','2019-01-19 17:06:42','\0'),(3004,27,'El Tambo','2019-01-19 17:06:42','2019-01-19 17:06:42','\0'),(3005,27,'Francisco Pizarro','2019-01-19 17:06:42','2019-01-19 17:06:42','\0'),(3006,27,'Funes','2019-01-19 17:06:42','2019-01-19 17:06:42','\0'),(3007,27,'Guachavés','2019-01-19 17:06:42','2019-01-19 17:06:42','\0'),(3008,27,'Guachucal','2019-01-19 17:06:42','2019-01-19 17:06:42','\0'),(3009,27,'Guaitarilla','2019-01-19 17:06:42','2019-01-19 17:06:42','\0'),(3010,27,'Gualmatán','2019-01-19 17:06:42','2019-01-19 17:06:42','\0'),(3011,27,'Iles','2019-01-19 17:06:42','2019-01-19 17:06:42','\0'),(3012,27,'Imúes','2019-01-19 17:06:42','2019-01-19 17:06:42','\0'),(3013,27,'Ipiales','2019-01-19 17:06:42','2019-01-19 17:06:42','\0'),(3014,27,'La Cruz','2019-01-19 17:06:42','2019-01-19 17:06:42','\0'),(3015,27,'La Florida','2019-01-19 17:06:42','2019-01-19 17:06:42','\0'),(3016,27,'La Llanada','2019-01-19 17:06:42','2019-01-19 17:06:42','\0'),(3017,27,'La Tola','2019-01-19 17:06:42','2019-01-19 17:06:42','\0'),(3018,27,'La Unión','2019-01-19 17:06:42','2019-01-19 17:06:42','\0'),(3019,27,'Leiva','2019-01-19 17:06:42','2019-01-19 17:06:42','\0'),(3020,27,'Linares','2019-01-19 17:06:42','2019-01-19 17:06:42','\0'),(3021,27,'Magüi (Payán)','2019-01-19 17:06:42','2019-01-19 17:06:42','\0'),(3022,27,'Mallama (Piedrancha)','2019-01-19 17:06:42','2019-01-19 17:06:42','\0'),(3023,27,'Mosquera','2019-01-19 17:06:42','2019-01-19 17:06:42','\0'),(3024,27,'Nariño','2019-01-19 17:06:42','2019-01-19 17:06:42','\0'),(3025,27,'Olaya Herrera','2019-01-19 17:06:42','2019-01-19 17:06:42','\0'),(3026,27,'Ospina','2019-01-19 17:06:42','2019-01-19 17:06:42','\0'),(3027,27,'Policarpa','2019-01-19 17:06:42','2019-01-19 17:06:42','\0'),(3028,27,'Potosí','2019-01-19 17:06:42','2019-01-19 17:06:42','\0'),(3029,27,'Providencia','2019-01-19 17:06:42','2019-01-19 17:06:42','\0'),(3030,27,'Puerres','2019-01-19 17:06:42','2019-01-19 17:06:42','\0'),(3031,27,'Pupiales','2019-01-19 17:06:42','2019-01-19 17:06:42','\0'),(3032,27,'Ricaurte','2019-01-19 17:06:42','2019-01-19 17:06:42','\0'),(3033,27,'Roberto Payán (San José)','2019-01-19 17:06:42','2019-01-19 17:06:42','\0'),(3034,27,'Samaniego','2019-01-19 17:06:42','2019-01-19 17:06:42','\0'),(3035,27,'San Bernardo','2019-01-19 17:06:42','2019-01-19 17:06:42','\0'),(3036,27,'San Juan de Pasto','2019-01-19 17:06:42','2019-01-19 17:06:42','\0'),(3037,27,'San Lorenzo','2019-01-19 17:06:42','2019-01-19 17:06:42','\0'),(3038,27,'San Pablo','2019-01-19 17:06:42','2019-01-19 17:06:42','\0'),(3039,27,'San Pedro de Cartago','2019-01-19 17:06:42','2019-01-19 17:06:42','\0'),(3040,27,'Sandoná','2019-01-19 17:06:42','2019-01-19 17:06:42','\0'),(3041,27,'Santa Bárbara (Iscuandé)','2019-01-19 17:06:42','2019-01-19 17:06:42','\0'),(3042,27,'Sapuyes','2019-01-19 17:06:42','2019-01-19 17:06:42','\0'),(3043,27,'Sotomayor (Los Andes)','2019-01-19 17:06:42','2019-01-19 17:06:42','\0'),(3044,27,'Taminango','2019-01-19 17:06:42','2019-01-19 17:06:42','\0'),(3045,27,'Tangua','2019-01-19 17:06:42','2019-01-19 17:06:42','\0'),(3046,27,'Tumaco','2019-01-19 17:06:42','2019-01-19 17:06:42','\0'),(3047,27,'Túquerres','2019-01-19 17:06:42','2019-01-19 17:06:42','\0'),(3048,27,'Yacuanquer','2019-01-19 17:06:42','2019-01-19 17:06:42','\0'),(3049,28,'Arboledas','2019-01-19 17:07:45','2019-01-19 17:07:45','\0'),(3050,28,'Bochalema','2019-01-19 17:07:45','2019-01-19 17:07:45','\0'),(3051,28,'Bucarasica','2019-01-19 17:07:45','2019-01-19 17:07:45','\0'),(3052,28,'Chinácota','2019-01-19 17:07:45','2019-01-19 17:07:45','\0'),(3053,28,'Chitagá','2019-01-19 17:07:45','2019-01-19 17:07:45','\0'),(3054,28,'Convención','2019-01-19 17:07:45','2019-01-19 17:07:45','\0'),(3055,28,'Cucutilla','2019-01-19 17:07:45','2019-01-19 17:07:45','\0'),(3056,28,'Cáchira','2019-01-19 17:07:45','2019-01-19 17:07:45','\0'),(3057,28,'Cácota','2019-01-19 17:07:45','2019-01-19 17:07:45','\0'),(3058,28,'Cúcuta','2019-01-19 17:07:45','2019-01-19 17:07:45','\0'),(3059,28,'Durania','2019-01-19 17:07:45','2019-01-19 17:07:45','\0'),(3060,28,'El Carmen','2019-01-19 17:07:45','2019-01-19 17:07:45','\0'),(3061,28,'El Tarra','2019-01-19 17:07:45','2019-01-19 17:07:45','\0'),(3062,28,'El Zulia','2019-01-19 17:07:45','2019-01-19 17:07:45','\0'),(3063,28,'Gramalote','2019-01-19 17:07:45','2019-01-19 17:07:45','\0'),(3064,28,'Hacarí','2019-01-19 17:07:45','2019-01-19 17:07:45','\0'),(3065,28,'Herrán','2019-01-19 17:07:45','2019-01-19 17:07:45','\0'),(3066,28,'La Esperanza','2019-01-19 17:07:45','2019-01-19 17:07:45','\0'),(3067,28,'La Playa','2019-01-19 17:07:45','2019-01-19 17:07:45','\0'),(3068,28,'Labateca','2019-01-19 17:07:45','2019-01-19 17:07:45','\0'),(3069,28,'Los Patios','2019-01-19 17:07:45','2019-01-19 17:07:45','\0'),(3070,28,'Lourdes','2019-01-19 17:07:45','2019-01-19 17:07:45','\0'),(3071,28,'Mutiscua','2019-01-19 17:07:45','2019-01-19 17:07:45','\0'),(3072,28,'Ocaña','2019-01-19 17:07:45','2019-01-19 17:07:45','\0'),(3073,28,'Pamplona','2019-01-19 17:07:45','2019-01-19 17:07:45','\0'),(3074,28,'Pamplonita','2019-01-19 17:07:45','2019-01-19 17:07:45','\0'),(3075,28,'Puerto Santander','2019-01-19 17:07:45','2019-01-19 17:07:45','\0'),(3076,28,'Ragonvalia','2019-01-19 17:07:45','2019-01-19 17:07:45','\0'),(3077,28,'Salazar','2019-01-19 17:07:45','2019-01-19 17:07:45','\0'),(3078,28,'San Calixto','2019-01-19 17:07:45','2019-01-19 17:07:45','\0'),(3079,28,'San Cayetano','2019-01-19 17:07:45','2019-01-19 17:07:45','\0'),(3080,28,'Santiago','2019-01-19 17:07:45','2019-01-19 17:07:45','\0'),(3081,28,'Sardinata','2019-01-19 17:07:45','2019-01-19 17:07:45','\0'),(3082,28,'Silos','2019-01-19 17:07:45','2019-01-19 17:07:45','\0'),(3083,28,'Teorama','2019-01-19 17:07:45','2019-01-19 17:07:45','\0'),(3084,28,'Tibú','2019-01-19 17:07:45','2019-01-19 17:07:45','\0'),(3085,28,'Toledo','2019-01-19 17:07:45','2019-01-19 17:07:45','\0'),(3086,28,'Villa Caro','2019-01-19 17:07:45','2019-01-19 17:07:45','\0'),(3087,28,'Villa del Rosario','2019-01-19 17:07:45','2019-01-19 17:07:45','\0'),(3088,28,'Ábrego','2019-01-19 17:07:45','2019-01-19 17:07:45','\0'),(3112,28,'Arboledas','2019-01-19 17:07:45','2019-01-19 17:07:45','\0'),(3113,28,'Bochalema','2019-01-19 17:07:45','2019-01-19 17:07:45','\0'),(3114,28,'Bucarasica','2019-01-19 17:07:45','2019-01-19 17:07:45','\0'),(3115,28,'Chinácota','2019-01-19 17:07:45','2019-01-19 17:07:45','\0'),(3116,28,'Chitagá','2019-01-19 17:07:45','2019-01-19 17:07:45','\0'),(3117,28,'Convención','2019-01-19 17:07:45','2019-01-19 17:07:45','\0'),(3118,28,'Cucutilla','2019-01-19 17:07:45','2019-01-19 17:07:45','\0'),(3119,28,'Cáchira','2019-01-19 17:07:45','2019-01-19 17:07:45','\0'),(3120,28,'Cácota','2019-01-19 17:07:45','2019-01-19 17:07:45','\0'),(3121,28,'Cúcuta','2019-01-19 17:07:45','2019-01-19 17:07:45','\0'),(3122,28,'Durania','2019-01-19 17:07:45','2019-01-19 17:07:45','\0'),(3123,28,'El Carmen','2019-01-19 17:07:45','2019-01-19 17:07:45','\0'),(3124,28,'El Tarra','2019-01-19 17:07:45','2019-01-19 17:07:45','\0'),(3125,28,'El Zulia','2019-01-19 17:07:45','2019-01-19 17:07:45','\0'),(3126,28,'Gramalote','2019-01-19 17:07:45','2019-01-19 17:07:45','\0'),(3127,28,'Hacarí','2019-01-19 17:07:45','2019-01-19 17:07:45','\0'),(3128,28,'Herrán','2019-01-19 17:07:45','2019-01-19 17:07:45','\0'),(3129,28,'La Esperanza','2019-01-19 17:07:45','2019-01-19 17:07:45','\0'),(3130,28,'La Playa','2019-01-19 17:07:45','2019-01-19 17:07:45','\0'),(3131,28,'Labateca','2019-01-19 17:07:45','2019-01-19 17:07:45','\0'),(3132,28,'Los Patios','2019-01-19 17:07:45','2019-01-19 17:07:45','\0'),(3133,28,'Lourdes','2019-01-19 17:07:45','2019-01-19 17:07:45','\0'),(3134,28,'Mutiscua','2019-01-19 17:07:45','2019-01-19 17:07:45','\0'),(3135,28,'Ocaña','2019-01-19 17:07:45','2019-01-19 17:07:45','\0'),(3136,28,'Pamplona','2019-01-19 17:07:45','2019-01-19 17:07:45','\0'),(3137,28,'Pamplonita','2019-01-19 17:07:45','2019-01-19 17:07:45','\0'),(3138,28,'Puerto Santander','2019-01-19 17:07:45','2019-01-19 17:07:45','\0'),(3139,28,'Ragonvalia','2019-01-19 17:07:45','2019-01-19 17:07:45','\0'),(3140,28,'Salazar','2019-01-19 17:07:45','2019-01-19 17:07:45','\0'),(3141,28,'San Calixto','2019-01-19 17:07:45','2019-01-19 17:07:45','\0'),(3142,28,'San Cayetano','2019-01-19 17:07:45','2019-01-19 17:07:45','\0'),(3143,28,'Santiago','2019-01-19 17:07:45','2019-01-19 17:07:45','\0'),(3144,28,'Sardinata','2019-01-19 17:07:45','2019-01-19 17:07:45','\0'),(3145,28,'Silos','2019-01-19 17:07:45','2019-01-19 17:07:45','\0'),(3146,28,'Teorama','2019-01-19 17:07:45','2019-01-19 17:07:45','\0'),(3147,28,'Tibú','2019-01-19 17:07:45','2019-01-19 17:07:45','\0'),(3148,28,'Toledo','2019-01-19 17:07:45','2019-01-19 17:07:45','\0'),(3149,28,'Villa Caro','2019-01-19 17:07:45','2019-01-19 17:07:45','\0'),(3150,28,'Villa del Rosario','2019-01-19 17:07:45','2019-01-19 17:07:45','\0'),(3151,28,'Ábrego','2019-01-19 17:07:45','2019-01-19 17:07:45','\0'),(3175,28,'Arboledas','2019-01-19 17:07:45','2019-01-19 17:07:45','\0'),(3176,28,'Bochalema','2019-01-19 17:07:45','2019-01-19 17:07:45','\0'),(3177,28,'Bucarasica','2019-01-19 17:07:45','2019-01-19 17:07:45','\0'),(3178,28,'Chinácota','2019-01-19 17:07:45','2019-01-19 17:07:45','\0'),(3179,28,'Chitagá','2019-01-19 17:07:45','2019-01-19 17:07:45','\0'),(3180,28,'Convención','2019-01-19 17:07:45','2019-01-19 17:07:45','\0'),(3181,28,'Cucutilla','2019-01-19 17:07:45','2019-01-19 17:07:45','\0'),(3182,28,'Cáchira','2019-01-19 17:07:45','2019-01-19 17:07:45','\0'),(3183,28,'Cácota','2019-01-19 17:07:45','2019-01-19 17:07:45','\0'),(3184,28,'Cúcuta','2019-01-19 17:07:45','2019-01-19 17:07:45','\0'),(3185,28,'Durania','2019-01-19 17:07:45','2019-01-19 17:07:45','\0'),(3186,28,'El Carmen','2019-01-19 17:07:45','2019-01-19 17:07:45','\0'),(3187,28,'El Tarra','2019-01-19 17:07:45','2019-01-19 17:07:45','\0'),(3188,28,'El Zulia','2019-01-19 17:07:45','2019-01-19 17:07:45','\0'),(3189,28,'Gramalote','2019-01-19 17:07:45','2019-01-19 17:07:45','\0'),(3190,28,'Hacarí','2019-01-19 17:07:45','2019-01-19 17:07:45','\0'),(3191,28,'Herrán','2019-01-19 17:07:45','2019-01-19 17:07:45','\0'),(3192,28,'La Esperanza','2019-01-19 17:07:45','2019-01-19 17:07:45','\0'),(3193,28,'La Playa','2019-01-19 17:07:45','2019-01-19 17:07:45','\0'),(3194,28,'Labateca','2019-01-19 17:07:45','2019-01-19 17:07:45','\0'),(3195,28,'Los Patios','2019-01-19 17:07:45','2019-01-19 17:07:45','\0'),(3196,28,'Lourdes','2019-01-19 17:07:45','2019-01-19 17:07:45','\0'),(3197,28,'Mutiscua','2019-01-19 17:07:45','2019-01-19 17:07:45','\0'),(3198,28,'Ocaña','2019-01-19 17:07:45','2019-01-19 17:07:45','\0'),(3199,28,'Pamplona','2019-01-19 17:07:45','2019-01-19 17:07:45','\0'),(3200,28,'Pamplonita','2019-01-19 17:07:45','2019-01-19 17:07:45','\0'),(3201,28,'Puerto Santander','2019-01-19 17:07:45','2019-01-19 17:07:45','\0'),(3202,28,'Ragonvalia','2019-01-19 17:07:45','2019-01-19 17:07:45','\0'),(3203,28,'Salazar','2019-01-19 17:07:45','2019-01-19 17:07:45','\0'),(3204,28,'San Calixto','2019-01-19 17:07:45','2019-01-19 17:07:45','\0'),(3205,28,'San Cayetano','2019-01-19 17:07:45','2019-01-19 17:07:45','\0'),(3206,28,'Santiago','2019-01-19 17:07:45','2019-01-19 17:07:45','\0'),(3207,28,'Sardinata','2019-01-19 17:07:45','2019-01-19 17:07:45','\0'),(3208,28,'Silos','2019-01-19 17:07:45','2019-01-19 17:07:45','\0'),(3209,28,'Teorama','2019-01-19 17:07:45','2019-01-19 17:07:45','\0'),(3210,28,'Tibú','2019-01-19 17:07:45','2019-01-19 17:07:45','\0'),(3211,28,'Toledo','2019-01-19 17:07:45','2019-01-19 17:07:45','\0'),(3212,28,'Villa Caro','2019-01-19 17:07:45','2019-01-19 17:07:45','\0'),(3213,28,'Villa del Rosario','2019-01-19 17:07:45','2019-01-19 17:07:45','\0'),(3214,28,'Ábrego','2019-01-19 17:07:45','2019-01-19 17:07:45','\0'),(3238,29,'Colón','2019-01-19 17:08:22','2019-01-19 17:08:22','\0'),(3239,29,'Mocoa','2019-01-19 17:08:22','2019-01-19 17:08:22','\0'),(3240,29,'Orito','2019-01-19 17:08:22','2019-01-19 17:08:22','\0'),(3241,29,'Puerto Asís','2019-01-19 17:08:22','2019-01-19 17:08:22','\0'),(3242,29,'Puerto Caicedo','2019-01-19 17:08:22','2019-01-19 17:08:22','\0'),(3243,29,'Puerto Guzmán','2019-01-19 17:08:22','2019-01-19 17:08:22','\0'),(3244,29,'Puerto Leguízamo','2019-01-19 17:08:22','2019-01-19 17:08:22','\0'),(3245,29,'San Francisco','2019-01-19 17:08:22','2019-01-19 17:08:22','\0'),(3246,29,'San Miguel','2019-01-19 17:08:22','2019-01-19 17:08:22','\0'),(3247,29,'Santiago','2019-01-19 17:08:22','2019-01-19 17:08:22','\0'),(3248,29,'Sibundoy','2019-01-19 17:08:22','2019-01-19 17:08:22','\0'),(3249,29,'Valle del Guamuez','2019-01-19 17:08:22','2019-01-19 17:08:22','\0'),(3250,29,'Villagarzón','2019-01-19 17:08:22','2019-01-19 17:08:22','\0'),(3253,30,'Armenia','2019-01-19 17:09:11','2019-01-19 17:09:11','\0'),(3254,30,'Buenavista','2019-01-19 17:09:11','2019-01-19 17:09:11','\0'),(3255,30,'Calarcá','2019-01-19 17:09:11','2019-01-19 17:09:11','\0'),(3256,30,'Circasia','2019-01-19 17:09:11','2019-01-19 17:09:11','\0'),(3257,30,'Cordobá','2019-01-19 17:09:11','2019-01-19 17:09:11','\0'),(3258,30,'Filandia','2019-01-19 17:09:11','2019-01-19 17:09:11','\0'),(3259,30,'Génova','2019-01-19 17:09:11','2019-01-19 17:09:11','\0'),(3260,30,'La Tebaida','2019-01-19 17:09:11','2019-01-19 17:09:11','\0'),(3261,30,'Montenegro','2019-01-19 17:09:11','2019-01-19 17:09:11','\0'),(3262,30,'Pijao','2019-01-19 17:09:11','2019-01-19 17:09:11','\0'),(3263,30,'Quimbaya','2019-01-19 17:09:11','2019-01-19 17:09:11','\0'),(3264,30,'Salento','2019-01-19 17:09:11','2019-01-19 17:09:11','\0'),(3268,31,'Apía','2019-01-19 17:09:35','2019-01-19 17:09:35','\0'),(3269,31,'Balboa','2019-01-19 17:09:35','2019-01-19 17:09:35','\0'),(3270,31,'Belén de Umbría','2019-01-19 17:09:35','2019-01-19 17:09:35','\0'),(3271,31,'Dos Quebradas','2019-01-19 17:09:35','2019-01-19 17:09:35','\0'),(3272,31,'Guática','2019-01-19 17:09:35','2019-01-19 17:09:35','\0'),(3273,31,'La Celia','2019-01-19 17:09:35','2019-01-19 17:09:35','\0'),(3274,31,'La Virginia','2019-01-19 17:09:35','2019-01-19 17:09:35','\0'),(3275,31,'Marsella','2019-01-19 17:09:35','2019-01-19 17:09:35','\0'),(3276,31,'Mistrató','2019-01-19 17:09:35','2019-01-19 17:09:35','\0'),(3277,31,'Pereira','2019-01-19 17:09:35','2019-01-19 17:09:35','\0'),(3278,31,'Pueblo Rico','2019-01-19 17:09:35','2019-01-19 17:09:35','\0'),(3279,31,'Quinchía','2019-01-19 17:09:35','2019-01-19 17:09:35','\0'),(3280,31,'Santa Rosa de Cabal','2019-01-19 17:09:35','2019-01-19 17:09:35','\0'),(3281,31,'Santuario','2019-01-19 17:09:35','2019-01-19 17:09:35','\0'),(3283,32,'Aguada','2019-01-19 17:10:24','2019-01-19 17:10:24','\0'),(3284,32,'Albania','2019-01-19 17:10:24','2019-01-19 17:10:24','\0'),(3285,32,'Aratoca','2019-01-19 17:10:24','2019-01-19 17:10:24','\0'),(3286,32,'Barbosa','2019-01-19 17:10:24','2019-01-19 17:10:24','\0'),(3287,32,'Barichara','2019-01-19 17:10:24','2019-01-19 17:10:24','\0'),(3288,32,'Barrancabermeja','2019-01-19 17:10:24','2019-01-19 17:10:24','\0'),(3289,32,'Betulia','2019-01-19 17:10:24','2019-01-19 17:10:24','\0'),(3290,32,'Bolívar','2019-01-19 17:10:24','2019-01-19 17:10:24','\0'),(3291,32,'Bucaramanga','2019-01-19 17:10:24','2019-01-19 17:10:24','\0'),(3292,32,'Cabrera','2019-01-19 17:10:24','2019-01-19 17:10:24','\0'),(3293,32,'California','2019-01-19 17:10:24','2019-01-19 17:10:24','\0'),(3294,32,'Capitanejo','2019-01-19 17:10:24','2019-01-19 17:10:24','\0'),(3295,32,'Carcasí','2019-01-19 17:10:24','2019-01-19 17:10:24','\0'),(3296,32,'Cepita','2019-01-19 17:10:24','2019-01-19 17:10:24','\0'),(3297,32,'Cerrito','2019-01-19 17:10:24','2019-01-19 17:10:24','\0'),(3298,32,'Charalá','2019-01-19 17:10:24','2019-01-19 17:10:24','\0'),(3299,32,'Charta','2019-01-19 17:10:24','2019-01-19 17:10:24','\0'),(3300,32,'Chima','2019-01-19 17:10:24','2019-01-19 17:10:24','\0'),(3301,32,'Chipatá','2019-01-19 17:10:24','2019-01-19 17:10:24','\0'),(3302,32,'Cimitarra','2019-01-19 17:10:24','2019-01-19 17:10:24','\0'),(3303,32,'Concepción','2019-01-19 17:10:24','2019-01-19 17:10:24','\0'),(3304,32,'Confines','2019-01-19 17:10:24','2019-01-19 17:10:24','\0'),(3305,32,'Contratación','2019-01-19 17:10:24','2019-01-19 17:10:24','\0'),(3306,32,'Coromoro','2019-01-19 17:10:24','2019-01-19 17:10:24','\0'),(3307,32,'Curití','2019-01-19 17:10:24','2019-01-19 17:10:24','\0'),(3308,32,'El Carmen','2019-01-19 17:10:24','2019-01-19 17:10:24','\0'),(3309,32,'El Guacamayo','2019-01-19 17:10:24','2019-01-19 17:10:24','\0'),(3310,32,'El Peñon','2019-01-19 17:10:24','2019-01-19 17:10:24','\0'),(3311,32,'El Playón','2019-01-19 17:10:24','2019-01-19 17:10:24','\0'),(3312,32,'Encino','2019-01-19 17:10:24','2019-01-19 17:10:24','\0'),(3313,32,'Enciso','2019-01-19 17:10:24','2019-01-19 17:10:24','\0'),(3314,32,'Floridablanca','2019-01-19 17:10:24','2019-01-19 17:10:24','\0'),(3315,32,'Florián','2019-01-19 17:10:24','2019-01-19 17:10:24','\0'),(3316,32,'Galán','2019-01-19 17:10:24','2019-01-19 17:10:24','\0'),(3317,32,'Girón','2019-01-19 17:10:24','2019-01-19 17:10:24','\0'),(3318,32,'Guaca','2019-01-19 17:10:24','2019-01-19 17:10:24','\0'),(3319,32,'Guadalupe','2019-01-19 17:10:24','2019-01-19 17:10:24','\0'),(3320,32,'Guapota','2019-01-19 17:10:24','2019-01-19 17:10:24','\0'),(3321,32,'Guavatá','2019-01-19 17:10:24','2019-01-19 17:10:24','\0'),(3322,32,'Guepsa','2019-01-19 17:10:24','2019-01-19 17:10:24','\0'),(3323,32,'Gámbita','2019-01-19 17:10:24','2019-01-19 17:10:24','\0'),(3324,32,'Hato','2019-01-19 17:10:24','2019-01-19 17:10:24','\0'),(3325,32,'Jesús María','2019-01-19 17:10:24','2019-01-19 17:10:24','\0'),(3326,32,'Jordán','2019-01-19 17:10:24','2019-01-19 17:10:24','\0'),(3327,32,'La Belleza','2019-01-19 17:10:24','2019-01-19 17:10:24','\0'),(3328,32,'La Paz','2019-01-19 17:10:24','2019-01-19 17:10:24','\0'),(3329,32,'Landázuri','2019-01-19 17:10:24','2019-01-19 17:10:24','\0'),(3330,32,'Lebrija','2019-01-19 17:10:24','2019-01-19 17:10:24','\0'),(3331,32,'Los Santos','2019-01-19 17:10:24','2019-01-19 17:10:24','\0'),(3332,32,'Macaravita','2019-01-19 17:10:24','2019-01-19 17:10:24','\0'),(3333,32,'Matanza','2019-01-19 17:10:24','2019-01-19 17:10:24','\0'),(3334,32,'Mogotes','2019-01-19 17:10:24','2019-01-19 17:10:24','\0'),(3335,32,'Molagavita','2019-01-19 17:10:24','2019-01-19 17:10:24','\0'),(3336,32,'Málaga','2019-01-19 17:10:24','2019-01-19 17:10:24','\0'),(3337,32,'Ocamonte','2019-01-19 17:10:24','2019-01-19 17:10:24','\0'),(3338,32,'Oiba','2019-01-19 17:10:24','2019-01-19 17:10:24','\0'),(3339,32,'Onzaga','2019-01-19 17:10:24','2019-01-19 17:10:24','\0'),(3340,32,'Palmar','2019-01-19 17:10:24','2019-01-19 17:10:24','\0'),(3341,32,'Palmas del Socorro','2019-01-19 17:10:24','2019-01-19 17:10:24','\0'),(3342,32,'Pie de Cuesta','2019-01-19 17:10:24','2019-01-19 17:10:24','\0'),(3343,32,'Pinchote','2019-01-19 17:10:24','2019-01-19 17:10:24','\0'),(3344,32,'Puente Nacional','2019-01-19 17:10:24','2019-01-19 17:10:24','\0'),(3345,32,'Puerto Parra','2019-01-19 17:10:24','2019-01-19 17:10:24','\0'),(3346,32,'Puerto Wilches','2019-01-19 17:10:24','2019-01-19 17:10:24','\0'),(3347,32,'Páramo','2019-01-19 17:10:24','2019-01-19 17:10:24','\0'),(3348,32,'Rio Negro','2019-01-19 17:10:24','2019-01-19 17:10:24','\0'),(3349,32,'Sabana de Torres','2019-01-19 17:10:24','2019-01-19 17:10:24','\0'),(3350,32,'San Andrés','2019-01-19 17:10:24','2019-01-19 17:10:24','\0'),(3351,32,'San Benito','2019-01-19 17:10:24','2019-01-19 17:10:24','\0'),(3352,32,'San Gíl','2019-01-19 17:10:24','2019-01-19 17:10:24','\0'),(3353,32,'San Joaquín','2019-01-19 17:10:24','2019-01-19 17:10:24','\0'),(3354,32,'San José de Miranda','2019-01-19 17:10:24','2019-01-19 17:10:24','\0'),(3355,32,'San Miguel','2019-01-19 17:10:24','2019-01-19 17:10:24','\0'),(3356,32,'San Vicente del Chucurí','2019-01-19 17:10:24','2019-01-19 17:10:24','\0'),(3357,32,'Santa Bárbara','2019-01-19 17:10:24','2019-01-19 17:10:24','\0'),(3358,32,'Santa Helena del Opón','2019-01-19 17:10:24','2019-01-19 17:10:24','\0'),(3359,32,'Simacota','2019-01-19 17:10:24','2019-01-19 17:10:24','\0'),(3360,32,'Socorro','2019-01-19 17:10:24','2019-01-19 17:10:24','\0'),(3361,32,'Suaita','2019-01-19 17:10:24','2019-01-19 17:10:24','\0'),(3362,32,'Sucre','2019-01-19 17:10:24','2019-01-19 17:10:24','\0'),(3363,32,'Suratá','2019-01-19 17:10:24','2019-01-19 17:10:24','\0'),(3364,32,'Tona','2019-01-19 17:10:24','2019-01-19 17:10:24','\0'),(3365,32,'Valle de San José','2019-01-19 17:10:24','2019-01-19 17:10:24','\0'),(3366,32,'Vetas','2019-01-19 17:10:24','2019-01-19 17:10:24','\0'),(3367,32,'Villanueva','2019-01-19 17:10:24','2019-01-19 17:10:24','\0'),(3368,32,'Vélez','2019-01-19 17:10:24','2019-01-19 17:10:24','\0'),(3369,32,'Zapatoca','2019-01-19 17:10:24','2019-01-19 17:10:24','\0'),(3410,33,'Buenavista','2019-01-19 17:10:49','2019-01-19 17:10:49','\0'),(3411,33,'Caimito','2019-01-19 17:10:49','2019-01-19 17:10:49','\0'),(3412,33,'Chalán','2019-01-19 17:10:49','2019-01-19 17:10:49','\0'),(3413,33,'Colosó (Ricaurte)','2019-01-19 17:10:49','2019-01-19 17:10:49','\0'),(3414,33,'Corozal','2019-01-19 17:10:49','2019-01-19 17:10:49','\0'),(3415,33,'Coveñas','2019-01-19 17:10:49','2019-01-19 17:10:49','\0'),(3416,33,'El Roble','2019-01-19 17:10:49','2019-01-19 17:10:49','\0'),(3417,33,'Galeras (Nueva Granada)','2019-01-19 17:10:49','2019-01-19 17:10:49','\0'),(3418,33,'Guaranda','2019-01-19 17:10:49','2019-01-19 17:10:49','\0'),(3419,33,'La Unión','2019-01-19 17:10:49','2019-01-19 17:10:49','\0'),(3420,33,'Los Palmitos','2019-01-19 17:10:49','2019-01-19 17:10:49','\0'),(3421,33,'Majagual','2019-01-19 17:10:49','2019-01-19 17:10:49','\0'),(3422,33,'Morroa','2019-01-19 17:10:49','2019-01-19 17:10:49','\0'),(3423,33,'Ovejas','2019-01-19 17:10:49','2019-01-19 17:10:49','\0'),(3424,33,'Palmito','2019-01-19 17:10:49','2019-01-19 17:10:49','\0'),(3425,33,'Sampués','2019-01-19 17:10:49','2019-01-19 17:10:49','\0'),(3426,33,'San Benito Abad','2019-01-19 17:10:49','2019-01-19 17:10:49','\0'),(3427,33,'San Juan de Betulia','2019-01-19 17:10:49','2019-01-19 17:10:49','\0'),(3428,33,'San Marcos','2019-01-19 17:10:49','2019-01-19 17:10:49','\0'),(3429,33,'San Onofre','2019-01-19 17:10:49','2019-01-19 17:10:49','\0'),(3430,33,'San Pedro','2019-01-19 17:10:49','2019-01-19 17:10:49','\0'),(3431,33,'Sincelejo','2019-01-19 17:10:49','2019-01-19 17:10:49','\0'),(3432,33,'Sincé','2019-01-19 17:10:49','2019-01-19 17:10:49','\0'),(3433,33,'Sucre','2019-01-19 17:10:49','2019-01-19 17:10:49','\0'),(3434,33,'Tolú','2019-01-19 17:10:49','2019-01-19 17:10:49','\0'),(3435,33,'Tolú Viejo','2019-01-19 17:10:49','2019-01-19 17:10:49','\0'),(3441,34,'Alpujarra','2019-01-19 17:11:52','2019-01-19 17:11:52','\0'),(3442,34,'Alvarado','2019-01-19 17:11:52','2019-01-19 17:11:52','\0'),(3443,34,'Ambalema','2019-01-19 17:11:52','2019-01-19 17:11:52','\0'),(3444,34,'Anzoátegui','2019-01-19 17:11:52','2019-01-19 17:11:52','\0'),(3445,34,'Armero (Guayabal)','2019-01-19 17:11:52','2019-01-19 17:11:52','\0'),(3446,34,'Ataco','2019-01-19 17:11:52','2019-01-19 17:11:52','\0'),(3447,34,'Cajamarca','2019-01-19 17:11:52','2019-01-19 17:11:52','\0'),(3448,34,'Carmen de Apicalá','2019-01-19 17:11:52','2019-01-19 17:11:52','\0'),(3449,34,'Casabianca','2019-01-19 17:11:52','2019-01-19 17:11:52','\0'),(3450,34,'Chaparral','2019-01-19 17:11:52','2019-01-19 17:11:52','\0'),(3451,34,'Coello','2019-01-19 17:11:52','2019-01-19 17:11:52','\0'),(3452,34,'Coyaima','2019-01-19 17:11:52','2019-01-19 17:11:52','\0'),(3453,34,'Cunday','2019-01-19 17:11:52','2019-01-19 17:11:52','\0'),(3454,34,'Dolores','2019-01-19 17:11:52','2019-01-19 17:11:52','\0'),(3455,34,'Espinal','2019-01-19 17:11:52','2019-01-19 17:11:52','\0'),(3456,34,'Falan','2019-01-19 17:11:52','2019-01-19 17:11:52','\0'),(3457,34,'Flandes','2019-01-19 17:11:52','2019-01-19 17:11:52','\0'),(3458,34,'Fresno','2019-01-19 17:11:52','2019-01-19 17:11:52','\0'),(3459,34,'Guamo','2019-01-19 17:11:52','2019-01-19 17:11:52','\0'),(3460,34,'Herveo','2019-01-19 17:11:52','2019-01-19 17:11:52','\0'),(3461,34,'Honda','2019-01-19 17:11:52','2019-01-19 17:11:52','\0'),(3462,34,'Ibagué','2019-01-19 17:11:52','2019-01-19 17:11:52','\0'),(3463,34,'Icononzo','2019-01-19 17:11:52','2019-01-19 17:11:52','\0'),(3464,34,'Lérida','2019-01-19 17:11:52','2019-01-19 17:11:52','\0'),(3465,34,'Líbano','2019-01-19 17:11:52','2019-01-19 17:11:52','\0'),(3466,34,'Mariquita','2019-01-19 17:11:52','2019-01-19 17:11:52','\0'),(3467,34,'Melgar','2019-01-19 17:11:52','2019-01-19 17:11:52','\0'),(3468,34,'Murillo','2019-01-19 17:11:52','2019-01-19 17:11:52','\0'),(3469,34,'Natagaima','2019-01-19 17:11:52','2019-01-19 17:11:52','\0'),(3470,34,'Ortega','2019-01-19 17:11:52','2019-01-19 17:11:52','\0'),(3471,34,'Palocabildo','2019-01-19 17:11:52','2019-01-19 17:11:52','\0'),(3472,34,'Piedras','2019-01-19 17:11:52','2019-01-19 17:11:52','\0'),(3473,34,'Planadas','2019-01-19 17:11:52','2019-01-19 17:11:52','\0'),(3474,34,'Prado','2019-01-19 17:11:52','2019-01-19 17:11:52','\0'),(3475,34,'Purificación','2019-01-19 17:11:52','2019-01-19 17:11:52','\0'),(3476,34,'Rioblanco','2019-01-19 17:11:52','2019-01-19 17:11:52','\0'),(3477,34,'Roncesvalles','2019-01-19 17:11:52','2019-01-19 17:11:52','\0'),(3478,34,'Rovira','2019-01-19 17:11:52','2019-01-19 17:11:52','\0'),(3479,34,'Saldaña','2019-01-19 17:11:52','2019-01-19 17:11:52','\0'),(3480,34,'San Antonio','2019-01-19 17:11:52','2019-01-19 17:11:52','\0'),(3481,34,'San Luis','2019-01-19 17:11:52','2019-01-19 17:11:52','\0'),(3482,34,'Santa Isabel','2019-01-19 17:11:52','2019-01-19 17:11:52','\0'),(3483,34,'Suárez','2019-01-19 17:11:52','2019-01-19 17:11:52','\0'),(3484,34,'Valle de San Juan','2019-01-19 17:11:52','2019-01-19 17:11:52','\0'),(3485,34,'Venadillo','2019-01-19 17:11:52','2019-01-19 17:11:52','\0'),(3486,34,'Villahermosa','2019-01-19 17:11:52','2019-01-19 17:11:52','\0'),(3487,34,'Villarrica','2019-01-19 17:11:52','2019-01-19 17:11:52','\0'),(3504,35,'Alcalá','2019-01-19 17:12:40','2019-01-19 17:12:40','\0'),(3505,35,'Andalucía','2019-01-19 17:12:40','2019-01-19 17:12:40','\0'),(3506,35,'Ansermanuevo','2019-01-19 17:12:40','2019-01-19 17:12:40','\0'),(3507,35,'Argelia','2019-01-19 17:12:40','2019-01-19 17:12:40','\0'),(3508,35,'Bolívar','2019-01-19 17:12:40','2019-01-19 17:12:40','\0'),(3509,35,'Buenaventura','2019-01-19 17:12:40','2019-01-19 17:12:40','\0'),(3510,35,'Buga','2019-01-19 17:12:40','2019-01-19 17:12:40','\0'),(3511,35,'Bugalagrande','2019-01-19 17:12:40','2019-01-19 17:12:40','\0'),(3512,35,'Caicedonia','2019-01-19 17:12:40','2019-01-19 17:12:40','\0'),(3513,35,'Calima (Darién)','2019-01-19 17:12:40','2019-01-19 17:12:40','\0'),(3514,35,'Calí','2019-01-19 17:12:40','2019-01-19 17:12:40','\0'),(3515,35,'Candelaria','2019-01-19 17:12:40','2019-01-19 17:12:40','\0'),(3516,35,'Cartago','2019-01-19 17:12:40','2019-01-19 17:12:40','\0'),(3517,35,'Dagua','2019-01-19 17:12:40','2019-01-19 17:12:40','\0'),(3518,35,'El Cairo','2019-01-19 17:12:40','2019-01-19 17:12:40','\0'),(3519,35,'El Cerrito','2019-01-19 17:12:40','2019-01-19 17:12:40','\0'),(3520,35,'El Dovio','2019-01-19 17:12:40','2019-01-19 17:12:40','\0'),(3521,35,'El Águila','2019-01-19 17:12:40','2019-01-19 17:12:40','\0'),(3522,35,'Florida','2019-01-19 17:12:40','2019-01-19 17:12:40','\0'),(3523,35,'Ginebra','2019-01-19 17:12:40','2019-01-19 17:12:40','\0'),(3524,35,'Guacarí','2019-01-19 17:12:40','2019-01-19 17:12:40','\0'),(3525,35,'Jamundí','2019-01-19 17:12:40','2019-01-19 17:12:40','\0'),(3526,35,'La Cumbre','2019-01-19 17:12:40','2019-01-19 17:12:40','\0'),(3527,35,'La Unión','2019-01-19 17:12:40','2019-01-19 17:12:40','\0'),(3528,35,'La Victoria','2019-01-19 17:12:40','2019-01-19 17:12:40','\0'),(3529,35,'Obando','2019-01-19 17:12:40','2019-01-19 17:12:40','\0'),(3530,35,'Palmira','2019-01-19 17:12:40','2019-01-19 17:12:40','\0'),(3531,35,'Pradera','2019-01-19 17:12:40','2019-01-19 17:12:40','\0'),(3532,35,'Restrepo','2019-01-19 17:12:40','2019-01-19 17:12:40','\0'),(3533,35,'Riofrío','2019-01-19 17:12:40','2019-01-19 17:12:40','\0'),(3534,35,'Roldanillo','2019-01-19 17:12:40','2019-01-19 17:12:40','\0'),(3535,35,'San Pedro','2019-01-19 17:12:40','2019-01-19 17:12:40','\0'),(3536,35,'Sevilla','2019-01-19 17:12:40','2019-01-19 17:12:40','\0'),(3537,35,'Toro','2019-01-19 17:12:40','2019-01-19 17:12:40','\0'),(3538,35,'Trujillo','2019-01-19 17:12:40','2019-01-19 17:12:40','\0'),(3539,35,'Tulúa','2019-01-19 17:12:40','2019-01-19 17:12:40','\0'),(3540,35,'Ulloa','2019-01-19 17:12:40','2019-01-19 17:12:40','\0'),(3541,35,'Versalles','2019-01-19 17:12:40','2019-01-19 17:12:40','\0'),(3542,35,'Vijes','2019-01-19 17:12:40','2019-01-19 17:12:40','\0'),(3543,35,'Yotoco','2019-01-19 17:12:40','2019-01-19 17:12:40','\0'),(3544,35,'Yumbo','2019-01-19 17:12:40','2019-01-19 17:12:40','\0'),(3545,35,'Zarzal','2019-01-19 17:12:40','2019-01-19 17:12:40','\0'),(3567,36,'Carurú','2019-01-19 17:13:17','2019-01-19 17:13:17','\0'),(3568,36,'Mitú','2019-01-19 17:13:17','2019-01-19 17:13:17','\0'),(3569,36,'Taraira','2019-01-19 17:13:17','2019-01-19 17:13:17','\0'),(3570,36,'Papanahua','2019-01-19 17:14:17','2019-01-19 17:14:17','\0'),(3571,36,'Pacoa','2019-01-19 17:14:17','2019-01-19 17:14:17','\0'),(3572,36,'Yavarate','2019-01-19 17:14:17','2019-01-19 17:14:17','\0'),(3573,37,'Cumaribo','2019-01-19 17:14:56','2019-01-19 17:14:56','\0'),(3574,37,'La Primavera','2019-01-19 17:14:56','2019-01-19 17:14:56','\0'),(3575,37,'Puerto Carreño','2019-01-19 17:14:56','2019-01-19 17:14:56','\0'),(3576,37,'Santa Rosalía','2019-01-19 17:14:56','2019-01-19 17:14:56','\0');
/*!40000 ALTER TABLE `city` ENABLE KEYS */;
UNLOCK TABLES;

--
-- Table structure for table `contact`
--

DROP TABLE IF EXISTS `contact`;
/*!40101 SET @saved_cs_client     = @@character_set_client */;
/*!40101 SET character_set_client = utf8 */;
CREATE TABLE `contact` (
  `id` bigint(20) NOT NULL AUTO_INCREMENT,
  `name` varchar(50) NOT NULL,
  `address` varchar(100) NOT NULL,
  `city_id` bigint(20) NOT NULL,
  `mobile` varchar(20) NOT NULL,
  `phone` varchar(20) DEFAULT NULL,
  `email` varchar(45) DEFAULT NULL,
  `web_site` varchar(250) DEFAULT NULL,
  `type` char(1) NOT NULL,
  `person_id` bigint(20) NOT NULL,
  `creation_date` timestamp NOT NULL DEFAULT CURRENT_TIMESTAMP ON UPDATE CURRENT_TIMESTAMP,
  `modify_date` timestamp NOT NULL DEFAULT CURRENT_TIMESTAMP ON UPDATE CURRENT_TIMESTAMP,
  `archived` bit(1) NOT NULL DEFAULT b'0',
  PRIMARY KEY (`id`),
  KEY `contact_person_fk_idx` (`person_id`),
  KEY `contact_city_idx` (`city_id`),
  CONSTRAINT `contact_city` FOREIGN KEY (`city_id`) REFERENCES `city` (`id`),
  CONSTRAINT `contact_person_fk` FOREIGN KEY (`person_id`) REFERENCES `person` (`id`)
) ENGINE=InnoDB DEFAULT CHARSET=utf8;
/*!40101 SET character_set_client = @saved_cs_client */;

--
-- Dumping data for table `contact`
--

LOCK TABLES `contact` WRITE;
/*!40000 ALTER TABLE `contact` DISABLE KEYS */;
/*!40000 ALTER TABLE `contact` ENABLE KEYS */;
UNLOCK TABLES;

--
-- Table structure for table `country`
--

DROP TABLE IF EXISTS `country`;
/*!40101 SET @saved_cs_client     = @@character_set_client */;
/*!40101 SET character_set_client = utf8 */;
CREATE TABLE `country` (
  `id` bigint(20) NOT NULL AUTO_INCREMENT,
  `name` varchar(250) NOT NULL,
  `creation_date` timestamp NOT NULL DEFAULT CURRENT_TIMESTAMP ON UPDATE CURRENT_TIMESTAMP,
  `modify_date` timestamp NOT NULL DEFAULT CURRENT_TIMESTAMP ON UPDATE CURRENT_TIMESTAMP,
  `archived` bit(1) NOT NULL DEFAULT b'0',
  PRIMARY KEY (`id`)
) ENGINE=InnoDB AUTO_INCREMENT=3 DEFAULT CHARSET=utf8;
/*!40101 SET character_set_client = @saved_cs_client */;

--
-- Dumping data for table `country`
--

LOCK TABLES `country` WRITE;
/*!40000 ALTER TABLE `country` DISABLE KEYS */;
INSERT INTO `country` VALUES (1,'Colombia','2018-12-04 21:19:23','2018-12-04 21:19:23','\0'),(2,'Venezuela','2019-01-08 22:04:49','2019-01-08 22:04:49','\0');
/*!40000 ALTER TABLE `country` ENABLE KEYS */;
UNLOCK TABLES;

--
-- Table structure for table `currency`
--

DROP TABLE IF EXISTS `currency`;
/*!40101 SET @saved_cs_client     = @@character_set_client */;
/*!40101 SET character_set_client = utf8 */;
CREATE TABLE `currency` (
  `id` bigint(20) NOT NULL AUTO_INCREMENT,
  `code` varchar(45) NOT NULL,
  `name` varchar(45) NOT NULL,
  `creation_date` timestamp NULL DEFAULT NULL,
  `modify_date` timestamp NOT NULL DEFAULT CURRENT_TIMESTAMP ON UPDATE CURRENT_TIMESTAMP,
  `archived` bit(1) NOT NULL,
  PRIMARY KEY (`id`)
) ENGINE=InnoDB AUTO_INCREMENT=2 DEFAULT CHARSET=utf8;
/*!40101 SET character_set_client = @saved_cs_client */;

--
-- Dumping data for table `currency`
--

LOCK TABLES `currency` WRITE;
/*!40000 ALTER TABLE `currency` DISABLE KEYS */;
INSERT INTO `currency` VALUES (1,'COP','Pesos',NULL,'2018-12-11 22:45:49','\0');
/*!40000 ALTER TABLE `currency` ENABLE KEYS */;
UNLOCK TABLES;

--
-- Table structure for table `customer`
--

DROP TABLE IF EXISTS `customer`;
/*!40101 SET @saved_cs_client     = @@character_set_client */;
/*!40101 SET character_set_client = utf8 */;
CREATE TABLE `customer` (
  `id` bigint(20) NOT NULL,
  PRIMARY KEY (`id`)
) ENGINE=InnoDB DEFAULT CHARSET=utf8;
/*!40101 SET character_set_client = @saved_cs_client */;

--
-- Dumping data for table `customer`
--

LOCK TABLES `customer` WRITE;
/*!40000 ALTER TABLE `customer` DISABLE KEYS */;
/*!40000 ALTER TABLE `customer` ENABLE KEYS */;
UNLOCK TABLES;

--
-- Table structure for table `departamentos`
--

DROP TABLE IF EXISTS `departamentos`;
/*!40101 SET @saved_cs_client     = @@character_set_client */;
/*!40101 SET character_set_client = utf8 */;
CREATE TABLE `departamentos` (
  `id_departamento` int(2) unsigned NOT NULL AUTO_INCREMENT,
  `departamento` varchar(255) NOT NULL DEFAULT '',
  PRIMARY KEY (`id_departamento`)
) ENGINE=InnoDB AUTO_INCREMENT=100 DEFAULT CHARSET=utf8mb4;
/*!40101 SET character_set_client = @saved_cs_client */;

--
-- Dumping data for table `departamentos`
--

LOCK TABLES `departamentos` WRITE;
/*!40000 ALTER TABLE `departamentos` DISABLE KEYS */;
INSERT INTO `departamentos` VALUES (5,'ANTIOQUIA'),(8,'ATLÁNTICO'),(11,'BOGOTÁ, D.C.'),(13,'BOLÍVAR'),(15,'BOYACÁ'),(17,'CALDAS'),(18,'CAQUETÁ'),(19,'CAUCA'),(20,'CESAR'),(23,'CÓRDOBA'),(25,'CUNDINAMARCA'),(27,'CHOCÓ'),(41,'HUILA'),(44,'LA GUAJIRA'),(47,'MAGDALENA'),(50,'META'),(52,'NARIÑO'),(54,'NORTE DE SANTANDER'),(63,'QUINDIO'),(66,'RISARALDA'),(68,'SANTANDER'),(70,'SUCRE'),(73,'TOLIMA'),(76,'VALLE DEL CAUCA'),(81,'ARAUCA'),(85,'CASANARE'),(86,'PUTUMAYO'),(88,'ARCHIPIÉLAGO DE SAN ANDRÉS, PROVIDENCIA Y SANTA CATALINA'),(91,'AMAZONAS'),(94,'GUAINÍA'),(95,'GUAVIARE'),(97,'VAUPÉS'),(99,'VICHADA');
/*!40000 ALTER TABLE `departamentos` ENABLE KEYS */;
UNLOCK TABLES;

--
-- Table structure for table `document`
--

DROP TABLE IF EXISTS `document`;
/*!40101 SET @saved_cs_client     = @@character_set_client */;
/*!40101 SET character_set_client = utf8 */;
CREATE TABLE `document` (
  `id` bigint(20) NOT NULL AUTO_INCREMENT,
  `code` varchar(45) NOT NULL,
  `reference` varchar(45) DEFAULT NULL,
  `type_id` bigint(20) NOT NULL,
  `person_id` bigint(20) DEFAULT NULL,
  `document_date` timestamp NULL DEFAULT NULL,
  `payment_type_id` bigint(20) DEFAULT NULL,
  `payment_method_id` bigint(20) DEFAULT NULL,
  `payment_term` varchar(45) DEFAULT NULL,
  `expiration_date` timestamp NULL DEFAULT NULL,
  `currency_id` bigint(20) DEFAULT NULL,
  `total_value_no_tax` decimal(16,2) DEFAULT NULL,
  `total_value` decimal(16,2) DEFAULT NULL,
  `status_id` bigint(20) NOT NULL DEFAULT '1',
  `creation_date` timestamp NOT NULL DEFAULT CURRENT_TIMESTAMP ON UPDATE CURRENT_TIMESTAMP,
  `modify_date` timestamp NOT NULL DEFAULT CURRENT_TIMESTAMP ON UPDATE CURRENT_TIMESTAMP,
  `archived` bit(1) NOT NULL DEFAULT b'0',
  PRIMARY KEY (`id`),
  UNIQUE KEY `document_number_UQ` (`code`,`type_id`),
  KEY `document_document_type_idx` (`type_id`),
  KEY `document_person_idx` (`person_id`),
  KEY `document_payment_type_idx` (`payment_type_id`),
  KEY `document_payment_method_idx` (`payment_method_id`),
  KEY `document_currency_idx` (`currency_id`),
  KEY `document_status` (`status_id`),
  CONSTRAINT `document_currency` FOREIGN KEY (`currency_id`) REFERENCES `currency` (`id`),
  CONSTRAINT `document_document_type` FOREIGN KEY (`type_id`) REFERENCES `document_type` (`id`),
  CONSTRAINT `document_payment_method` FOREIGN KEY (`payment_method_id`) REFERENCES `payment_method` (`id`),
  CONSTRAINT `document_payment_type` FOREIGN KEY (`payment_type_id`) REFERENCES `payment_type` (`id`),
  CONSTRAINT `document_person` FOREIGN KEY (`person_id`) REFERENCES `person` (`id`),
  CONSTRAINT `document_status` FOREIGN KEY (`status_id`) REFERENCES `document_status` (`id`)
) ENGINE=InnoDB AUTO_INCREMENT=54 DEFAULT CHARSET=utf8;
/*!40101 SET character_set_client = @saved_cs_client */;

--
-- Dumping data for table `document`
--

LOCK TABLES `document` WRITE;
/*!40000 ALTER TABLE `document` DISABLE KEYS */;
INSERT INTO `document` VALUES (39,'CO-39','56485',1,6,'2019-01-04 05:00:00',1,1,'10',NULL,NULL,0.00,0.00,1,'2019-01-04 08:41:08','2019-01-04 08:41:08','\0'),(40,'CO-40','7878',1,6,'2019-01-04 05:00:00',1,1,'10',NULL,NULL,0.00,0.00,2,'2019-01-04 08:41:14','2019-01-04 08:41:14','\0'),(41,'VE-41','24234',2,6,'2019-01-04 05:00:00',1,1,'10','2019-01-14 05:00:00',NULL,0.00,0.00,2,'2019-01-04 09:27:32','2019-01-04 09:27:32','\0'),(42,'CO-42','4454',1,6,'2019-01-04 05:00:00',1,1,'8','2019-01-12 05:00:00',NULL,0.00,0.00,2,'2019-01-04 10:46:23','2019-01-04 10:46:23','\0'),(43,'VE-43','',2,7,'2019-01-04 05:00:00',1,1,'10','2019-01-14 05:00:00',NULL,0.00,0.00,2,'2019-01-04 10:52:10','2019-01-04 10:52:10','\0'),(44,'CO-44','4654',1,6,'2019-01-10 10:00:00',1,1,'10','2019-01-20 10:00:00',NULL,0.00,0.00,2,'2019-01-11 03:20:50','2019-01-11 03:20:50','\0'),(45,'CO-45','65415',1,6,'2019-01-10 10:00:00',1,1,'10','2019-01-20 10:00:00',NULL,0.00,0.00,2,'2019-01-11 03:24:46','2019-01-11 03:24:46','\0'),(46,'CO-46','uiu',1,6,'2019-01-25 22:32:03',1,1,'10','2019-02-04 22:32:03',NULL,0.00,0.00,2,'2019-01-14 00:33:28','2019-01-14 00:33:28','\0'),(47,'2','5465',2,27,'2019-01-20 22:49:05',1,1,'10','2019-01-30 22:49:05',NULL,0.00,0.00,2,'2019-01-20 17:49:39','2019-01-20 17:49:39','\0'),(52,'2','',1,7,'2019-01-25 14:33:04',1,NULL,'',NULL,NULL,0.00,0.00,2,'2019-01-25 09:33:47','2019-01-25 09:33:47','\0'),(53,'3','',1,24,'2019-01-25 14:50:45',1,NULL,'',NULL,NULL,0.00,5000.00,2,'2019-01-25 09:51:20','2019-01-25 09:51:20','\0');
/*!40000 ALTER TABLE `document` ENABLE KEYS */;
UNLOCK TABLES;

--
-- Table structure for table `document_detail`
--

DROP TABLE IF EXISTS `document_detail`;
/*!40101 SET @saved_cs_client     = @@character_set_client */;
/*!40101 SET character_set_client = utf8 */;
CREATE TABLE `document_detail` (
  `id` bigint(20) NOT NULL AUTO_INCREMENT,
  `document_id` bigint(20) NOT NULL,
  `product_id` bigint(20) NOT NULL,
  `description` varchar(100) DEFAULT NULL,
  `quantity` int(11) DEFAULT NULL,
  `sub_total` decimal(16,2) DEFAULT NULL,
  `stock` int(11) DEFAULT NULL,
  `stock_date` timestamp NOT NULL DEFAULT CURRENT_TIMESTAMP ON UPDATE CURRENT_TIMESTAMP,
  `creation_date` timestamp NOT NULL DEFAULT CURRENT_TIMESTAMP ON UPDATE CURRENT_TIMESTAMP,
  `modify_date` timestamp NOT NULL DEFAULT CURRENT_TIMESTAMP ON UPDATE CURRENT_TIMESTAMP,
  `archived` bit(1) NOT NULL DEFAULT b'0',
  PRIMARY KEY (`id`),
  KEY `document_detail_document_idx` (`document_id`),
  KEY `document_product_idx` (`product_id`),
  CONSTRAINT `document_detail_document` FOREIGN KEY (`document_id`) REFERENCES `document` (`id`),
  CONSTRAINT `document_product` FOREIGN KEY (`product_id`) REFERENCES `product` (`id`)
) ENGINE=InnoDB AUTO_INCREMENT=13 DEFAULT CHARSET=utf8;
/*!40101 SET character_set_client = @saved_cs_client */;

--
-- Dumping data for table `document_detail`
--

LOCK TABLES `document_detail` WRITE;
/*!40000 ALTER TABLE `document_detail` DISABLE KEYS */;
INSERT INTO `document_detail` VALUES (2,39,3,NULL,1,5000.00,NULL,'2019-01-04 02:32:03','2019-01-04 02:32:03','2019-01-04 02:32:03','\0'),(3,40,10,NULL,1,1000.00,NULL,'2019-01-04 08:40:03','2019-01-04 08:40:03','2019-01-04 08:40:03','\0'),(4,41,8,NULL,1,7500.00,NULL,'2019-01-04 09:27:32','2019-01-04 09:27:32','2019-01-04 09:27:32','\0'),(5,42,4,NULL,1,4700.00,NULL,'2019-01-04 10:46:23','2019-01-04 10:46:23','2019-01-04 10:46:23','\0'),(6,43,3,NULL,2,10000.00,NULL,'2019-01-04 10:52:10','2019-01-04 10:52:10','2019-01-04 10:52:10','\0'),(7,44,3,NULL,2,10000.00,NULL,'2019-01-11 03:20:50','2019-01-11 03:20:50','2019-01-11 03:20:50','\0'),(8,45,3,NULL,2,10000.00,NULL,'2019-01-11 03:24:46','2019-01-11 03:24:46','2019-01-11 03:24:46','\0'),(9,46,3,NULL,1,5000.00,NULL,'2019-01-14 00:33:28','2019-01-14 00:33:28','2019-01-14 00:33:28','\0'),(10,47,3,NULL,2,10000.00,NULL,'2019-01-20 17:49:40','2019-01-20 17:49:40','2019-01-20 17:49:40','\0'),(11,52,3,NULL,1,5000.00,NULL,'2019-01-25 09:33:47','2019-01-25 09:33:47','2019-01-25 09:33:47','\0'),(12,53,3,NULL,1,5000.00,NULL,'2019-01-25 09:51:20','2019-01-25 09:51:20','2019-01-25 09:51:20','\0');
/*!40000 ALTER TABLE `document_detail` ENABLE KEYS */;
UNLOCK TABLES;

--
-- Table structure for table `document_detail_lot`
--

DROP TABLE IF EXISTS `document_detail_lot`;
/*!40101 SET @saved_cs_client     = @@character_set_client */;
/*!40101 SET character_set_client = utf8 */;
CREATE TABLE `document_detail_lot` (
  `id` bigint(20) NOT NULL AUTO_INCREMENT,
  `document_detail_id` bigint(20) NOT NULL,
  `lot_id` bigint(20) NOT NULL,
  `initial_stock_lot` int(10) NOT NULL,
  `final_stock_lot` int(10) NOT NULL,
  `quantity` int(10) NOT NULL,
  `creation_date` timestamp NOT NULL DEFAULT CURRENT_TIMESTAMP ON UPDATE CURRENT_TIMESTAMP,
  `modify_date` timestamp NOT NULL DEFAULT CURRENT_TIMESTAMP ON UPDATE CURRENT_TIMESTAMP,
  `archived` bit(1) NOT NULL DEFAULT b'0',
  PRIMARY KEY (`id`)
) ENGINE=InnoDB DEFAULT CHARSET=latin1;
/*!40101 SET character_set_client = @saved_cs_client */;

--
-- Dumping data for table `document_detail_lot`
--

LOCK TABLES `document_detail_lot` WRITE;
/*!40000 ALTER TABLE `document_detail_lot` DISABLE KEYS */;
/*!40000 ALTER TABLE `document_detail_lot` ENABLE KEYS */;
UNLOCK TABLES;

--
-- Table structure for table `document_status`
--

DROP TABLE IF EXISTS `document_status`;
/*!40101 SET @saved_cs_client     = @@character_set_client */;
/*!40101 SET character_set_client = utf8 */;
CREATE TABLE `document_status` (
  `id` bigint(20) NOT NULL AUTO_INCREMENT,
  `name` varchar(45) NOT NULL,
  `document_type_id` bigint(20) DEFAULT NULL,
  `creation_date` timestamp NOT NULL DEFAULT CURRENT_TIMESTAMP ON UPDATE CURRENT_TIMESTAMP,
  `modify_date` timestamp NOT NULL DEFAULT CURRENT_TIMESTAMP ON UPDATE CURRENT_TIMESTAMP,
  `archived` bit(1) NOT NULL DEFAULT b'0',
  PRIMARY KEY (`id`),
  KEY `status_document_type` (`document_type_id`),
  CONSTRAINT `status_document_type` FOREIGN KEY (`document_type_id`) REFERENCES `document_type` (`id`)
) ENGINE=InnoDB AUTO_INCREMENT=6 DEFAULT CHARSET=utf8;
/*!40101 SET character_set_client = @saved_cs_client */;

--
-- Dumping data for table `document_status`
--

LOCK TABLES `document_status` WRITE;
/*!40000 ALTER TABLE `document_status` DISABLE KEYS */;
INSERT INTO `document_status` VALUES (1,'Nueva',1,'2019-01-04 00:45:23','2019-01-04 00:45:23','\0'),(2,'Registrada',1,'2019-01-04 08:38:19','2019-01-04 08:38:19','\0'),(3,'Cancelada',1,'2019-01-04 00:45:29','2019-01-04 00:45:29','\0'),(4,'Vencida',1,'2019-01-04 00:45:32','2019-01-04 00:45:32','\0'),(5,'Rechazada',1,'2019-01-04 00:45:56','2019-01-04 00:45:56','\0');
/*!40000 ALTER TABLE `document_status` ENABLE KEYS */;
UNLOCK TABLES;

--
-- Table structure for table `document_type`
--

DROP TABLE IF EXISTS `document_type`;
/*!40101 SET @saved_cs_client     = @@character_set_client */;
/*!40101 SET character_set_client = utf8 */;
CREATE TABLE `document_type` (
  `id` bigint(20) NOT NULL AUTO_INCREMENT,
  `code` varchar(45) NOT NULL,
  `name` varchar(45) NOT NULL,
  `transaction_type` varchar(45) NOT NULL,
  `sequence` bigint(20) DEFAULT NULL,
  `creation_date` timestamp NOT NULL DEFAULT CURRENT_TIMESTAMP ON UPDATE CURRENT_TIMESTAMP,
  `modify_date` timestamp NOT NULL DEFAULT CURRENT_TIMESTAMP ON UPDATE CURRENT_TIMESTAMP,
  `archived` bit(1) NOT NULL DEFAULT b'0',
  PRIMARY KEY (`id`)
) ENGINE=InnoDB AUTO_INCREMENT=5 DEFAULT CHARSET=utf8;
/*!40101 SET character_set_client = @saved_cs_client */;

--
-- Dumping data for table `document_type`
--

LOCK TABLES `document_type` WRITE;
/*!40000 ALTER TABLE `document_type` DISABLE KEYS */;
INSERT INTO `document_type` VALUES (1,'CO','Factura de compra','ENTRADA',3,'2019-01-25 09:51:20','2019-01-25 09:51:20','\0'),(2,'VE','Factura de venta','SALIDA',2,'2019-01-20 17:49:40','2019-01-20 17:49:40','\0'),(3,'RE','Remision','ENTRADA',1,'2019-01-19 23:48:38','2019-01-19 23:48:38','\0'),(4,'FV','Factura de venta','SALIDA',1,'2019-01-19 23:48:38','2019-01-19 23:48:38','');
/*!40000 ALTER TABLE `document_type` ENABLE KEYS */;
UNLOCK TABLES;

--
-- Table structure for table `inventory_transaction`
--

DROP TABLE IF EXISTS `inventory_transaction`;
/*!40101 SET @saved_cs_client     = @@character_set_client */;
/*!40101 SET character_set_client = utf8 */;
CREATE TABLE `inventory_transaction` (
  `id` bigint(20) NOT NULL AUTO_INCREMENT,
  `product_id` bigint(20) NOT NULL,
  `transaction_type` varchar(45) NOT NULL,
  `document_id` bigint(20) DEFAULT NULL,
  `initial_stock` int(10) DEFAULT NULL,
  `final_stock` int(10) DEFAULT NULL,
  `quantity` int(10) DEFAULT NULL,
  `creation_date` timestamp NOT NULL DEFAULT CURRENT_TIMESTAMP ON UPDATE CURRENT_TIMESTAMP,
  `modify_date` timestamp NOT NULL DEFAULT CURRENT_TIMESTAMP ON UPDATE CURRENT_TIMESTAMP,
  `archived` bit(1) NOT NULL DEFAULT b'0',
  PRIMARY KEY (`id`),
  KEY `product_fk_idx` (`product_id`),
  KEY `document_fk_idx` (`document_id`),
  CONSTRAINT `inventory_document` FOREIGN KEY (`document_id`) REFERENCES `document` (`id`),
  CONSTRAINT `inventory_product` FOREIGN KEY (`product_id`) REFERENCES `product` (`id`)
) ENGINE=InnoDB AUTO_INCREMENT=11 DEFAULT CHARSET=utf8;
/*!40101 SET character_set_client = @saved_cs_client */;

--
-- Dumping data for table `inventory_transaction`
--

LOCK TABLES `inventory_transaction` WRITE;
/*!40000 ALTER TABLE `inventory_transaction` DISABLE KEYS */;
INSERT INTO `inventory_transaction` VALUES (1,3,'ENTRADA',39,525,524,1,'2019-01-04 02:32:03','2019-01-04 02:32:03','\0'),(2,10,'ENTRADA',40,222,221,1,'2019-01-04 08:40:03','2019-01-04 08:40:03','\0'),(3,8,'SALIDA',41,220,219,1,'2019-01-04 09:27:32','2019-01-04 09:27:32','\0'),(4,4,'ENTRADA',42,291,290,1,'2019-01-04 10:46:23','2019-01-04 10:46:23','\0'),(5,3,'SALIDA',43,524,522,2,'2019-01-04 10:52:10','2019-01-04 10:52:10','\0'),(6,3,'ENTRADA',45,522,520,2,'2019-01-11 03:24:46','2019-01-11 03:24:46','\0'),(7,3,'ENTRADA',46,520,519,1,'2019-01-14 00:33:28','2019-01-14 00:33:28','\0'),(8,3,'SALIDA',47,519,517,2,'2019-01-20 17:49:40','2019-01-20 17:49:40','\0'),(9,3,'ENTRADA',52,517,516,1,'2019-01-25 09:33:48','2019-01-25 09:33:48','\0'),(10,3,'ENTRADA',53,516,515,1,'2019-01-25 09:51:20','2019-01-25 09:51:20','\0');
/*!40000 ALTER TABLE `inventory_transaction` ENABLE KEYS */;
UNLOCK TABLES;

--
-- Table structure for table `lot`
--

DROP TABLE IF EXISTS `lot`;
/*!40101 SET @saved_cs_client     = @@character_set_client */;
/*!40101 SET character_set_client = utf8 */;
CREATE TABLE `lot` (
  `id` bigint(20) NOT NULL AUTO_INCREMENT,
  `code` varchar(45) NOT NULL,
  `name` varchar(45) DEFAULT NULL,
  `lot_date` timestamp NULL DEFAULT NULL,
  `expiration_date` timestamp NULL DEFAULT NULL,
  `product_id` bigint(20) NOT NULL,
  `quantity` int(11) NOT NULL,
  `warehouse_id` bigint(20) DEFAULT NULL,
  `creation_date` timestamp NOT NULL DEFAULT CURRENT_TIMESTAMP ON UPDATE CURRENT_TIMESTAMP,
  `modify_date` timestamp NOT NULL DEFAULT CURRENT_TIMESTAMP ON UPDATE CURRENT_TIMESTAMP,
  `archived` bit(1) NOT NULL DEFAULT b'0',
  PRIMARY KEY (`id`),
  KEY `lot_product_idx` (`product_id`),
  KEY `lot_warehouse_idx` (`warehouse_id`),
  CONSTRAINT `lot_product` FOREIGN KEY (`product_id`) REFERENCES `product` (`id`),
  CONSTRAINT `lot_warehouse` FOREIGN KEY (`warehouse_id`) REFERENCES `warehouse` (`id`)
) ENGINE=InnoDB AUTO_INCREMENT=4 DEFAULT CHARSET=utf8;
/*!40101 SET character_set_client = @saved_cs_client */;

--
-- Dumping data for table `lot`
--

LOCK TABLES `lot` WRITE;
/*!40000 ALTER TABLE `lot` DISABLE KEYS */;
INSERT INTO `lot` VALUES (1,'TEST','TEST',NULL,NULL,11,1,NULL,'2019-01-19 22:36:14','2019-01-19 22:36:14','\0'),(2,'LOT1','Lote1','2019-01-04 05:00:00','2019-01-31 05:00:00',8,1,NULL,'2019-01-04 09:28:09','2019-01-04 09:28:09','\0'),(3,'1','lote1','2019-01-02 06:45:00','2019-01-24 06:45:00',3,8,1,'2019-01-25 09:51:20','2019-01-25 09:51:20','\0');
/*!40000 ALTER TABLE `lot` ENABLE KEYS */;
UNLOCK TABLES;

--
-- Table structure for table `measurement_unit`
--

DROP TABLE IF EXISTS `measurement_unit`;
/*!40101 SET @saved_cs_client     = @@character_set_client */;
/*!40101 SET character_set_client = utf8 */;
CREATE TABLE `measurement_unit` (
  `id` bigint(20) NOT NULL AUTO_INCREMENT,
  `name` varchar(45) NOT NULL,
  `creation_date` timestamp NOT NULL DEFAULT CURRENT_TIMESTAMP ON UPDATE CURRENT_TIMESTAMP,
  `modify_date` timestamp NOT NULL DEFAULT CURRENT_TIMESTAMP ON UPDATE CURRENT_TIMESTAMP,
  `archived` bit(1) NOT NULL DEFAULT b'0',
  PRIMARY KEY (`id`)
) ENGINE=InnoDB AUTO_INCREMENT=5 DEFAULT CHARSET=utf8;
/*!40101 SET character_set_client = @saved_cs_client */;

--
-- Dumping data for table `measurement_unit`
--

LOCK TABLES `measurement_unit` WRITE;
/*!40000 ALTER TABLE `measurement_unit` DISABLE KEYS */;
INSERT INTO `measurement_unit` VALUES (1,'Kg','2019-01-03 13:11:08','2019-01-03 13:11:08','\0'),(2,'Libra','2019-01-03 13:11:29','2019-01-03 13:11:29','\0'),(3,'Bolsa','2019-01-03 13:12:03','2019-01-03 13:12:05','\0'),(4,'Measurement unit Test','2019-01-16 03:19:51','2019-01-16 03:19:51','\0');
/*!40000 ALTER TABLE `measurement_unit` ENABLE KEYS */;
UNLOCK TABLES;

--
-- Table structure for table `menu`
--

DROP TABLE IF EXISTS `menu`;
/*!40101 SET @saved_cs_client     = @@character_set_client */;
/*!40101 SET character_set_client = utf8 */;
CREATE TABLE `menu` (
  `id` bigint(20) NOT NULL AUTO_INCREMENT,
  `name` varchar(50) NOT NULL,
  `creation_date` timestamp NOT NULL DEFAULT CURRENT_TIMESTAMP ON UPDATE CURRENT_TIMESTAMP,
  `modify_date` timestamp NOT NULL DEFAULT CURRENT_TIMESTAMP ON UPDATE CURRENT_TIMESTAMP,
  `archived` bit(1) NOT NULL DEFAULT b'0',
  PRIMARY KEY (`id`)
) ENGINE=InnoDB AUTO_INCREMENT=18 DEFAULT CHARSET=latin1;
/*!40101 SET character_set_client = @saved_cs_client */;

--
-- Dumping data for table `menu`
--

LOCK TABLES `menu` WRITE;
/*!40000 ALTER TABLE `menu` DISABLE KEYS */;
INSERT INTO `menu` VALUES (1,'Productos','2019-01-23 19:39:42','2019-01-23 19:39:42','\0'),(2,'Inventario','2019-01-23 19:39:42','2019-01-23 19:39:42','\0'),(3,'Movimientos','2019-01-23 19:39:42','2019-01-23 19:39:42','\0'),(4,'Compras','2019-01-23 19:39:42','2019-01-23 19:39:42','\0'),(5,'Bodegas','2019-01-23 19:39:42','2019-01-23 19:39:42','\0'),(6,'Ventas','2019-01-23 19:39:42','2019-01-23 19:39:42','\0'),(7,'Reportes','2019-01-23 19:39:42','2019-01-23 19:39:42','\0'),(8,'Proveedores','2019-01-23 19:39:42','2019-01-23 19:39:42','\0'),(9,'Clientes','2019-01-23 19:39:42','2019-01-23 19:39:42','\0'),(10,'Facturas de Compra','2019-01-23 20:58:43','2019-01-23 20:58:43','\0'),(11,'Facturas de Venta','2019-01-23 20:58:43','2019-01-23 20:58:43','\0'),(12,'Reporte de Ventas','2019-01-23 20:58:43','2019-01-23 20:58:43','\0'),(13,'Reporte de Compras','2019-01-23 20:58:43','2019-01-23 20:58:43','\0'),(14,'Personas','2019-01-23 21:43:22','2019-01-23 21:43:22','\0'),(15,'Facturas','2019-01-23 21:47:28','2019-01-23 21:47:28','\0'),(16,'Administración','2019-01-24 18:40:47','2019-01-24 18:40:47','\0'),(17,'Usuarios','2019-01-24 18:40:57','2019-01-24 18:40:57','\0');
/*!40000 ALTER TABLE `menu` ENABLE KEYS */;
UNLOCK TABLES;

--
-- Table structure for table `municipios`
--

DROP TABLE IF EXISTS `municipios`;
/*!40101 SET @saved_cs_client     = @@character_set_client */;
/*!40101 SET character_set_client = utf8 */;
CREATE TABLE `municipios` (
  `id_municipio` int(6) unsigned NOT NULL AUTO_INCREMENT,
  `municipio` varchar(255) NOT NULL DEFAULT '',
  `estado` int(1) unsigned NOT NULL,
  `departamento_id` int(2) unsigned NOT NULL,
  PRIMARY KEY (`id_municipio`),
  KEY `departamento_id` (`departamento_id`)
) ENGINE=InnoDB AUTO_INCREMENT=1101 DEFAULT CHARSET=latin1;
/*!40101 SET character_set_client = @saved_cs_client */;

--
-- Dumping data for table `municipios`
--

LOCK TABLES `municipios` WRITE;
/*!40000 ALTER TABLE `municipios` DISABLE KEYS */;
INSERT INTO `municipios` VALUES (1,'Abriaquí',1,5),(2,'Acacías',1,50),(3,'Acandí',1,27),(4,'Acevedo',1,41),(5,'Achí',1,13),(6,'Agrado',1,41),(7,'Agua de Dios',1,25),(8,'Aguachica',1,20),(9,'Aguada',1,68),(10,'Aguadas',1,17),(11,'Aguazul',1,85),(12,'Agustín Codazzi',1,20),(13,'Aipe',1,41),(14,'Albania',1,18),(15,'Albania',1,44),(16,'Albania',1,68),(17,'Albán',1,25),(18,'Albán (San José)',1,52),(19,'Alcalá',1,76),(20,'Alejandria',1,5),(21,'Algarrobo',1,47),(22,'Algeciras',1,41),(23,'Almaguer',1,19),(24,'Almeida',1,15),(25,'Alpujarra',1,73),(26,'Altamira',1,41),(27,'Alto Baudó (Pie de Pato)',1,27),(28,'Altos del Rosario',1,13),(29,'Alvarado',1,73),(30,'Amagá',1,5),(31,'Amalfi',1,5),(32,'Ambalema',1,73),(33,'Anapoima',1,25),(34,'Ancuya',1,52),(35,'Andalucía',1,76),(36,'Andes',1,5),(37,'Angelópolis',1,5),(38,'Angostura',1,5),(39,'Anolaima',1,25),(40,'Anorí',1,5),(41,'Anserma',1,17),(42,'Ansermanuevo',1,76),(43,'Anzoátegui',1,73),(44,'Anzá',1,5),(45,'Apartadó',1,5),(46,'Apulo',1,25),(47,'Apía',1,66),(48,'Aquitania',1,15),(49,'Aracataca',1,47),(50,'Aranzazu',1,17),(51,'Aratoca',1,68),(52,'Arauca',1,81),(53,'Arauquita',1,81),(54,'Arbeláez',1,25),(55,'Arboleda (Berruecos)',1,52),(56,'Arboledas',1,54),(57,'Arboletes',1,5),(58,'Arcabuco',1,15),(59,'Arenal',1,13),(60,'Argelia',1,5),(61,'Argelia',1,19),(62,'Argelia',1,76),(63,'Ariguaní (El Difícil)',1,47),(64,'Arjona',1,13),(65,'Armenia',1,5),(66,'Armenia',1,63),(67,'Armero (Guayabal)',1,73),(68,'Arroyohondo',1,13),(69,'Astrea',1,20),(70,'Ataco',1,73),(71,'Atrato (Yuto)',1,27),(72,'Ayapel',1,23),(73,'Bagadó',1,27),(74,'Bahía Solano (Mútis)',1,27),(75,'Bajo Baudó (Pizarro)',1,27),(76,'Balboa',1,19),(77,'Balboa',1,66),(78,'Baranoa',1,8),(79,'Baraya',1,41),(80,'Barbacoas',1,52),(81,'Barbosa',1,5),(82,'Barbosa',1,68),(83,'Barichara',1,68),(84,'Barranca de Upía',1,50),(85,'Barrancabermeja',1,68),(86,'Barrancas',1,44),(87,'Barranco de Loba',1,13),(88,'Barranquilla',1,8),(89,'Becerríl',1,20),(90,'Belalcázar',1,17),(91,'Bello',1,5),(92,'Belmira',1,5),(93,'Beltrán',1,25),(94,'Belén',1,15),(95,'Belén',1,52),(96,'Belén de Bajirá',1,27),(97,'Belén de Umbría',1,66),(98,'Belén de los Andaquíes',1,18),(99,'Berbeo',1,15),(100,'Betania',1,5),(101,'Beteitiva',1,15),(102,'Betulia',1,5),(103,'Betulia',1,68),(104,'Bituima',1,25),(105,'Boavita',1,15),(106,'Bochalema',1,54),(107,'Bogotá D.C.',1,11),(108,'Bojacá',1,25),(109,'Bojayá (Bellavista)',1,27),(110,'Bolívar',1,5),(111,'Bolívar',1,19),(112,'Bolívar',1,68),(113,'Bolívar',1,76),(114,'Bosconia',1,20),(115,'Boyacá',1,15),(116,'Briceño',1,5),(117,'Briceño',1,15),(118,'Bucaramanga',1,68),(119,'Bucarasica',1,54),(120,'Buenaventura',1,76),(121,'Buenavista',1,15),(122,'Buenavista',1,23),(123,'Buenavista',1,63),(124,'Buenavista',1,70),(125,'Buenos Aires',1,19),(126,'Buesaco',1,52),(127,'Buga',1,76),(128,'Bugalagrande',1,76),(129,'Burítica',1,5),(130,'Busbanza',1,15),(131,'Cabrera',1,25),(132,'Cabrera',1,68),(133,'Cabuyaro',1,50),(134,'Cachipay',1,25),(135,'Caicedo',1,5),(136,'Caicedonia',1,76),(137,'Caimito',1,70),(138,'Cajamarca',1,73),(139,'Cajibío',1,19),(140,'Cajicá',1,25),(141,'Calamar',1,13),(142,'Calamar',1,95),(143,'Calarcá',1,63),(144,'Caldas',1,5),(145,'Caldas',1,15),(146,'Caldono',1,19),(147,'California',1,68),(148,'Calima (Darién)',1,76),(149,'Caloto',1,19),(150,'Calí',1,76),(151,'Campamento',1,5),(152,'Campo de la Cruz',1,8),(153,'Campoalegre',1,41),(154,'Campohermoso',1,15),(155,'Canalete',1,23),(156,'Candelaria',1,8),(157,'Candelaria',1,76),(158,'Cantagallo',1,13),(159,'Cantón de San Pablo',1,27),(160,'Caparrapí',1,25),(161,'Capitanejo',1,68),(162,'Caracolí',1,5),(163,'Caramanta',1,5),(164,'Carcasí',1,68),(165,'Carepa',1,5),(166,'Carmen de Apicalá',1,73),(167,'Carmen de Carupa',1,25),(168,'Carmen de Viboral',1,5),(169,'Carmen del Darién (CURBARADÓ)',1,27),(170,'Carolina',1,5),(171,'Cartagena',1,13),(172,'Cartagena del Chairá',1,18),(173,'Cartago',1,76),(174,'Carurú',1,97),(175,'Casabianca',1,73),(176,'Castilla la Nueva',1,50),(177,'Caucasia',1,5),(178,'Cañasgordas',1,5),(179,'Cepita',1,68),(180,'Cereté',1,23),(181,'Cerinza',1,15),(182,'Cerrito',1,68),(183,'Cerro San Antonio',1,47),(184,'Chachaguí',1,52),(185,'Chaguaní',1,25),(186,'Chalán',1,70),(187,'Chaparral',1,73),(188,'Charalá',1,68),(189,'Charta',1,68),(190,'Chigorodó',1,5),(191,'Chima',1,68),(192,'Chimichagua',1,20),(193,'Chimá',1,23),(194,'Chinavita',1,15),(195,'Chinchiná',1,17),(196,'Chinácota',1,54),(197,'Chinú',1,23),(198,'Chipaque',1,25),(199,'Chipatá',1,68),(200,'Chiquinquirá',1,15),(201,'Chiriguaná',1,20),(202,'Chiscas',1,15),(203,'Chita',1,15),(204,'Chitagá',1,54),(205,'Chitaraque',1,15),(206,'Chivatá',1,15),(207,'Chivolo',1,47),(208,'Choachí',1,25),(209,'Chocontá',1,25),(210,'Chámeza',1,85),(211,'Chía',1,25),(212,'Chíquiza',1,15),(213,'Chívor',1,15),(214,'Cicuco',1,13),(215,'Cimitarra',1,68),(216,'Circasia',1,63),(217,'Cisneros',1,5),(218,'Ciénaga',1,15),(219,'Ciénaga',1,47),(220,'Ciénaga de Oro',1,23),(221,'Clemencia',1,13),(222,'Cocorná',1,5),(223,'Coello',1,73),(224,'Cogua',1,25),(225,'Colombia',1,41),(226,'Colosó (Ricaurte)',1,70),(227,'Colón',1,86),(228,'Colón (Génova)',1,52),(229,'Concepción',1,5),(230,'Concepción',1,68),(231,'Concordia',1,5),(232,'Concordia',1,47),(233,'Condoto',1,27),(234,'Confines',1,68),(235,'Consaca',1,52),(236,'Contadero',1,52),(237,'Contratación',1,68),(238,'Convención',1,54),(239,'Copacabana',1,5),(240,'Coper',1,15),(241,'Cordobá',1,63),(242,'Corinto',1,19),(243,'Coromoro',1,68),(244,'Corozal',1,70),(245,'Corrales',1,15),(246,'Cota',1,25),(247,'Cotorra',1,23),(248,'Covarachía',1,15),(249,'Coveñas',1,70),(250,'Coyaima',1,73),(251,'Cravo Norte',1,81),(252,'Cuaspud (Carlosama)',1,52),(253,'Cubarral',1,50),(254,'Cubará',1,15),(255,'Cucaita',1,15),(256,'Cucunubá',1,25),(257,'Cucutilla',1,54),(258,'Cuitiva',1,15),(259,'Cumaral',1,50),(260,'Cumaribo',1,99),(261,'Cumbal',1,52),(262,'Cumbitara',1,52),(263,'Cunday',1,73),(264,'Curillo',1,18),(265,'Curití',1,68),(266,'Curumaní',1,20),(267,'Cáceres',1,5),(268,'Cáchira',1,54),(269,'Cácota',1,54),(270,'Cáqueza',1,25),(271,'Cértegui',1,27),(272,'Cómbita',1,15),(273,'Córdoba',1,13),(274,'Córdoba',1,52),(275,'Cúcuta',1,54),(276,'Dabeiba',1,5),(277,'Dagua',1,76),(278,'Dibulla',1,44),(279,'Distracción',1,44),(280,'Dolores',1,73),(281,'Don Matías',1,5),(282,'Dos Quebradas',1,66),(283,'Duitama',1,15),(284,'Durania',1,54),(285,'Ebéjico',1,5),(286,'El Bagre',1,5),(287,'El Banco',1,47),(288,'El Cairo',1,76),(289,'El Calvario',1,50),(290,'El Carmen',1,54),(291,'El Carmen',1,68),(292,'El Carmen de Atrato',1,27),(293,'El Carmen de Bolívar',1,13),(294,'El Castillo',1,50),(295,'El Cerrito',1,76),(296,'El Charco',1,52),(297,'El Cocuy',1,15),(298,'El Colegio',1,25),(299,'El Copey',1,20),(300,'El Doncello',1,18),(301,'El Dorado',1,50),(302,'El Dovio',1,76),(303,'El Espino',1,15),(304,'El Guacamayo',1,68),(305,'El Guamo',1,13),(306,'El Molino',1,44),(307,'El Paso',1,20),(308,'El Paujil',1,18),(309,'El Peñol',1,52),(310,'El Peñon',1,13),(311,'El Peñon',1,68),(312,'El Peñón',1,25),(313,'El Piñon',1,47),(314,'El Playón',1,68),(315,'El Retorno',1,95),(316,'El Retén',1,47),(317,'El Roble',1,70),(318,'El Rosal',1,25),(319,'El Rosario',1,52),(320,'El Tablón de Gómez',1,52),(321,'El Tambo',1,19),(322,'El Tambo',1,52),(323,'El Tarra',1,54),(324,'El Zulia',1,54),(325,'El Águila',1,76),(326,'Elías',1,41),(327,'Encino',1,68),(328,'Enciso',1,68),(329,'Entrerríos',1,5),(330,'Envigado',1,5),(331,'Espinal',1,73),(332,'Facatativá',1,25),(333,'Falan',1,73),(334,'Filadelfia',1,17),(335,'Filandia',1,63),(336,'Firavitoba',1,15),(337,'Flandes',1,73),(338,'Florencia',1,18),(339,'Florencia',1,19),(340,'Floresta',1,15),(341,'Florida',1,76),(342,'Floridablanca',1,68),(343,'Florián',1,68),(344,'Fonseca',1,44),(345,'Fortúl',1,81),(346,'Fosca',1,25),(347,'Francisco Pizarro',1,52),(348,'Fredonia',1,5),(349,'Fresno',1,73),(350,'Frontino',1,5),(351,'Fuente de Oro',1,50),(352,'Fundación',1,47),(353,'Funes',1,52),(354,'Funza',1,25),(355,'Fusagasugá',1,25),(356,'Fómeque',1,25),(357,'Fúquene',1,25),(358,'Gachalá',1,25),(359,'Gachancipá',1,25),(360,'Gachantivá',1,15),(361,'Gachetá',1,25),(362,'Galapa',1,8),(363,'Galeras (Nueva Granada)',1,70),(364,'Galán',1,68),(365,'Gama',1,25),(366,'Gamarra',1,20),(367,'Garagoa',1,15),(368,'Garzón',1,41),(369,'Gigante',1,41),(370,'Ginebra',1,76),(371,'Giraldo',1,5),(372,'Girardot',1,25),(373,'Girardota',1,5),(374,'Girón',1,68),(375,'Gonzalez',1,20),(376,'Gramalote',1,54),(377,'Granada',1,5),(378,'Granada',1,25),(379,'Granada',1,50),(380,'Guaca',1,68),(381,'Guacamayas',1,15),(382,'Guacarí',1,76),(383,'Guachavés',1,52),(384,'Guachené',1,19),(385,'Guachetá',1,25),(386,'Guachucal',1,52),(387,'Guadalupe',1,5),(388,'Guadalupe',1,41),(389,'Guadalupe',1,68),(390,'Guaduas',1,25),(391,'Guaitarilla',1,52),(392,'Gualmatán',1,52),(393,'Guamal',1,47),(394,'Guamal',1,50),(395,'Guamo',1,73),(396,'Guapota',1,68),(397,'Guapí',1,19),(398,'Guaranda',1,70),(399,'Guarne',1,5),(400,'Guasca',1,25),(401,'Guatapé',1,5),(402,'Guataquí',1,25),(403,'Guatavita',1,25),(404,'Guateque',1,15),(405,'Guavatá',1,68),(406,'Guayabal de Siquima',1,25),(407,'Guayabetal',1,25),(408,'Guayatá',1,15),(409,'Guepsa',1,68),(410,'Guicán',1,15),(411,'Gutiérrez',1,25),(412,'Guática',1,66),(413,'Gámbita',1,68),(414,'Gámeza',1,15),(415,'Génova',1,63),(416,'Gómez Plata',1,5),(417,'Hacarí',1,54),(418,'Hatillo de Loba',1,13),(419,'Hato',1,68),(420,'Hato Corozal',1,85),(421,'Hatonuevo',1,44),(422,'Heliconia',1,5),(423,'Herrán',1,54),(424,'Herveo',1,73),(425,'Hispania',1,5),(426,'Hobo',1,41),(427,'Honda',1,73),(428,'Ibagué',1,73),(429,'Icononzo',1,73),(430,'Iles',1,52),(431,'Imúes',1,52),(432,'Inzá',1,19),(433,'Inírida',1,94),(434,'Ipiales',1,52),(435,'Isnos',1,41),(436,'Istmina',1,27),(437,'Itagüí',1,5),(438,'Ituango',1,5),(439,'Izá',1,15),(440,'Jambaló',1,19),(441,'Jamundí',1,76),(442,'Jardín',1,5),(443,'Jenesano',1,15),(444,'Jericó',1,5),(445,'Jericó',1,15),(446,'Jerusalén',1,25),(447,'Jesús María',1,68),(448,'Jordán',1,68),(449,'Juan de Acosta',1,8),(450,'Junín',1,25),(451,'Juradó',1,27),(452,'La Apartada y La Frontera',1,23),(453,'La Argentina',1,41),(454,'La Belleza',1,68),(455,'La Calera',1,25),(456,'La Capilla',1,15),(457,'La Ceja',1,5),(458,'La Celia',1,66),(459,'La Cruz',1,52),(460,'La Cumbre',1,76),(461,'La Dorada',1,17),(462,'La Esperanza',1,54),(463,'La Estrella',1,5),(464,'La Florida',1,52),(465,'La Gloria',1,20),(466,'La Jagua de Ibirico',1,20),(467,'La Jagua del Pilar',1,44),(468,'La Llanada',1,52),(469,'La Macarena',1,50),(470,'La Merced',1,17),(471,'La Mesa',1,25),(472,'La Montañita',1,18),(473,'La Palma',1,25),(474,'La Paz',1,68),(475,'La Paz (Robles)',1,20),(476,'La Peña',1,25),(477,'La Pintada',1,5),(478,'La Plata',1,41),(479,'La Playa',1,54),(480,'La Primavera',1,99),(481,'La Salina',1,85),(482,'La Sierra',1,19),(483,'La Tebaida',1,63),(484,'La Tola',1,52),(485,'La Unión',1,5),(486,'La Unión',1,52),(487,'La Unión',1,70),(488,'La Unión',1,76),(489,'La Uvita',1,15),(490,'La Vega',1,19),(491,'La Vega',1,25),(492,'La Victoria',1,15),(493,'La Victoria',1,17),(494,'La Victoria',1,76),(495,'La Virginia',1,66),(496,'Labateca',1,54),(497,'Labranzagrande',1,15),(498,'Landázuri',1,68),(499,'Lebrija',1,68),(500,'Leiva',1,52),(501,'Lejanías',1,50),(502,'Lenguazaque',1,25),(503,'Leticia',1,91),(504,'Liborina',1,5),(505,'Linares',1,52),(506,'Lloró',1,27),(507,'Lorica',1,23),(508,'Los Córdobas',1,23),(509,'Los Palmitos',1,70),(510,'Los Patios',1,54),(511,'Los Santos',1,68),(512,'Lourdes',1,54),(513,'Luruaco',1,8),(514,'Lérida',1,73),(515,'Líbano',1,73),(516,'López (Micay)',1,19),(517,'Macanal',1,15),(518,'Macaravita',1,68),(519,'Maceo',1,5),(520,'Machetá',1,25),(521,'Madrid',1,25),(522,'Magangué',1,13),(523,'Magüi (Payán)',1,52),(524,'Mahates',1,13),(525,'Maicao',1,44),(526,'Majagual',1,70),(527,'Malambo',1,8),(528,'Mallama (Piedrancha)',1,52),(529,'Manatí',1,8),(530,'Manaure',1,44),(531,'Manaure Balcón del Cesar',1,20),(532,'Manizales',1,17),(533,'Manta',1,25),(534,'Manzanares',1,17),(535,'Maní',1,85),(536,'Mapiripan',1,50),(537,'Margarita',1,13),(538,'Marinilla',1,5),(539,'Maripí',1,15),(540,'Mariquita',1,73),(541,'Marmato',1,17),(542,'Marquetalia',1,17),(543,'Marsella',1,66),(544,'Marulanda',1,17),(545,'María la Baja',1,13),(546,'Matanza',1,68),(547,'Medellín',1,5),(548,'Medina',1,25),(549,'Medio Atrato',1,27),(550,'Medio Baudó',1,27),(551,'Medio San Juan (ANDAGOYA)',1,27),(552,'Melgar',1,73),(553,'Mercaderes',1,19),(554,'Mesetas',1,50),(555,'Milán',1,18),(556,'Miraflores',1,15),(557,'Miraflores',1,95),(558,'Miranda',1,19),(559,'Mistrató',1,66),(560,'Mitú',1,97),(561,'Mocoa',1,86),(562,'Mogotes',1,68),(563,'Molagavita',1,68),(564,'Momil',1,23),(565,'Mompós',1,13),(566,'Mongua',1,15),(567,'Monguí',1,15),(568,'Moniquirá',1,15),(569,'Montebello',1,5),(570,'Montecristo',1,13),(571,'Montelíbano',1,23),(572,'Montenegro',1,63),(573,'Monteria',1,23),(574,'Monterrey',1,85),(575,'Morales',1,13),(576,'Morales',1,19),(577,'Morelia',1,18),(578,'Morroa',1,70),(579,'Mosquera',1,25),(580,'Mosquera',1,52),(581,'Motavita',1,15),(582,'Moñitos',1,23),(583,'Murillo',1,73),(584,'Murindó',1,5),(585,'Mutatá',1,5),(586,'Mutiscua',1,54),(587,'Muzo',1,15),(588,'Málaga',1,68),(589,'Nariño',1,5),(590,'Nariño',1,25),(591,'Nariño',1,52),(592,'Natagaima',1,73),(593,'Nechí',1,5),(594,'Necoclí',1,5),(595,'Neira',1,17),(596,'Neiva',1,41),(597,'Nemocón',1,25),(598,'Nilo',1,25),(599,'Nimaima',1,25),(600,'Nobsa',1,15),(601,'Nocaima',1,25),(602,'Norcasia',1,17),(603,'Norosí',1,13),(604,'Novita',1,27),(605,'Nueva Granada',1,47),(606,'Nuevo Colón',1,15),(607,'Nunchía',1,85),(608,'Nuquí',1,27),(609,'Nátaga',1,41),(610,'Obando',1,76),(611,'Ocamonte',1,68),(612,'Ocaña',1,54),(613,'Oiba',1,68),(614,'Oicatá',1,15),(615,'Olaya',1,5),(616,'Olaya Herrera',1,52),(617,'Onzaga',1,68),(618,'Oporapa',1,41),(619,'Orito',1,86),(620,'Orocué',1,85),(621,'Ortega',1,73),(622,'Ospina',1,52),(623,'Otanche',1,15),(624,'Ovejas',1,70),(625,'Pachavita',1,15),(626,'Pacho',1,25),(627,'Padilla',1,19),(628,'Paicol',1,41),(629,'Pailitas',1,20),(630,'Paime',1,25),(631,'Paipa',1,15),(632,'Pajarito',1,15),(633,'Palermo',1,41),(634,'Palestina',1,17),(635,'Palestina',1,41),(636,'Palmar',1,68),(637,'Palmar de Varela',1,8),(638,'Palmas del Socorro',1,68),(639,'Palmira',1,76),(640,'Palmito',1,70),(641,'Palocabildo',1,73),(642,'Pamplona',1,54),(643,'Pamplonita',1,54),(644,'Pandi',1,25),(645,'Panqueba',1,15),(646,'Paratebueno',1,25),(647,'Pasca',1,25),(648,'Patía (El Bordo)',1,19),(649,'Pauna',1,15),(650,'Paya',1,15),(651,'Paz de Ariporo',1,85),(652,'Paz de Río',1,15),(653,'Pedraza',1,47),(654,'Pelaya',1,20),(655,'Pensilvania',1,17),(656,'Peque',1,5),(657,'Pereira',1,66),(658,'Pesca',1,15),(659,'Peñol',1,5),(660,'Piamonte',1,19),(661,'Pie de Cuesta',1,68),(662,'Piedras',1,73),(663,'Piendamó',1,19),(664,'Pijao',1,63),(665,'Pijiño',1,47),(666,'Pinchote',1,68),(667,'Pinillos',1,13),(668,'Piojo',1,8),(669,'Pisva',1,15),(670,'Pital',1,41),(671,'Pitalito',1,41),(672,'Pivijay',1,47),(673,'Planadas',1,73),(674,'Planeta Rica',1,23),(675,'Plato',1,47),(676,'Policarpa',1,52),(677,'Polonuevo',1,8),(678,'Ponedera',1,8),(679,'Popayán',1,19),(680,'Pore',1,85),(681,'Potosí',1,52),(682,'Pradera',1,76),(683,'Prado',1,73),(684,'Providencia',1,52),(685,'Providencia',1,88),(686,'Pueblo Bello',1,20),(687,'Pueblo Nuevo',1,23),(688,'Pueblo Rico',1,66),(689,'Pueblorrico',1,5),(690,'Puebloviejo',1,47),(691,'Puente Nacional',1,68),(692,'Puerres',1,52),(693,'Puerto Asís',1,86),(694,'Puerto Berrío',1,5),(695,'Puerto Boyacá',1,15),(696,'Puerto Caicedo',1,86),(697,'Puerto Carreño',1,99),(698,'Puerto Colombia',1,8),(699,'Puerto Concordia',1,50),(700,'Puerto Escondido',1,23),(701,'Puerto Gaitán',1,50),(702,'Puerto Guzmán',1,86),(703,'Puerto Leguízamo',1,86),(704,'Puerto Libertador',1,23),(705,'Puerto Lleras',1,50),(706,'Puerto López',1,50),(707,'Puerto Nare',1,5),(708,'Puerto Nariño',1,91),(709,'Puerto Parra',1,68),(710,'Puerto Rico',1,18),(711,'Puerto Rico',1,50),(712,'Puerto Rondón',1,81),(713,'Puerto Salgar',1,25),(714,'Puerto Santander',1,54),(715,'Puerto Tejada',1,19),(716,'Puerto Triunfo',1,5),(717,'Puerto Wilches',1,68),(718,'Pulí',1,25),(719,'Pupiales',1,52),(720,'Puracé (Coconuco)',1,19),(721,'Purificación',1,73),(722,'Purísima',1,23),(723,'Pácora',1,17),(724,'Páez',1,15),(725,'Páez (Belalcazar)',1,19),(726,'Páramo',1,68),(727,'Quebradanegra',1,25),(728,'Quetame',1,25),(729,'Quibdó',1,27),(730,'Quimbaya',1,63),(731,'Quinchía',1,66),(732,'Quipama',1,15),(733,'Quipile',1,25),(734,'Ragonvalia',1,54),(735,'Ramiriquí',1,15),(736,'Recetor',1,85),(737,'Regidor',1,13),(738,'Remedios',1,5),(739,'Remolino',1,47),(740,'Repelón',1,8),(741,'Restrepo',1,50),(742,'Restrepo',1,76),(743,'Retiro',1,5),(744,'Ricaurte',1,25),(745,'Ricaurte',1,52),(746,'Rio Negro',1,68),(747,'Rioblanco',1,73),(748,'Riofrío',1,76),(749,'Riohacha',1,44),(750,'Risaralda',1,17),(751,'Rivera',1,41),(752,'Roberto Payán (San José)',1,52),(753,'Roldanillo',1,76),(754,'Roncesvalles',1,73),(755,'Rondón',1,15),(756,'Rosas',1,19),(757,'Rovira',1,73),(758,'Ráquira',1,15),(759,'Río Iró',1,27),(760,'Río Quito',1,27),(761,'Río Sucio',1,17),(762,'Río Viejo',1,13),(763,'Río de oro',1,20),(764,'Ríonegro',1,5),(765,'Ríosucio',1,27),(766,'Sabana de Torres',1,68),(767,'Sabanagrande',1,8),(768,'Sabanalarga',1,5),(769,'Sabanalarga',1,8),(770,'Sabanalarga',1,85),(771,'Sabanas de San Angel (SAN ANGEL)',1,47),(772,'Sabaneta',1,5),(773,'Saboyá',1,15),(774,'Sahagún',1,23),(775,'Saladoblanco',1,41),(776,'Salamina',1,17),(777,'Salamina',1,47),(778,'Salazar',1,54),(779,'Saldaña',1,73),(780,'Salento',1,63),(781,'Salgar',1,5),(782,'Samacá',1,15),(783,'Samaniego',1,52),(784,'Samaná',1,17),(785,'Sampués',1,70),(786,'San Agustín',1,41),(787,'San Alberto',1,20),(788,'San Andrés',1,68),(789,'San Andrés Sotavento',1,23),(790,'San Andrés de Cuerquía',1,5),(791,'San Antero',1,23),(792,'San Antonio',1,73),(793,'San Antonio de Tequendama',1,25),(794,'San Benito',1,68),(795,'San Benito Abad',1,70),(796,'San Bernardo',1,25),(797,'San Bernardo',1,52),(798,'San Bernardo del Viento',1,23),(799,'San Calixto',1,54),(800,'San Carlos',1,5),(801,'San Carlos',1,23),(802,'San Carlos de Guaroa',1,50),(803,'San Cayetano',1,25),(804,'San Cayetano',1,54),(805,'San Cristobal',1,13),(806,'San Diego',1,20),(807,'San Eduardo',1,15),(808,'San Estanislao',1,13),(809,'San Fernando',1,13),(810,'San Francisco',1,5),(811,'San Francisco',1,25),(812,'San Francisco',1,86),(813,'San Gíl',1,68),(814,'San Jacinto',1,13),(815,'San Jacinto del Cauca',1,13),(816,'San Jerónimo',1,5),(817,'San Joaquín',1,68),(818,'San José',1,17),(819,'San José de Miranda',1,68),(820,'San José de Montaña',1,5),(821,'San José de Pare',1,15),(822,'San José de Uré',1,23),(823,'San José del Fragua',1,18),(824,'San José del Guaviare',1,95),(825,'San José del Palmar',1,27),(826,'San Juan de Arama',1,50),(827,'San Juan de Betulia',1,70),(828,'San Juan de Nepomuceno',1,13),(829,'San Juan de Pasto',1,52),(830,'San Juan de Río Seco',1,25),(831,'San Juan de Urabá',1,5),(832,'San Juan del Cesar',1,44),(833,'San Juanito',1,50),(834,'San Lorenzo',1,52),(835,'San Luis',1,73),(836,'San Luís',1,5),(837,'San Luís de Gaceno',1,15),(838,'San Luís de Palenque',1,85),(839,'San Marcos',1,70),(840,'San Martín',1,20),(841,'San Martín',1,50),(842,'San Martín de Loba',1,13),(843,'San Mateo',1,15),(844,'San Miguel',1,68),(845,'San Miguel',1,86),(846,'San Miguel de Sema',1,15),(847,'San Onofre',1,70),(848,'San Pablo',1,13),(849,'San Pablo',1,52),(850,'San Pablo de Borbur',1,15),(851,'San Pedro',1,5),(852,'San Pedro',1,70),(853,'San Pedro',1,76),(854,'San Pedro de Cartago',1,52),(855,'San Pedro de Urabá',1,5),(856,'San Pelayo',1,23),(857,'San Rafael',1,5),(858,'San Roque',1,5),(859,'San Sebastián',1,19),(860,'San Sebastián de Buenavista',1,47),(861,'San Vicente',1,5),(862,'San Vicente del Caguán',1,18),(863,'San Vicente del Chucurí',1,68),(864,'San Zenón',1,47),(865,'Sandoná',1,52),(866,'Santa Ana',1,47),(867,'Santa Bárbara',1,5),(868,'Santa Bárbara',1,68),(869,'Santa Bárbara (Iscuandé)',1,52),(870,'Santa Bárbara de Pinto',1,47),(871,'Santa Catalina',1,13),(872,'Santa Fé de Antioquia',1,5),(873,'Santa Genoveva de Docorodó',1,27),(874,'Santa Helena del Opón',1,68),(875,'Santa Isabel',1,73),(876,'Santa Lucía',1,8),(877,'Santa Marta',1,47),(878,'Santa María',1,15),(879,'Santa María',1,41),(880,'Santa Rosa',1,13),(881,'Santa Rosa',1,19),(882,'Santa Rosa de Cabal',1,66),(883,'Santa Rosa de Osos',1,5),(884,'Santa Rosa de Viterbo',1,15),(885,'Santa Rosa del Sur',1,13),(886,'Santa Rosalía',1,99),(887,'Santa Sofía',1,15),(888,'Santana',1,15),(889,'Santander de Quilichao',1,19),(890,'Santiago',1,54),(891,'Santiago',1,86),(892,'Santo Domingo',1,5),(893,'Santo Tomás',1,8),(894,'Santuario',1,5),(895,'Santuario',1,66),(896,'Sapuyes',1,52),(897,'Saravena',1,81),(898,'Sardinata',1,54),(899,'Sasaima',1,25),(900,'Sativanorte',1,15),(901,'Sativasur',1,15),(902,'Segovia',1,5),(903,'Sesquilé',1,25),(904,'Sevilla',1,76),(905,'Siachoque',1,15),(906,'Sibaté',1,25),(907,'Sibundoy',1,86),(908,'Silos',1,54),(909,'Silvania',1,25),(910,'Silvia',1,19),(911,'Simacota',1,68),(912,'Simijaca',1,25),(913,'Simití',1,13),(914,'Sincelejo',1,70),(915,'Sincé',1,70),(916,'Sipí',1,27),(917,'Sitionuevo',1,47),(918,'Soacha',1,25),(919,'Soatá',1,15),(920,'Socha',1,15),(921,'Socorro',1,68),(922,'Socotá',1,15),(923,'Sogamoso',1,15),(924,'Solano',1,18),(925,'Soledad',1,8),(926,'Solita',1,18),(927,'Somondoco',1,15),(928,'Sonsón',1,5),(929,'Sopetrán',1,5),(930,'Soplaviento',1,13),(931,'Sopó',1,25),(932,'Sora',1,15),(933,'Soracá',1,15),(934,'Sotaquirá',1,15),(935,'Sotara (Paispamba)',1,19),(936,'Sotomayor (Los Andes)',1,52),(937,'Suaita',1,68),(938,'Suan',1,8),(939,'Suaza',1,41),(940,'Subachoque',1,25),(941,'Sucre',1,19),(942,'Sucre',1,68),(943,'Sucre',1,70),(944,'Suesca',1,25),(945,'Supatá',1,25),(946,'Supía',1,17),(947,'Suratá',1,68),(948,'Susa',1,25),(949,'Susacón',1,15),(950,'Sutamarchán',1,15),(951,'Sutatausa',1,25),(952,'Sutatenza',1,15),(953,'Suárez',1,19),(954,'Suárez',1,73),(955,'Sácama',1,85),(956,'Sáchica',1,15),(957,'Tabio',1,25),(958,'Tadó',1,27),(959,'Talaigua Nuevo',1,13),(960,'Tamalameque',1,20),(961,'Tame',1,81),(962,'Taminango',1,52),(963,'Tangua',1,52),(964,'Taraira',1,97),(965,'Tarazá',1,5),(966,'Tarqui',1,41),(967,'Tarso',1,5),(968,'Tasco',1,15),(969,'Tauramena',1,85),(970,'Tausa',1,25),(971,'Tello',1,41),(972,'Tena',1,25),(973,'Tenerife',1,47),(974,'Tenjo',1,25),(975,'Tenza',1,15),(976,'Teorama',1,54),(977,'Teruel',1,41),(978,'Tesalia',1,41),(979,'Tibacuy',1,25),(980,'Tibaná',1,15),(981,'Tibasosa',1,15),(982,'Tibirita',1,25),(983,'Tibú',1,54),(984,'Tierralta',1,23),(985,'Timaná',1,41),(986,'Timbiquí',1,19),(987,'Timbío',1,19),(988,'Tinjacá',1,15),(989,'Tipacoque',1,15),(990,'Tiquisio (Puerto Rico)',1,13),(991,'Titiribí',1,5),(992,'Toca',1,15),(993,'Tocaima',1,25),(994,'Tocancipá',1,25),(995,'Toguí',1,15),(996,'Toledo',1,5),(997,'Toledo',1,54),(998,'Tolú',1,70),(999,'Tolú Viejo',1,70),(1000,'Tona',1,68),(1001,'Topagá',1,15),(1002,'Topaipí',1,25),(1003,'Toribío',1,19),(1004,'Toro',1,76),(1005,'Tota',1,15),(1006,'Totoró',1,19),(1007,'Trinidad',1,85),(1008,'Trujillo',1,76),(1009,'Tubará',1,8),(1010,'Tuchín',1,23),(1011,'Tulúa',1,76),(1012,'Tumaco',1,52),(1013,'Tunja',1,15),(1014,'Tunungua',1,15),(1015,'Turbaco',1,13),(1016,'Turbaná',1,13),(1017,'Turbo',1,5),(1018,'Turmequé',1,15),(1019,'Tuta',1,15),(1020,'Tutasá',1,15),(1021,'Támara',1,85),(1022,'Támesis',1,5),(1023,'Túquerres',1,52),(1024,'Ubalá',1,25),(1025,'Ubaque',1,25),(1026,'Ubaté',1,25),(1027,'Ulloa',1,76),(1028,'Une',1,25),(1029,'Unguía',1,27),(1030,'Unión Panamericana (ÁNIMAS)',1,27),(1031,'Uramita',1,5),(1032,'Uribe',1,50),(1033,'Uribia',1,44),(1034,'Urrao',1,5),(1035,'Urumita',1,44),(1036,'Usiacuri',1,8),(1037,'Valdivia',1,5),(1038,'Valencia',1,23),(1039,'Valle de San José',1,68),(1040,'Valle de San Juan',1,73),(1041,'Valle del Guamuez',1,86),(1042,'Valledupar',1,20),(1043,'Valparaiso',1,5),(1044,'Valparaiso',1,18),(1045,'Vegachí',1,5),(1046,'Venadillo',1,73),(1047,'Venecia',1,5),(1048,'Venecia (Ospina Pérez)',1,25),(1049,'Ventaquemada',1,15),(1050,'Vergara',1,25),(1051,'Versalles',1,76),(1052,'Vetas',1,68),(1053,'Viani',1,25),(1054,'Vigía del Fuerte',1,5),(1055,'Vijes',1,76),(1056,'Villa Caro',1,54),(1057,'Villa Rica',1,19),(1058,'Villa de Leiva',1,15),(1059,'Villa del Rosario',1,54),(1060,'Villagarzón',1,86),(1061,'Villagómez',1,25),(1062,'Villahermosa',1,73),(1063,'Villamaría',1,17),(1064,'Villanueva',1,13),(1065,'Villanueva',1,44),(1066,'Villanueva',1,68),(1067,'Villanueva',1,85),(1068,'Villapinzón',1,25),(1069,'Villarrica',1,73),(1070,'Villavicencio',1,50),(1071,'Villavieja',1,41),(1072,'Villeta',1,25),(1073,'Viotá',1,25),(1074,'Viracachá',1,15),(1075,'Vista Hermosa',1,50),(1076,'Viterbo',1,17),(1077,'Vélez',1,68),(1078,'Yacopí',1,25),(1079,'Yacuanquer',1,52),(1080,'Yaguará',1,41),(1081,'Yalí',1,5),(1082,'Yarumal',1,5),(1083,'Yolombó',1,5),(1084,'Yondó (Casabe)',1,5),(1085,'Yopal',1,85),(1086,'Yotoco',1,76),(1087,'Yumbo',1,76),(1088,'Zambrano',1,13),(1089,'Zapatoca',1,68),(1090,'Zapayán (PUNTA DE PIEDRAS)',1,47),(1091,'Zaragoza',1,5),(1092,'Zarzal',1,76),(1093,'Zetaquirá',1,15),(1094,'Zipacón',1,25),(1095,'Zipaquirá',1,25),(1096,'Zona Bananera (PRADO - SEVILLA)',1,47),(1097,'Ábrego',1,54),(1098,'Íquira',1,41),(1099,'Úmbita',1,15),(1100,'Útica',1,25);
/*!40000 ALTER TABLE `municipios` ENABLE KEYS */;
UNLOCK TABLES;

--
-- Table structure for table `payment_method`
--

DROP TABLE IF EXISTS `payment_method`;
/*!40101 SET @saved_cs_client     = @@character_set_client */;
/*!40101 SET character_set_client = utf8 */;
CREATE TABLE `payment_method` (
  `id` bigint(20) NOT NULL AUTO_INCREMENT,
  `code` varchar(45) NOT NULL,
  `name` varchar(45) NOT NULL,
  `creation_date` timestamp NOT NULL DEFAULT CURRENT_TIMESTAMP ON UPDATE CURRENT_TIMESTAMP,
  `modify_date` timestamp NOT NULL DEFAULT CURRENT_TIMESTAMP ON UPDATE CURRENT_TIMESTAMP,
  `archived` bit(1) NOT NULL DEFAULT b'0',
  PRIMARY KEY (`id`)
) ENGINE=InnoDB AUTO_INCREMENT=5 DEFAULT CHARSET=utf8;
/*!40101 SET character_set_client = @saved_cs_client */;

--
-- Dumping data for table `payment_method`
--

LOCK TABLES `payment_method` WRITE;
/*!40000 ALTER TABLE `payment_method` DISABLE KEYS */;
INSERT INTO `payment_method` VALUES (1,'CASH','Efectivo','2018-12-12 10:37:15','2018-12-12 10:37:15','\0'),(2,'BANK_TRANSFER','Transferencia bancaria','2018-12-12 10:37:16','2018-12-12 10:37:16','\0'),(3,'BANK_DEPOSIT','Consignación bancaria','2018-12-12 10:37:16','2018-12-12 10:37:16','\0'),(4,'ONLINE','Pago en línea','2018-12-12 10:37:16','2018-12-12 10:37:16','\0');
/*!40000 ALTER TABLE `payment_method` ENABLE KEYS */;
UNLOCK TABLES;

--
-- Table structure for table `payment_type`
--

DROP TABLE IF EXISTS `payment_type`;
/*!40101 SET @saved_cs_client     = @@character_set_client */;
/*!40101 SET character_set_client = utf8 */;
CREATE TABLE `payment_type` (
  `id` bigint(20) NOT NULL AUTO_INCREMENT,
  `code` varchar(45) NOT NULL,
  `name` varchar(45) NOT NULL,
  `creation_date` timestamp NOT NULL DEFAULT CURRENT_TIMESTAMP ON UPDATE CURRENT_TIMESTAMP,
  `modify_date` timestamp NOT NULL DEFAULT CURRENT_TIMESTAMP ON UPDATE CURRENT_TIMESTAMP,
  `archived` bit(1) NOT NULL DEFAULT b'0',
  PRIMARY KEY (`id`)
) ENGINE=InnoDB AUTO_INCREMENT=3 DEFAULT CHARSET=utf8;
/*!40101 SET character_set_client = @saved_cs_client */;

--
-- Dumping data for table `payment_type`
--

LOCK TABLES `payment_type` WRITE;
/*!40000 ALTER TABLE `payment_type` DISABLE KEYS */;
INSERT INTO `payment_type` VALUES (1,'1\r\n','Pago inmediato','2018-12-31 17:25:38','2018-12-31 17:25:38','\0'),(2,'PAID','Pago en el momento','2019-01-16 03:19:51','2019-01-16 03:19:51','\0');
/*!40000 ALTER TABLE `payment_type` ENABLE KEYS */;
UNLOCK TABLES;

--
-- Table structure for table `permission`
--

DROP TABLE IF EXISTS `permission`;
/*!40101 SET @saved_cs_client     = @@character_set_client */;
/*!40101 SET character_set_client = utf8 */;
CREATE TABLE `permission` (
  `id` bigint(20) NOT NULL AUTO_INCREMENT,
  `creation_date` timestamp NOT NULL DEFAULT CURRENT_TIMESTAMP ON UPDATE CURRENT_TIMESTAMP,
  `modify_date` timestamp NOT NULL DEFAULT CURRENT_TIMESTAMP ON UPDATE CURRENT_TIMESTAMP,
  `archived` bit(1) NOT NULL DEFAULT b'0',
  `view` bit(1) NOT NULL DEFAULT b'0',
  `edit` bit(1) NOT NULL DEFAULT b'0',
  `delete` bit(1) NOT NULL DEFAULT b'0',
  `menu_id` bigint(20) NOT NULL,
  `role_id` bigint(20) NOT NULL,
  PRIMARY KEY (`id`),
  KEY `fk_permission_menu_idx` (`menu_id`),
  KEY `fk_permission_role_idx` (`role_id`),
  CONSTRAINT `fk_permission_menu` FOREIGN KEY (`menu_id`) REFERENCES `menu` (`id`),
  CONSTRAINT `fk_permission_role` FOREIGN KEY (`role_id`) REFERENCES `role` (`id`)
) ENGINE=InnoDB AUTO_INCREMENT=18 DEFAULT CHARSET=latin1;
/*!40101 SET character_set_client = @saved_cs_client */;

--
-- Dumping data for table `permission`
--

LOCK TABLES `permission` WRITE;
/*!40000 ALTER TABLE `permission` DISABLE KEYS */;
INSERT INTO `permission` VALUES (1,'2019-01-23 19:43:39','2019-01-23 19:43:39','\0','','','',1,1),(2,'2019-01-23 19:43:39','2019-01-23 19:43:39','\0','','','',2,1),(3,'2019-01-23 19:43:39','2019-01-23 19:43:39','\0','','','',3,1),(4,'2019-01-23 19:43:39','2019-01-23 19:43:39','\0','','','',4,1),(5,'2019-01-23 19:43:39','2019-01-23 19:43:39','\0','','','',5,1),(6,'2019-01-23 19:43:39','2019-01-23 19:43:39','\0','','','',6,1),(7,'2019-01-23 19:43:39','2019-01-23 19:43:39','\0','','','',7,1),(8,'2019-01-23 19:43:39','2019-01-23 19:43:39','\0','','','',8,1),(9,'2019-01-23 19:43:39','2019-01-23 19:43:39','\0','','','',9,1),(10,'2019-01-23 21:15:20','2019-01-23 21:15:20','\0','','','',13,1),(11,'2019-01-23 21:15:20','2019-01-23 21:15:20','\0','','','',12,1),(12,'2019-01-23 21:15:20','2019-01-23 21:15:20','\0','','','',11,1),(13,'2019-01-23 21:15:20','2019-01-23 21:15:20','\0','','','',10,1),(14,'2019-01-23 21:43:41','2019-01-23 21:43:41','\0','','','',14,1),(15,'2019-01-23 21:47:37','2019-01-23 21:47:37','\0','','','',15,1),(16,'2019-01-24 18:48:14','2019-01-24 18:48:14','\0','','','',16,1),(17,'2019-01-24 18:48:27','2019-01-24 18:48:27','\0','','','',17,1);
/*!40000 ALTER TABLE `permission` ENABLE KEYS */;
UNLOCK TABLES;

--
-- Table structure for table `person`
--

DROP TABLE IF EXISTS `person`;
/*!40101 SET @saved_cs_client     = @@character_set_client */;
/*!40101 SET character_set_client = utf8 */;
CREATE TABLE `person` (
  `id` bigint(20) NOT NULL AUTO_INCREMENT,
  `document_type` varchar(45) NOT NULL,
  `document_number` varchar(45) NOT NULL,
  `name` varchar(45) NOT NULL,
  `last_name` varchar(45) DEFAULT NULL,
  `type` varchar(45) NOT NULL,
  `contact_name` varchar(50) DEFAULT NULL,
  `address` varchar(100) DEFAULT '',
  `city_id` bigint(20) DEFAULT NULL,
  `neighborhood` varchar(45) DEFAULT NULL,
  `mobile` varchar(20) DEFAULT '',
  `phone` varchar(20) DEFAULT '',
  `email` varchar(50) DEFAULT '',
  `web_site` varchar(250) DEFAULT '',
  `bank_account_id` bigint(20) DEFAULT NULL,
  `creation_date` timestamp NOT NULL DEFAULT CURRENT_TIMESTAMP ON UPDATE CURRENT_TIMESTAMP,
  `modify_date` timestamp NOT NULL DEFAULT CURRENT_TIMESTAMP ON UPDATE CURRENT_TIMESTAMP,
  `archived` bit(1) NOT NULL,
  PRIMARY KEY (`id`,`archived`),
  UNIQUE KEY `identification_number_UNIQUE` (`document_number`),
  KEY `person_city` (`city_id`),
  KEY `person_bank_account_idx` (`bank_account_id`),
  CONSTRAINT `person_bank_account` FOREIGN KEY (`bank_account_id`) REFERENCES `bank_account` (`id`),
  CONSTRAINT `person_city` FOREIGN KEY (`city_id`) REFERENCES `city` (`id`)
) ENGINE=InnoDB AUTO_INCREMENT=31 DEFAULT CHARSET=utf8 COMMENT='Tabla para el almacenamiento de clientes, proveedores, terceros o cualquier tipo de persona';
/*!40101 SET character_set_client = @saved_cs_client */;

--
-- Dumping data for table `person`
--

LOCK TABLES `person` WRITE;
/*!40000 ALTER TABLE `person` DISABLE KEYS */;
INSERT INTO `person` VALUES (6,'CC','09876','Updated','Florez Mejia','SUPPLIER','Lina Maria Flórez Mejia','Calle 75C # 114 -18',NULL,'metro','3002007694','','','abcd',2,'2019-01-25 08:50:35','2019-01-25 08:50:35',''),(7,'CC','104567608','LINAf','F','SUPPLIER','TEST','TEST',132,'','3000','21','55','www.ee',NULL,'2019-01-21 01:43:56','2019-01-21 01:43:56','\0'),(14,'CC','14579','Other','Test','USER',NULL,'',NULL,NULL,'','','','',NULL,'2019-01-19 16:17:48','2019-01-19 16:17:48',''),(20,'CC','145795','Alex','Quiroz','USER',NULL,'',NULL,NULL,'','','','',NULL,'2019-01-19 16:17:48','2019-01-19 16:17:48','\0'),(21,'CC','123','Eider','Samia','USER',NULL,'',NULL,NULL,'','','','',NULL,'2019-01-19 16:17:48','2019-01-19 16:17:48','\0'),(22,'CC','1234','Diana','Carbo','USER',NULL,'',NULL,NULL,'','','','',NULL,'2019-01-19 16:17:48','2019-01-19 16:17:48','\0'),(23,'CC','1234567','Jhon','Castellanos','USER',NULL,'',NULL,NULL,'','','','',NULL,'2019-01-19 16:17:48','2019-01-19 16:17:48','\0'),(24,'CC','104567','dummy','dummy','SUPPLIER','','',NULL,NULL,'','','','www.misitio',NULL,'2019-01-19 16:17:48','2019-01-19 16:17:48','\0'),(25,'CC','23','prueba','me','SUPPLIER','','',NULL,NULL,'','','','',NULL,'2019-01-16 04:31:34','2019-01-16 04:31:34','\0'),(26,'CC','4554','as','','SUPPLIER','','',NULL,'','','','','',NULL,'2019-01-17 03:12:22','2019-01-17 03:12:22','\0'),(27,'CC','1878','cliente1','cliente1','CUSTOMER','','',NULL,'','','','','',NULL,'2019-01-20 17:02:50','2019-01-20 17:02:50','\0'),(28,'CC','98742','cliente2','cliente2','CUSTOMER','','',NULL,'','','','','',NULL,'2019-01-20 21:40:08','2019-01-20 21:40:08','\0'),(29,'CC','dasd','pr','','SUPPLIER','','',NULL,'','','','','',NULL,'2019-01-25 09:43:42','2019-01-25 09:43:42','\0'),(30,'CC','545','545','','SUPPLIER','','',NULL,'','','','','',NULL,'2019-01-25 09:45:41','2019-01-25 09:45:41','\0');
/*!40000 ALTER TABLE `person` ENABLE KEYS */;
UNLOCK TABLES;

--
-- Table structure for table `product`
--

DROP TABLE IF EXISTS `product`;
/*!40101 SET @saved_cs_client     = @@character_set_client */;
/*!40101 SET character_set_client = utf8 */;
CREATE TABLE `product` (
  `id` bigint(20) NOT NULL AUTO_INCREMENT,
  `code` varchar(45) NOT NULL,
  `name` varchar(45) NOT NULL,
  `description` varchar(100) DEFAULT NULL,
  `category_id` bigint(20) DEFAULT NULL,
  `type_id` bigint(20) DEFAULT NULL,
  `measurement_unit_id` bigint(20) DEFAULT NULL,
  `ean_code` varchar(45) DEFAULT NULL,
  `sale_price` decimal(16,2) DEFAULT NULL,
  `purchase_price` decimal(16,2) DEFAULT NULL,
  `sale_tax` decimal(16,2) DEFAULT NULL,
  `purchase_tax` decimal(16,2) DEFAULT NULL,
  `stock` int(11) DEFAULT NULL,
  `stock_date` timestamp NULL DEFAULT NULL,
  `creation_date` timestamp NOT NULL DEFAULT CURRENT_TIMESTAMP ON UPDATE CURRENT_TIMESTAMP,
  `modify_date` timestamp NOT NULL DEFAULT CURRENT_TIMESTAMP ON UPDATE CURRENT_TIMESTAMP,
  `archived` bit(1) NOT NULL DEFAULT b'0',
  PRIMARY KEY (`id`),
  UNIQUE KEY `code_UNIQUE` (`code`),
  KEY `category_id_idx` (`category_id`),
  KEY `product_type_fk_idx` (`type_id`),
  KEY `measurement_unit_fk_idx` (`measurement_unit_id`),
  CONSTRAINT `category_fk` FOREIGN KEY (`category_id`) REFERENCES `product_category` (`id`),
  CONSTRAINT `measurement_unit_fk` FOREIGN KEY (`measurement_unit_id`) REFERENCES `measurement_unit` (`id`),
  CONSTRAINT `product_type_fk` FOREIGN KEY (`type_id`) REFERENCES `product_type` (`id`)
) ENGINE=InnoDB AUTO_INCREMENT=14 DEFAULT CHARSET=utf8;
/*!40101 SET character_set_client = @saved_cs_client */;

--
-- Dumping data for table `product`
--

LOCK TABLES `product` WRITE;
/*!40000 ALTER TABLE `product` DISABLE KEYS */;
INSERT INTO `product` VALUES (1,'1','ACEITE CELEC 2','ACEITE CELEC',NULL,NULL,NULL,'',NULL,NULL,NULL,NULL,470,NULL,'2019-01-16 03:56:37','2019-01-16 03:56:37','\0'),(2,'2','ACEITE VEGETAL','ACEITE VEGETAL',NULL,NULL,NULL,'',NULL,NULL,NULL,NULL,463,'2019-01-04 04:48:22','2019-01-03 23:48:27','2019-01-03 23:48:27','\0'),(3,'3','ADORNO FUTBOL','ADORNO FUTBOL',NULL,NULL,NULL,'',5000.00,NULL,NULL,NULL,515,'2019-01-25 14:51:20','2019-01-25 09:51:20','2019-01-25 09:51:20','\0'),(4,'4','AGOGO CAJAS','AGOGO CAJAS',NULL,NULL,NULL,'',4700.00,NULL,NULL,NULL,290,'2019-01-04 15:46:23','2019-01-04 10:46:23','2019-01-04 10:46:23','\0'),(5,'5','AGOGO PAQ','AGOGO PAQ',NULL,NULL,NULL,'',NULL,NULL,NULL,NULL,296,'2019-01-04 04:49:31','2019-01-03 23:49:32','2019-01-03 23:49:32','\0'),(7,'6','AGOGO UND','AGOGO UND',NULL,NULL,NULL,'',NULL,NULL,NULL,NULL,297,'2019-01-04 04:49:52','2019-01-03 23:49:54','2019-01-03 23:49:54','\0'),(8,'8','AJI PICANTE JR 2000 GR','AJI PICANTE JR 2000 GR',NULL,NULL,NULL,'',7500.00,NULL,NULL,NULL,219,'2019-01-04 14:27:32','2019-01-04 09:27:32','2019-01-04 09:27:32','\0'),(9,'9','AJI PICANTE JR 370','AJI PICANTE JR 370',NULL,NULL,NULL,'',1800.00,NULL,NULL,NULL,221,'2019-01-04 04:50:30','2019-01-03 23:50:32','2019-01-03 23:50:32','\0'),(10,'10','AJI PICANTE JR PEQUEÑO 180','AJI PICANTE JR PEQUEÑO 180',NULL,NULL,NULL,'',1000.00,NULL,NULL,NULL,221,'2019-01-04 13:40:03','2019-01-04 08:40:03','2019-01-04 08:40:03','\0'),(11,'TEST','Product Test',NULL,4,1,1,NULL,NULL,NULL,NULL,NULL,NULL,NULL,'2019-01-19 22:28:20','2019-01-19 22:28:20','\0'),(12,'TEST-1','Product with classes',NULL,4,1,4,NULL,NULL,NULL,NULL,NULL,NULL,NULL,'2019-01-19 22:34:56','2019-01-19 22:34:56','\0'),(13,'code','prueba','prueba',NULL,NULL,NULL,'',NULL,NULL,NULL,NULL,10,'2019-01-16 09:00:55','2019-01-16 04:00:57','2019-01-16 04:00:57','\0');
/*!40000 ALTER TABLE `product` ENABLE KEYS */;
UNLOCK TABLES;

--
-- Table structure for table `product_category`
--

DROP TABLE IF EXISTS `product_category`;
/*!40101 SET @saved_cs_client     = @@character_set_client */;
/*!40101 SET character_set_client = utf8 */;
CREATE TABLE `product_category` (
  `id` bigint(20) NOT NULL AUTO_INCREMENT,
  `name` varchar(45) NOT NULL,
  `description` varchar(100) DEFAULT NULL,
  `creation_date` timestamp NOT NULL DEFAULT CURRENT_TIMESTAMP ON UPDATE CURRENT_TIMESTAMP,
  `modify_date` timestamp NOT NULL DEFAULT CURRENT_TIMESTAMP ON UPDATE CURRENT_TIMESTAMP,
  `archived` bit(1) NOT NULL DEFAULT b'0',
  PRIMARY KEY (`id`)
) ENGINE=InnoDB AUTO_INCREMENT=5 DEFAULT CHARSET=utf8;
/*!40101 SET character_set_client = @saved_cs_client */;

--
-- Dumping data for table `product_category`
--

LOCK TABLES `product_category` WRITE;
/*!40000 ALTER TABLE `product_category` DISABLE KEYS */;
INSERT INTO `product_category` VALUES (1,'Lácteos','Lácteos','2019-01-03 12:27:04','2019-01-03 12:27:04','\0'),(2,'Embutidos','Embutidos','2019-01-03 12:26:43','2019-01-03 12:26:43','\0'),(3,'Aceites','Aceites','2019-01-03 12:27:26','2019-01-03 12:27:27','\0'),(4,'Category Test',NULL,'2019-01-16 03:19:52','2019-01-16 03:19:52','\0');
/*!40000 ALTER TABLE `product_category` ENABLE KEYS */;
UNLOCK TABLES;

--
-- Table structure for table `product_type`
--

DROP TABLE IF EXISTS `product_type`;
/*!40101 SET @saved_cs_client     = @@character_set_client */;
/*!40101 SET character_set_client = utf8 */;
CREATE TABLE `product_type` (
  `id` bigint(20) NOT NULL AUTO_INCREMENT,
  `name` varchar(45) NOT NULL,
  `creation_date` timestamp NOT NULL DEFAULT CURRENT_TIMESTAMP ON UPDATE CURRENT_TIMESTAMP,
  `modify_date` timestamp NOT NULL DEFAULT '0000-00-00 00:00:00',
  `archived` bit(1) NOT NULL,
  PRIMARY KEY (`id`)
) ENGINE=InnoDB AUTO_INCREMENT=2 DEFAULT CHARSET=utf8;
/*!40101 SET character_set_client = @saved_cs_client */;

--
-- Dumping data for table `product_type`
--

LOCK TABLES `product_type` WRITE;
/*!40000 ALTER TABLE `product_type` DISABLE KEYS */;
INSERT INTO `product_type` VALUES (1,'Type Test','2018-12-05 20:26:54','0000-00-00 00:00:00','\0');
/*!40000 ALTER TABLE `product_type` ENABLE KEYS */;
UNLOCK TABLES;

--
-- Table structure for table `role`
--

DROP TABLE IF EXISTS `role`;
/*!40101 SET @saved_cs_client     = @@character_set_client */;
/*!40101 SET character_set_client = utf8 */;
CREATE TABLE `role` (
  `id` bigint(20) NOT NULL AUTO_INCREMENT,
  `name` varchar(50) NOT NULL,
  `creation_date` timestamp NOT NULL DEFAULT CURRENT_TIMESTAMP ON UPDATE CURRENT_TIMESTAMP,
  `modify_date` timestamp NOT NULL DEFAULT CURRENT_TIMESTAMP ON UPDATE CURRENT_TIMESTAMP,
  `archived` bit(1) NOT NULL DEFAULT b'0',
  PRIMARY KEY (`id`)
) ENGINE=InnoDB AUTO_INCREMENT=4 DEFAULT CHARSET=latin1;
/*!40101 SET character_set_client = @saved_cs_client */;

--
-- Dumping data for table `role`
--

LOCK TABLES `role` WRITE;
/*!40000 ALTER TABLE `role` DISABLE KEYS */;
INSERT INTO `role` VALUES (1,'SUDO','2019-01-23 19:24:58','2019-01-23 19:24:58','\0'),(2,'Administrador','2019-01-23 19:25:48','2019-01-23 19:25:48','\0'),(3,'Vendedor','2019-01-23 19:25:48','2019-01-23 19:25:48','\0');
/*!40000 ALTER TABLE `role` ENABLE KEYS */;
UNLOCK TABLES;

--
-- Table structure for table `state`
--

DROP TABLE IF EXISTS `state`;
/*!40101 SET @saved_cs_client     = @@character_set_client */;
/*!40101 SET character_set_client = utf8 */;
CREATE TABLE `state` (
  `id` bigint(20) NOT NULL AUTO_INCREMENT,
  `country_id` bigint(20) NOT NULL,
  `name` varchar(255) NOT NULL,
  `creation_date` timestamp NOT NULL DEFAULT CURRENT_TIMESTAMP ON UPDATE CURRENT_TIMESTAMP,
  `modify_date` timestamp NOT NULL DEFAULT CURRENT_TIMESTAMP ON UPDATE CURRENT_TIMESTAMP,
  `archived` bit(1) NOT NULL DEFAULT b'0',
  PRIMARY KEY (`id`),
  KEY `country_state_fk_idx` (`country_id`),
  CONSTRAINT `country_state_fk` FOREIGN KEY (`country_id`) REFERENCES `country` (`id`)
) ENGINE=InnoDB AUTO_INCREMENT=194 DEFAULT CHARSET=utf8;
/*!40101 SET character_set_client = @saved_cs_client */;

--
-- Dumping data for table `state`
--

LOCK TABLES `state` WRITE;
/*!40000 ALTER TABLE `state` DISABLE KEYS */;
INSERT INTO `state` VALUES (5,1,'AMAZONAS','2019-01-19 16:28:13','2019-01-19 16:28:13','\0'),(6,1,'ANTIOQUIA','2019-01-19 16:28:13','2019-01-19 16:28:13','\0'),(7,1,'ARAUCA','2019-01-19 16:28:13','2019-01-19 16:28:13','\0'),(8,1,'ARCHIPIÉLAGO DE SAN ANDRÉS, PROVIDENCIA Y SANTA CATALINA','2019-01-19 16:28:13','2019-01-19 16:28:13','\0'),(9,1,'ATLÁNTICO','2019-01-19 16:28:13','2019-01-19 16:28:13','\0'),(10,1,'BOGOTÁ, D.C.','2019-01-19 16:28:13','2019-01-19 16:28:13','\0'),(11,1,'BOLÍVAR','2019-01-19 16:28:13','2019-01-19 16:28:13','\0'),(12,1,'BOYACÁ','2019-01-19 16:28:13','2019-01-19 16:28:13','\0'),(13,1,'CALDAS','2019-01-19 16:28:13','2019-01-19 16:28:13','\0'),(14,1,'CAQUETÁ','2019-01-19 16:28:13','2019-01-19 16:28:13','\0'),(15,1,'CASANARE','2019-01-19 16:28:13','2019-01-19 16:28:13','\0'),(16,1,'CAUCA','2019-01-19 16:28:13','2019-01-19 16:28:13','\0'),(17,1,'CESAR','2019-01-19 16:28:13','2019-01-19 16:28:13','\0'),(18,1,'CHOCÓ','2019-01-19 16:28:13','2019-01-19 16:28:13','\0'),(19,1,'CÓRDOBA','2019-01-19 16:28:13','2019-01-19 16:28:13','\0'),(20,1,'CUNDINAMARCA','2019-01-19 16:28:13','2019-01-19 16:28:13','\0'),(21,1,'GUAINÍA','2019-01-19 16:28:13','2019-01-19 16:28:13','\0'),(22,1,'GUAVIARE','2019-01-19 16:28:13','2019-01-19 16:28:13','\0'),(23,1,'HUILA','2019-01-19 16:28:13','2019-01-19 16:28:13','\0'),(24,1,'LA GUAJIRA','2019-01-19 16:28:13','2019-01-19 16:28:13','\0'),(25,1,'MAGDALENA','2019-01-19 16:28:13','2019-01-19 16:28:13','\0'),(26,1,'META','2019-01-19 16:28:13','2019-01-19 16:28:13','\0'),(27,1,'NARIÑO','2019-01-19 16:28:13','2019-01-19 16:28:13','\0'),(28,1,'NORTE DE SANTANDER','2019-01-19 16:28:13','2019-01-19 16:28:13','\0'),(29,1,'PUTUMAYO','2019-01-19 16:28:13','2019-01-19 16:28:13','\0'),(30,1,'QUINDIO','2019-01-19 16:28:13','2019-01-19 16:28:13','\0'),(31,1,'RISARALDA','2019-01-19 16:28:13','2019-01-19 16:28:13','\0'),(32,1,'SANTANDER','2019-01-19 16:28:13','2019-01-19 16:28:13','\0'),(33,1,'SUCRE','2019-01-19 16:28:13','2019-01-19 16:28:13','\0'),(34,1,'TOLIMA','2019-01-19 16:28:13','2019-01-19 16:28:13','\0'),(35,1,'VALLE DEL CAUCA','2019-01-19 16:28:13','2019-01-19 16:28:13','\0'),(36,1,'VAUPÉS','2019-01-19 16:28:13','2019-01-19 16:28:13','\0'),(37,1,'VICHADA','2019-01-19 16:28:13','2019-01-19 16:28:13','\0');
/*!40000 ALTER TABLE `state` ENABLE KEYS */;
UNLOCK TABLES;

--
-- Table structure for table `supplier`
--

DROP TABLE IF EXISTS `supplier`;
/*!40101 SET @saved_cs_client     = @@character_set_client */;
/*!40101 SET character_set_client = utf8 */;
CREATE TABLE `supplier` (
  `id` bigint(20) NOT NULL AUTO_INCREMENT,
  `person_id` bigint(20) NOT NULL,
  `payment_type_id` bigint(20) DEFAULT NULL,
  `payment_term` varchar(45) DEFAULT NULL,
  `payment_method_id` bigint(20) DEFAULT NULL,
  `creation_date` timestamp NOT NULL DEFAULT CURRENT_TIMESTAMP ON UPDATE CURRENT_TIMESTAMP,
  `modify_date` timestamp NOT NULL DEFAULT CURRENT_TIMESTAMP ON UPDATE CURRENT_TIMESTAMP,
  `archived` bit(1) NOT NULL DEFAULT b'0',
  `account_bank` bigint(20) DEFAULT NULL,
  PRIMARY KEY (`id`),
  KEY `supplier_person_fk_idx` (`person_id`),
  KEY `supplier_payment_type_fk_idx` (`payment_type_id`),
  KEY `supplier_payment_method_idx` (`payment_method_id`),
  CONSTRAINT `supplier_payment_method` FOREIGN KEY (`payment_method_id`) REFERENCES `payment_method` (`id`),
  CONSTRAINT `supplier_payment_type` FOREIGN KEY (`payment_type_id`) REFERENCES `payment_type` (`id`),
  CONSTRAINT `supplier_person` FOREIGN KEY (`person_id`) REFERENCES `person` (`id`)
) ENGINE=InnoDB AUTO_INCREMENT=11 DEFAULT CHARSET=utf8;
/*!40101 SET character_set_client = @saved_cs_client */;

--
-- Dumping data for table `supplier`
--

LOCK TABLES `supplier` WRITE;
/*!40000 ALTER TABLE `supplier` DISABLE KEYS */;
INSERT INTO `supplier` VALUES (2,6,1,'30 Dias',1,'2019-01-25 08:50:35','2019-01-25 08:50:35','\0',NULL),(3,7,NULL,'',NULL,'2019-01-13 23:13:52','2019-01-13 23:13:52','\0',NULL),(4,24,1,'',2,'2019-01-13 23:43:09','2019-01-13 23:43:09','\0',NULL),(5,25,NULL,'',NULL,'2019-01-17 03:24:08','2019-01-17 03:24:08','',NULL),(6,26,NULL,'',NULL,'2019-01-17 03:24:16','2019-01-17 03:24:16','',NULL),(7,27,NULL,'',NULL,'2019-01-20 17:02:50','2019-01-20 17:02:50','\0',NULL),(8,28,NULL,'',NULL,'2019-01-20 21:40:09','2019-01-20 21:40:09','\0',NULL),(9,29,NULL,'',NULL,'2019-01-25 09:43:43','2019-01-25 09:43:43','\0',NULL),(10,30,NULL,'',NULL,'2019-01-25 09:45:42','2019-01-25 09:45:42','\0',NULL);
/*!40000 ALTER TABLE `supplier` ENABLE KEYS */;
UNLOCK TABLES;

--
-- Table structure for table `table_sequence`
--

DROP TABLE IF EXISTS `table_sequence`;
/*!40101 SET @saved_cs_client     = @@character_set_client */;
/*!40101 SET character_set_client = utf8 */;
CREATE TABLE `table_sequence` (
  `id` bigint(20) NOT NULL AUTO_INCREMENT,
  `code` varchar(100) NOT NULL,
  `name` varchar(100) DEFAULT NULL,
  `sequence` bigint(20) NOT NULL,
  `creation_date` timestamp NOT NULL DEFAULT CURRENT_TIMESTAMP ON UPDATE CURRENT_TIMESTAMP,
  `modify_date` timestamp NOT NULL DEFAULT CURRENT_TIMESTAMP ON UPDATE CURRENT_TIMESTAMP,
  `archived` bit(1) NOT NULL DEFAULT b'0',
  PRIMARY KEY (`id`),
  UNIQUE KEY `code_UNIQUE` (`code`)
) ENGINE=InnoDB AUTO_INCREMENT=3 DEFAULT CHARSET=latin1;
/*!40101 SET character_set_client = @saved_cs_client */;

--
-- Dumping data for table `table_sequence`
--

LOCK TABLES `table_sequence` WRITE;
/*!40000 ALTER TABLE `table_sequence` DISABLE KEYS */;
INSERT INTO `table_sequence` VALUES (1,'Product','Tabla de productos',0,'2019-01-21 22:26:57','2019-01-21 22:26:57','\0'),(2,'Warehouse','Tabla de bodegas',3,'2019-01-23 01:41:37','2019-01-23 01:41:37','\0');
/*!40000 ALTER TABLE `table_sequence` ENABLE KEYS */;
UNLOCK TABLES;

--
-- Table structure for table `user`
--

DROP TABLE IF EXISTS `user`;
/*!40101 SET @saved_cs_client     = @@character_set_client */;
/*!40101 SET character_set_client = utf8 */;
CREATE TABLE `user` (
  `id` bigint(20) NOT NULL AUTO_INCREMENT,
  `login` varchar(60) NOT NULL,
  `pass` varchar(60) NOT NULL,
  `person_id` bigint(20) NOT NULL,
  `creation_date` timestamp NOT NULL DEFAULT CURRENT_TIMESTAMP ON UPDATE CURRENT_TIMESTAMP,
  `modify_date` timestamp NOT NULL DEFAULT CURRENT_TIMESTAMP ON UPDATE CURRENT_TIMESTAMP,
  `archived` bit(1) NOT NULL DEFAULT b'0',
  `role_id` bigint(20) NOT NULL DEFAULT '3',
  PRIMARY KEY (`id`),
  UNIQUE KEY `login_UNIQUE` (`login`),
  KEY `fk_user_person_idx` (`person_id`),
  CONSTRAINT `fk_user_person` FOREIGN KEY (`person_id`) REFERENCES `person` (`id`)
) ENGINE=InnoDB AUTO_INCREMENT=10 DEFAULT CHARSET=utf8;
/*!40101 SET character_set_client = @saved_cs_client */;

--
-- Dumping data for table `user`
--

LOCK TABLES `user` WRITE;
/*!40000 ALTER TABLE `user` DISABLE KEYS */;
INSERT INTO `user` VALUES (4,'test','pnbrmR5/2yU1paLqlMjzRg==',14,'2019-01-23 19:30:56','2019-01-23 19:30:56','\0',1),(5,'eider.samia','XPpIEcZPlvcB+yP+qHNC9w==',21,'2019-01-24 17:24:27','2019-01-24 17:24:27','\0',1),(6,'alex.quiroz','XPpIEcZPlvcB+yP+qHNC9w==',20,'2019-01-03 00:49:58','2019-01-03 00:49:58','\0',3),(8,'diana.carbo','XPpIEcZPlvcB+yP+qHNC9w==',22,'2019-01-03 00:49:19','2019-01-03 00:49:19','\0',3),(9,'jhon.castellanos','XPpIEcZPlvcB+yP+qHNC9w==',23,'2019-01-03 00:50:46','2019-01-03 00:50:46','\0',3);
/*!40000 ALTER TABLE `user` ENABLE KEYS */;
UNLOCK TABLES;

--
-- Table structure for table `warehouse`
--

DROP TABLE IF EXISTS `warehouse`;
/*!40101 SET @saved_cs_client     = @@character_set_client */;
/*!40101 SET character_set_client = utf8 */;
CREATE TABLE `warehouse` (
  `id` bigint(20) NOT NULL AUTO_INCREMENT,
  `code` varchar(45) NOT NULL,
  `name` varchar(45) DEFAULT NULL,
  `creation_date` timestamp NOT NULL DEFAULT CURRENT_TIMESTAMP ON UPDATE CURRENT_TIMESTAMP,
  `modify_date` timestamp NOT NULL DEFAULT CURRENT_TIMESTAMP ON UPDATE CURRENT_TIMESTAMP,
  `archived` bit(1) NOT NULL DEFAULT b'0',
  PRIMARY KEY (`id`)
) ENGINE=InnoDB AUTO_INCREMENT=2 DEFAULT CHARSET=latin1;
/*!40101 SET character_set_client = @saved_cs_client */;

--
-- Dumping data for table `warehouse`
--

LOCK TABLES `warehouse` WRITE;
/*!40000 ALTER TABLE `warehouse` DISABLE KEYS */;
INSERT INTO `warehouse` VALUES (1,'3','bodega3','2019-01-23 01:41:37','2019-01-23 01:41:37','\0');
/*!40000 ALTER TABLE `warehouse` ENABLE KEYS */;
UNLOCK TABLES;

--
-- Dumping events for database 'vissa'
--

--
-- Dumping routines for database 'vissa'
--
/*!40103 SET TIME_ZONE=@OLD_TIME_ZONE */;

/*!40101 SET SQL_MODE=@OLD_SQL_MODE */;
/*!40014 SET FOREIGN_KEY_CHECKS=@OLD_FOREIGN_KEY_CHECKS */;
/*!40014 SET UNIQUE_CHECKS=@OLD_UNIQUE_CHECKS */;
/*!40101 SET CHARACTER_SET_CLIENT=@OLD_CHARACTER_SET_CLIENT */;
/*!40101 SET CHARACTER_SET_RESULTS=@OLD_CHARACTER_SET_RESULTS */;
/*!40101 SET COLLATION_CONNECTION=@OLD_COLLATION_CONNECTION */;
/*!40111 SET SQL_NOTES=@OLD_SQL_NOTES */;

-- Dump completed on 2019-01-25  6:48:11
