CREATE DATABASE  IF NOT EXISTS `vissa` /*!40100 DEFAULT CHARACTER SET latin1 */;
USE `vissa`;
-- MySQL dump 10.13  Distrib 5.7.9, for Win64 (x86_64)
--
-- Host: 127.0.0.1    Database: vissa
-- ------------------------------------------------------
-- Server version	5.5.5-10.1.30-MariaDB

/*!40101 SET @OLD_CHARACTER_SET_CLIENT=@@CHARACTER_SET_CLIENT */;
/*!40101 SET @OLD_CHARACTER_SET_RESULTS=@@CHARACTER_SET_RESULTS */;
/*!40101 SET @OLD_COLLATION_CONNECTION=@@COLLATION_CONNECTION */;
/*!40101 SET NAMES utf8 */;
/*!40103 SET @OLD_TIME_ZONE=@@TIME_ZONE */;
/*!40103 SET TIME_ZONE='+00:00' */;
/*!40014 SET @OLD_UNIQUE_CHECKS=@@UNIQUE_CHECKS, UNIQUE_CHECKS=0 */;
/*!40014 SET @OLD_FOREIGN_KEY_CHECKS=@@FOREIGN_KEY_CHECKS, FOREIGN_KEY_CHECKS=0 */;
/*!40101 SET @OLD_SQL_MODE=@@SQL_MODE, SQL_MODE='NO_AUTO_VALUE_ON_ZERO' */;
/*!40111 SET @OLD_SQL_NOTES=@@SQL_NOTES, SQL_NOTES=0 */;

--
-- Table structure for table `bank`
--

DROP TABLE IF EXISTS `bank`;
/*!40101 SET @saved_cs_client     = @@character_set_client */;
/*!40101 SET character_set_client = utf8 */;
CREATE TABLE `bank` (
  `id` bigint(20) NOT NULL AUTO_INCREMENT,
  `name` varchar(50) NOT NULL,
  `creation_date` timestamp NOT NULL DEFAULT CURRENT_TIMESTAMP ON UPDATE CURRENT_TIMESTAMP,
  `modify_date` timestamp NOT NULL DEFAULT CURRENT_TIMESTAMP ON UPDATE CURRENT_TIMESTAMP,
  `archived` bit(1) NOT NULL DEFAULT b'0',
  PRIMARY KEY (`id`)
) ENGINE=InnoDB AUTO_INCREMENT=7 DEFAULT CHARSET=utf8;
/*!40101 SET character_set_client = @saved_cs_client */;

--
-- Dumping data for table `bank`
--

LOCK TABLES `bank` WRITE;
/*!40000 ALTER TABLE `bank` DISABLE KEYS */;
INSERT INTO `bank` VALUES (1,'Bancolombia','2019-01-09 02:44:45','2019-01-09 02:44:45','\0'),(2,'Banco de Bogotá','2019-01-09 02:44:56','2019-01-09 02:44:56','\0'),(3,'Av Villas','2019-01-09 02:45:12','2019-01-09 02:45:14','\0'),(4,'Banco de Occidente','2019-01-09 02:45:32','2019-01-09 02:45:32','\0'),(5,'Banco Popular','2019-01-09 02:45:47','2019-01-09 02:45:47','\0'),(6,'Davivienda','2019-01-09 02:46:00','2019-01-09 02:46:00','\0');
/*!40000 ALTER TABLE `bank` ENABLE KEYS */;
UNLOCK TABLES;

--
-- Table structure for table `bank_account`
--

DROP TABLE IF EXISTS `bank_account`;
/*!40101 SET @saved_cs_client     = @@character_set_client */;
/*!40101 SET character_set_client = utf8 */;
CREATE TABLE `bank_account` (
  `id` bigint(20) NOT NULL AUTO_INCREMENT,
  `account_number` varchar(50) DEFAULT NULL,
  `type` varchar(20) DEFAULT NULL,
  `bank_id` bigint(20) DEFAULT NULL,
  `status` varchar(45) NOT NULL,
  `creation_date` timestamp NOT NULL DEFAULT CURRENT_TIMESTAMP ON UPDATE CURRENT_TIMESTAMP,
  `modify_date` timestamp NOT NULL DEFAULT CURRENT_TIMESTAMP ON UPDATE CURRENT_TIMESTAMP,
  `archived` bit(1) NOT NULL DEFAULT b'0',
  PRIMARY KEY (`id`),
  KEY `bank_account_bank_idx` (`bank_id`),
  CONSTRAINT `bank_account_bank` FOREIGN KEY (`bank_id`) REFERENCES `bank` (`id`)
) ENGINE=InnoDB AUTO_INCREMENT=4 DEFAULT CHARSET=utf8;
/*!40101 SET character_set_client = @saved_cs_client */;

--
-- Dumping data for table `bank_account`
--

LOCK TABLES `bank_account` WRITE;
/*!40000 ALTER TABLE `bank_account` DISABLE KEYS */;
INSERT INTO `bank_account` VALUES (1,'1234-5678-9012','SAVING',1,'ACTIVE','2019-01-21 07:44:11','2019-01-21 07:44:11','\0'),(2,'220','SAVING',1,'ACTIVE','2019-01-21 07:44:10','2019-01-21 07:44:10','\0'),(3,'810855205','COMMON',4,'ACTIVE','2019-01-21 07:44:11','2019-01-21 07:44:11','\0');
/*!40000 ALTER TABLE `bank_account` ENABLE KEYS */;
UNLOCK TABLES;

--
-- Table structure for table `brand`
--

DROP TABLE IF EXISTS `brand`;
/*!40101 SET @saved_cs_client     = @@character_set_client */;
/*!40101 SET character_set_client = utf8 */;
CREATE TABLE `brand` (
  `id` bigint(20) NOT NULL AUTO_INCREMENT,
  `code` varchar(45) NOT NULL,
  `name` varchar(100) NOT NULL,
  `creation_date` timestamp NOT NULL DEFAULT CURRENT_TIMESTAMP,
  `modify_date` timestamp NOT NULL DEFAULT CURRENT_TIMESTAMP,
  `archived` bit(1) NOT NULL DEFAULT b'0',
  PRIMARY KEY (`id`)
) ENGINE=InnoDB DEFAULT CHARSET=latin1;
/*!40101 SET character_set_client = @saved_cs_client */;

--
-- Dumping data for table `brand`
--

LOCK TABLES `brand` WRITE;
/*!40000 ALTER TABLE `brand` DISABLE KEYS */;
/*!40000 ALTER TABLE `brand` ENABLE KEYS */;
UNLOCK TABLES;

--
-- Table structure for table `cash_register_conciliation`
--

DROP TABLE IF EXISTS `cash_register_conciliation`;
/*!40101 SET @saved_cs_client     = @@character_set_client */;
/*!40101 SET character_set_client = utf8 */;
CREATE TABLE `cash_register_conciliation` (
  `id` bigint(20) NOT NULL AUTO_INCREMENT,
  `conciliation_date` timestamp NOT NULL DEFAULT CURRENT_TIMESTAMP ON UPDATE CURRENT_TIMESTAMP,
  `person_id` bigint(20) NOT NULL,
  `cash_register_number` varchar(45) DEFAULT NULL,
  `cash_base` decimal(16,2) DEFAULT NULL,
  `sales` decimal(16,2) DEFAULT NULL,
  `credit_collection` decimal(16,2) DEFAULT NULL,
  `remnant_sale` decimal(16,2) DEFAULT NULL,
  `general_expense` decimal(16,2) DEFAULT NULL,
  `supplier_payments_loan` decimal(16,2) DEFAULT NULL,
  `remnant_egress` decimal(16,2) DEFAULT NULL,
  `total_sale` decimal(16,2) DEFAULT NULL,
  `total_cash` decimal(16,2) DEFAULT NULL,
  `total_egress` decimal(16,2) DEFAULT NULL,
  `total_credit` decimal(16,2) DEFAULT NULL,
  `supplier_payments` decimal(16,2) DEFAULT NULL,
  `cash_register_borrow` decimal(16,2) DEFAULT NULL,
  `balance` decimal(16,2) DEFAULT NULL,
  `comments` varchar(200) DEFAULT NULL,
  `creation_date` timestamp NULL DEFAULT CURRENT_TIMESTAMP ON UPDATE CURRENT_TIMESTAMP,
  `modify_date` timestamp NULL DEFAULT CURRENT_TIMESTAMP ON UPDATE CURRENT_TIMESTAMP,
  `archived` bit(1) DEFAULT b'0',
  PRIMARY KEY (`id`),
  KEY `conciliation_person_idx` (`person_id`),
  CONSTRAINT `conciliation_person` FOREIGN KEY (`person_id`) REFERENCES `person` (`id`) ON DELETE NO ACTION ON UPDATE NO ACTION
) ENGINE=InnoDB DEFAULT CHARSET=latin1;
/*!40101 SET character_set_client = @saved_cs_client */;

--
-- Dumping data for table `cash_register_conciliation`
--

LOCK TABLES `cash_register_conciliation` WRITE;
/*!40000 ALTER TABLE `cash_register_conciliation` DISABLE KEYS */;
/*!40000 ALTER TABLE `cash_register_conciliation` ENABLE KEYS */;
UNLOCK TABLES;

--
-- Table structure for table `city`
--

DROP TABLE IF EXISTS `city`;
/*!40101 SET @saved_cs_client     = @@character_set_client */;
/*!40101 SET character_set_client = utf8 */;
CREATE TABLE `city` (
  `id` bigint(20) NOT NULL AUTO_INCREMENT,
  `state_id` bigint(20) NOT NULL,
  `name` varchar(250) NOT NULL,
  `creation_date` timestamp NOT NULL DEFAULT CURRENT_TIMESTAMP ON UPDATE CURRENT_TIMESTAMP,
  `modify_date` timestamp NOT NULL DEFAULT CURRENT_TIMESTAMP ON UPDATE CURRENT_TIMESTAMP,
  `archived` bit(1) NOT NULL DEFAULT b'0',
  PRIMARY KEY (`id`),
  KEY `state_fk_idx` (`state_id`),
  CONSTRAINT `city_state_fk` FOREIGN KEY (`state_id`) REFERENCES `state` (`id`)
) ENGINE=InnoDB AUTO_INCREMENT=3577 DEFAULT CHARSET=utf8;
/*!40101 SET character_set_client = @saved_cs_client */;

--
-- Dumping data for table `city`
--

LOCK TABLES `city` WRITE;
/*!40000 ALTER TABLE `city` DISABLE KEYS */;
INSERT INTO `city` VALUES (5,6,'Abriaquí','2019-01-19 16:34:26','2019-01-19 16:34:26','\0'),(6,6,'Alejandria','2019-01-19 16:34:26','2019-01-19 16:34:26','\0'),(7,6,'Amagá','2019-01-19 16:34:26','2019-01-19 16:34:26','\0'),(8,6,'Amalfi','2019-01-19 16:34:26','2019-01-19 16:34:26','\0'),(9,6,'Andes','2019-01-19 16:34:26','2019-01-19 16:34:26','\0'),(10,6,'Angelópolis','2019-01-19 16:34:26','2019-01-19 16:34:26','\0'),(11,6,'Angostura','2019-01-19 16:34:26','2019-01-19 16:34:26','\0'),(12,6,'Anorí','2019-01-19 16:34:26','2019-01-19 16:34:26','\0'),(13,6,'Anzá','2019-01-19 16:34:26','2019-01-19 16:34:26','\0'),(14,6,'Apartadó','2019-01-19 16:34:26','2019-01-19 16:34:26','\0'),(15,6,'Arboletes','2019-01-19 16:34:26','2019-01-19 16:34:26','\0'),(16,6,'Argelia','2019-01-19 16:34:26','2019-01-19 16:34:26','\0'),(17,6,'Armenia','2019-01-19 16:34:26','2019-01-19 16:34:26','\0'),(18,6,'Barbosa','2019-01-19 16:34:26','2019-01-19 16:34:26','\0'),(19,6,'Bello','2019-01-19 16:34:26','2019-01-19 16:34:26','\0'),(20,6,'Belmira','2019-01-19 16:34:26','2019-01-19 16:34:26','\0'),(21,6,'Betania','2019-01-19 16:34:26','2019-01-19 16:34:26','\0'),(22,6,'Betulia','2019-01-19 16:34:26','2019-01-19 16:34:26','\0'),(23,6,'Bolívar','2019-01-19 16:34:26','2019-01-19 16:34:26','\0'),(24,6,'Briceño','2019-01-19 16:34:26','2019-01-19 16:34:26','\0'),(25,6,'Burítica','2019-01-19 16:34:26','2019-01-19 16:34:26','\0'),(26,6,'Caicedo','2019-01-19 16:34:26','2019-01-19 16:34:26','\0'),(27,6,'Caldas','2019-01-19 16:34:26','2019-01-19 16:34:26','\0'),(28,6,'Campamento','2019-01-19 16:34:26','2019-01-19 16:34:26','\0'),(29,6,'Caracolí','2019-01-19 16:34:26','2019-01-19 16:34:26','\0'),(30,6,'Caramanta','2019-01-19 16:34:26','2019-01-19 16:34:26','\0'),(31,6,'Carepa','2019-01-19 16:34:26','2019-01-19 16:34:26','\0'),(32,6,'Carmen de Viboral','2019-01-19 16:34:26','2019-01-19 16:34:26','\0'),(33,6,'Carolina','2019-01-19 16:34:26','2019-01-19 16:34:26','\0'),(34,6,'Caucasia','2019-01-19 16:34:26','2019-01-19 16:34:26','\0'),(35,6,'Cañasgordas','2019-01-19 16:34:26','2019-01-19 16:34:26','\0'),(36,6,'Chigorodó','2019-01-19 16:34:26','2019-01-19 16:34:26','\0'),(37,6,'Cisneros','2019-01-19 16:34:26','2019-01-19 16:34:26','\0'),(38,6,'Cocorná','2019-01-19 16:34:26','2019-01-19 16:34:26','\0'),(39,6,'Concepción','2019-01-19 16:34:26','2019-01-19 16:34:26','\0'),(40,6,'Concordia','2019-01-19 16:34:26','2019-01-19 16:34:26','\0'),(41,6,'Copacabana','2019-01-19 16:34:26','2019-01-19 16:34:26','\0'),(42,6,'Cáceres','2019-01-19 16:34:26','2019-01-19 16:34:26','\0'),(43,6,'Dabeiba','2019-01-19 16:34:26','2019-01-19 16:34:26','\0'),(44,6,'Don Matías','2019-01-19 16:34:26','2019-01-19 16:34:26','\0'),(45,6,'Ebéjico','2019-01-19 16:34:26','2019-01-19 16:34:26','\0'),(46,6,'El Bagre','2019-01-19 16:34:26','2019-01-19 16:34:26','\0'),(47,6,'Entrerríos','2019-01-19 16:34:26','2019-01-19 16:34:26','\0'),(48,6,'Envigado','2019-01-19 16:34:26','2019-01-19 16:34:26','\0'),(49,6,'Fredonia','2019-01-19 16:34:26','2019-01-19 16:34:26','\0'),(50,6,'Frontino','2019-01-19 16:34:26','2019-01-19 16:34:26','\0'),(51,6,'Giraldo','2019-01-19 16:34:26','2019-01-19 16:34:26','\0'),(52,6,'Girardota','2019-01-19 16:34:26','2019-01-19 16:34:26','\0'),(53,6,'Granada','2019-01-19 16:34:26','2019-01-19 16:34:26','\0'),(54,6,'Guadalupe','2019-01-19 16:34:26','2019-01-19 16:34:26','\0'),(55,6,'Guarne','2019-01-19 16:34:26','2019-01-19 16:34:26','\0'),(56,6,'Guatapé','2019-01-19 16:34:26','2019-01-19 16:34:26','\0'),(57,6,'Gómez Plata','2019-01-19 16:34:26','2019-01-19 16:34:26','\0'),(58,6,'Heliconia','2019-01-19 16:34:26','2019-01-19 16:34:26','\0'),(59,6,'Hispania','2019-01-19 16:34:26','2019-01-19 16:34:26','\0'),(60,6,'Itagüí','2019-01-19 16:34:26','2019-01-19 16:34:26','\0'),(61,6,'Ituango','2019-01-19 16:34:26','2019-01-19 16:34:26','\0'),(62,6,'Jardín','2019-01-19 16:34:26','2019-01-19 16:34:26','\0'),(63,6,'Jericó','2019-01-19 16:34:26','2019-01-19 16:34:26','\0'),(64,6,'La Ceja','2019-01-19 16:34:26','2019-01-19 16:34:26','\0'),(65,6,'La Estrella','2019-01-19 16:34:26','2019-01-19 16:34:26','\0'),(66,6,'La Pintada','2019-01-19 16:34:26','2019-01-19 16:34:26','\0'),(67,6,'La Unión','2019-01-19 16:34:26','2019-01-19 16:34:26','\0'),(68,6,'Liborina','2019-01-19 16:34:26','2019-01-19 16:34:26','\0'),(69,6,'Maceo','2019-01-19 16:34:26','2019-01-19 16:34:26','\0'),(70,6,'Marinilla','2019-01-19 16:34:26','2019-01-19 16:34:26','\0'),(71,6,'Medellín','2019-01-19 16:34:26','2019-01-19 16:34:26','\0'),(72,6,'Montebello','2019-01-19 16:34:26','2019-01-19 16:34:26','\0'),(73,6,'Murindó','2019-01-19 16:34:26','2019-01-19 16:34:26','\0'),(74,6,'Mutatá','2019-01-19 16:34:26','2019-01-19 16:34:26','\0'),(75,6,'Nariño','2019-01-19 16:34:26','2019-01-19 16:34:26','\0'),(76,6,'Nechí','2019-01-19 16:34:26','2019-01-19 16:34:26','\0'),(77,6,'Necoclí','2019-01-19 16:34:26','2019-01-19 16:34:26','\0'),(78,6,'Olaya','2019-01-19 16:34:26','2019-01-19 16:34:26','\0'),(79,6,'Peque','2019-01-19 16:34:26','2019-01-19 16:34:26','\0'),(80,6,'Peñol','2019-01-19 16:34:26','2019-01-19 16:34:26','\0'),(81,6,'Pueblorrico','2019-01-19 16:34:26','2019-01-19 16:34:26','\0'),(82,6,'Puerto Berrío','2019-01-19 16:34:26','2019-01-19 16:34:26','\0'),(83,6,'Puerto Nare','2019-01-19 16:34:26','2019-01-19 16:34:26','\0'),(84,6,'Puerto Triunfo','2019-01-19 16:34:26','2019-01-19 16:34:26','\0'),(85,6,'Remedios','2019-01-19 16:34:26','2019-01-19 16:34:26','\0'),(86,6,'Retiro','2019-01-19 16:34:26','2019-01-19 16:34:26','\0'),(87,6,'Ríonegro','2019-01-19 16:34:26','2019-01-19 16:34:26','\0'),(88,6,'Sabanalarga','2019-01-19 16:34:26','2019-01-19 16:34:26','\0'),(89,6,'Sabaneta','2019-01-19 16:34:26','2019-01-19 16:34:26','\0'),(90,6,'Salgar','2019-01-19 16:34:26','2019-01-19 16:34:26','\0'),(91,6,'San Andrés de Cuerquía','2019-01-19 16:34:26','2019-01-19 16:34:26','\0'),(92,6,'San Carlos','2019-01-19 16:34:26','2019-01-19 16:34:26','\0'),(93,6,'San Francisco','2019-01-19 16:34:26','2019-01-19 16:34:26','\0'),(94,6,'San Jerónimo','2019-01-19 16:34:26','2019-01-19 16:34:26','\0'),(95,6,'San José de Montaña','2019-01-19 16:34:26','2019-01-19 16:34:26','\0'),(96,6,'San Juan de Urabá','2019-01-19 16:34:26','2019-01-19 16:34:26','\0'),(97,6,'San Luís','2019-01-19 16:34:26','2019-01-19 16:34:26','\0'),(98,6,'San Pedro','2019-01-19 16:34:26','2019-01-19 16:34:26','\0'),(99,6,'San Pedro de Urabá','2019-01-19 16:34:26','2019-01-19 16:34:26','\0'),(100,6,'San Rafael','2019-01-19 16:34:26','2019-01-19 16:34:26','\0'),(101,6,'San Roque','2019-01-19 16:34:26','2019-01-19 16:34:26','\0'),(102,6,'San Vicente','2019-01-19 16:34:26','2019-01-19 16:34:26','\0'),(103,6,'Santa Bárbara','2019-01-19 16:34:26','2019-01-19 16:34:26','\0'),(104,6,'Santa Fé de Antioquia','2019-01-19 16:34:26','2019-01-19 16:34:26','\0'),(105,6,'Santa Rosa de Osos','2019-01-19 16:34:26','2019-01-19 16:34:26','\0'),(106,6,'Santo Domingo','2019-01-19 16:34:26','2019-01-19 16:34:26','\0'),(107,6,'Santuario','2019-01-19 16:34:26','2019-01-19 16:34:26','\0'),(108,6,'Segovia','2019-01-19 16:34:26','2019-01-19 16:34:26','\0'),(109,6,'Sonsón','2019-01-19 16:34:26','2019-01-19 16:34:26','\0'),(110,6,'Sopetrán','2019-01-19 16:34:26','2019-01-19 16:34:26','\0'),(111,6,'Tarazá','2019-01-19 16:34:26','2019-01-19 16:34:26','\0'),(112,6,'Tarso','2019-01-19 16:34:26','2019-01-19 16:34:26','\0'),(113,6,'Titiribí','2019-01-19 16:34:26','2019-01-19 16:34:26','\0'),(114,6,'Toledo','2019-01-19 16:34:26','2019-01-19 16:34:26','\0'),(115,6,'Turbo','2019-01-19 16:34:26','2019-01-19 16:34:26','\0'),(116,6,'Támesis','2019-01-19 16:34:26','2019-01-19 16:34:26','\0'),(117,6,'Uramita','2019-01-19 16:34:26','2019-01-19 16:34:26','\0'),(118,6,'Urrao','2019-01-19 16:34:26','2019-01-19 16:34:26','\0'),(119,6,'Valdivia','2019-01-19 16:34:26','2019-01-19 16:34:26','\0'),(120,6,'Valparaiso','2019-01-19 16:34:26','2019-01-19 16:34:26','\0'),(121,6,'Vegachí','2019-01-19 16:34:26','2019-01-19 16:34:26','\0'),(122,6,'Venecia','2019-01-19 16:34:26','2019-01-19 16:34:26','\0'),(123,6,'Vigía del Fuerte','2019-01-19 16:34:26','2019-01-19 16:34:26','\0'),(124,6,'Yalí','2019-01-19 16:34:26','2019-01-19 16:34:26','\0'),(125,6,'Yarumal','2019-01-19 16:34:26','2019-01-19 16:34:26','\0'),(126,6,'Yolombó','2019-01-19 16:34:26','2019-01-19 16:34:26','\0'),(127,6,'Yondó (Casabe)','2019-01-19 16:34:26','2019-01-19 16:34:26','\0'),(128,6,'Zaragoza','2019-01-19 16:34:26','2019-01-19 16:34:26','\0'),(132,5,'Leticia','2019-01-19 16:36:30','2019-01-19 16:36:30','\0'),(133,5,'Puerto Nariño','2019-01-19 16:36:30','2019-01-19 16:36:30','\0'),(135,5,'Leticia','2019-01-19 16:36:36','2019-01-19 16:36:36','\0'),(136,5,'Puerto Nariño','2019-01-19 16:36:36','2019-01-19 16:36:36','\0'),(138,7,'Arauca','2019-01-19 16:38:17','2019-01-19 16:38:17','\0'),(139,7,'Arauquita','2019-01-19 16:38:17','2019-01-19 16:38:17','\0'),(140,7,'Cravo Norte','2019-01-19 16:38:17','2019-01-19 16:38:17','\0'),(141,7,'Fortúl','2019-01-19 16:38:17','2019-01-19 16:38:17','\0'),(142,7,'Puerto Rondón','2019-01-19 16:38:17','2019-01-19 16:38:17','\0'),(143,7,'Saravena','2019-01-19 16:38:17','2019-01-19 16:38:17','\0'),(144,7,'Tame','2019-01-19 16:38:17','2019-01-19 16:38:17','\0'),(145,7,'Arauca','2019-01-19 16:38:17','2019-01-19 16:38:17','\0'),(146,7,'Arauquita','2019-01-19 16:38:17','2019-01-19 16:38:17','\0'),(147,7,'Cravo Norte','2019-01-19 16:38:17','2019-01-19 16:38:17','\0'),(148,7,'Fortúl','2019-01-19 16:38:17','2019-01-19 16:38:17','\0'),(149,7,'Puerto Rondón','2019-01-19 16:38:17','2019-01-19 16:38:17','\0'),(150,7,'Saravena','2019-01-19 16:38:17','2019-01-19 16:38:17','\0'),(151,7,'Tame','2019-01-19 16:38:17','2019-01-19 16:38:17','\0'),(152,8,'Providencia','2019-01-19 16:41:12','2019-01-19 16:41:12','\0'),(153,8,'San Andrés','2019-01-19 16:44:16','2019-01-19 16:44:16','\0'),(154,9,'Baranoa','2019-01-19 16:45:44','2019-01-19 16:45:44','\0'),(155,9,'Barranquilla','2019-01-19 16:45:44','2019-01-19 16:45:44','\0'),(156,9,'Campo de la Cruz','2019-01-19 16:45:44','2019-01-19 16:45:44','\0'),(157,9,'Candelaria','2019-01-19 16:45:44','2019-01-19 16:45:44','\0'),(158,9,'Galapa','2019-01-19 16:45:44','2019-01-19 16:45:44','\0'),(159,9,'Juan de Acosta','2019-01-19 16:45:44','2019-01-19 16:45:44','\0'),(160,9,'Luruaco','2019-01-19 16:45:44','2019-01-19 16:45:44','\0'),(161,9,'Malambo','2019-01-19 16:45:44','2019-01-19 16:45:44','\0'),(162,9,'Manatí','2019-01-19 16:45:44','2019-01-19 16:45:44','\0'),(163,9,'Palmar de Varela','2019-01-19 16:45:44','2019-01-19 16:45:44','\0'),(164,9,'Piojo','2019-01-19 16:45:44','2019-01-19 16:45:44','\0'),(165,9,'Polonuevo','2019-01-19 16:45:44','2019-01-19 16:45:44','\0'),(166,9,'Ponedera','2019-01-19 16:45:44','2019-01-19 16:45:44','\0'),(167,9,'Puerto Colombia','2019-01-19 16:45:44','2019-01-19 16:45:44','\0'),(168,9,'Repelón','2019-01-19 16:45:44','2019-01-19 16:45:44','\0'),(169,9,'Sabanagrande','2019-01-19 16:45:44','2019-01-19 16:45:44','\0'),(170,9,'Sabanalarga','2019-01-19 16:45:44','2019-01-19 16:45:44','\0'),(171,9,'Santa Lucía','2019-01-19 16:45:44','2019-01-19 16:45:44','\0'),(172,9,'Santo Tomás','2019-01-19 16:45:44','2019-01-19 16:45:44','\0'),(173,9,'Soledad','2019-01-19 16:45:44','2019-01-19 16:45:44','\0'),(174,9,'Suan','2019-01-19 16:45:44','2019-01-19 16:45:44','\0'),(175,9,'Tubará','2019-01-19 16:45:44','2019-01-19 16:45:44','\0'),(176,9,'Usiacuri','2019-01-19 16:45:44','2019-01-19 16:45:44','\0'),(2232,10,'Bogotá D.C.','2019-01-19 16:48:04','2019-01-19 16:48:04','\0'),(2233,11,'Achí','2019-01-19 16:49:08','2019-01-19 16:49:08','\0'),(2234,11,'Altos del Rosario','2019-01-19 16:49:08','2019-01-19 16:49:08','\0'),(2235,11,'Arenal','2019-01-19 16:49:08','2019-01-19 16:49:08','\0'),(2236,11,'Arjona','2019-01-19 16:49:08','2019-01-19 16:49:08','\0'),(2237,11,'Arroyohondo','2019-01-19 16:49:08','2019-01-19 16:49:08','\0'),(2238,11,'Barranco de Loba','2019-01-19 16:49:08','2019-01-19 16:49:08','\0'),(2239,11,'Calamar','2019-01-19 16:49:08','2019-01-19 16:49:08','\0'),(2240,11,'Cantagallo','2019-01-19 16:49:08','2019-01-19 16:49:08','\0'),(2241,11,'Cartagena','2019-01-19 16:49:08','2019-01-19 16:49:08','\0'),(2242,11,'Cicuco','2019-01-19 16:49:08','2019-01-19 16:49:08','\0'),(2243,11,'Clemencia','2019-01-19 16:49:08','2019-01-19 16:49:08','\0'),(2244,11,'Córdoba','2019-01-19 16:49:08','2019-01-19 16:49:08','\0'),(2245,11,'El Carmen de Bolívar','2019-01-19 16:49:08','2019-01-19 16:49:08','\0'),(2246,11,'El Guamo','2019-01-19 16:49:08','2019-01-19 16:49:08','\0'),(2247,11,'El Peñon','2019-01-19 16:49:08','2019-01-19 16:49:08','\0'),(2248,11,'Hatillo de Loba','2019-01-19 16:49:08','2019-01-19 16:49:08','\0'),(2249,11,'Magangué','2019-01-19 16:49:08','2019-01-19 16:49:08','\0'),(2250,11,'Mahates','2019-01-19 16:49:08','2019-01-19 16:49:08','\0'),(2251,11,'Margarita','2019-01-19 16:49:08','2019-01-19 16:49:08','\0'),(2252,11,'María la Baja','2019-01-19 16:49:08','2019-01-19 16:49:08','\0'),(2253,11,'Mompós','2019-01-19 16:49:08','2019-01-19 16:49:08','\0'),(2254,11,'Montecristo','2019-01-19 16:49:08','2019-01-19 16:49:08','\0'),(2255,11,'Morales','2019-01-19 16:49:08','2019-01-19 16:49:08','\0'),(2256,11,'Norosí','2019-01-19 16:49:08','2019-01-19 16:49:08','\0'),(2257,11,'Pinillos','2019-01-19 16:49:08','2019-01-19 16:49:08','\0'),(2258,11,'Regidor','2019-01-19 16:49:08','2019-01-19 16:49:08','\0'),(2259,11,'Río Viejo','2019-01-19 16:49:08','2019-01-19 16:49:08','\0'),(2260,11,'San Cristobal','2019-01-19 16:49:08','2019-01-19 16:49:08','\0'),(2261,11,'San Estanislao','2019-01-19 16:49:08','2019-01-19 16:49:08','\0'),(2262,11,'San Fernando','2019-01-19 16:49:08','2019-01-19 16:49:08','\0'),(2263,11,'San Jacinto','2019-01-19 16:49:08','2019-01-19 16:49:08','\0'),(2264,11,'San Jacinto del Cauca','2019-01-19 16:49:08','2019-01-19 16:49:08','\0'),(2265,11,'San Juan de Nepomuceno','2019-01-19 16:49:08','2019-01-19 16:49:08','\0'),(2266,11,'San Martín de Loba','2019-01-19 16:49:08','2019-01-19 16:49:08','\0'),(2267,11,'San Pablo','2019-01-19 16:49:08','2019-01-19 16:49:08','\0'),(2268,11,'Santa Catalina','2019-01-19 16:49:08','2019-01-19 16:49:08','\0'),(2269,11,'Santa Rosa','2019-01-19 16:49:08','2019-01-19 16:49:08','\0'),(2270,11,'Santa Rosa del Sur','2019-01-19 16:49:08','2019-01-19 16:49:08','\0'),(2271,11,'Simití','2019-01-19 16:49:08','2019-01-19 16:49:08','\0'),(2272,11,'Soplaviento','2019-01-19 16:49:08','2019-01-19 16:49:08','\0'),(2273,11,'Talaigua Nuevo','2019-01-19 16:49:08','2019-01-19 16:49:08','\0'),(2274,11,'Tiquisio (Puerto Rico)','2019-01-19 16:49:08','2019-01-19 16:49:08','\0'),(2275,11,'Turbaco','2019-01-19 16:49:08','2019-01-19 16:49:08','\0'),(2276,11,'Turbaná','2019-01-19 16:49:08','2019-01-19 16:49:08','\0'),(2277,11,'Villanueva','2019-01-19 16:49:08','2019-01-19 16:49:08','\0'),(2278,11,'Zambrano','2019-01-19 16:49:08','2019-01-19 16:49:08','\0'),(2296,12,'Almeida','2019-01-19 16:49:45','2019-01-19 16:49:45','\0'),(2297,12,'Aquitania','2019-01-19 16:49:45','2019-01-19 16:49:45','\0'),(2298,12,'Arcabuco','2019-01-19 16:49:45','2019-01-19 16:49:45','\0'),(2299,12,'Belén','2019-01-19 16:49:45','2019-01-19 16:49:45','\0'),(2300,12,'Berbeo','2019-01-19 16:49:45','2019-01-19 16:49:45','\0'),(2301,12,'Beteitiva','2019-01-19 16:49:45','2019-01-19 16:49:45','\0'),(2302,12,'Boavita','2019-01-19 16:49:45','2019-01-19 16:49:45','\0'),(2303,12,'Boyacá','2019-01-19 16:49:45','2019-01-19 16:49:45','\0'),(2304,12,'Briceño','2019-01-19 16:49:45','2019-01-19 16:49:45','\0'),(2305,12,'Buenavista','2019-01-19 16:49:45','2019-01-19 16:49:45','\0'),(2306,12,'Busbanza','2019-01-19 16:49:45','2019-01-19 16:49:45','\0'),(2307,12,'Caldas','2019-01-19 16:49:45','2019-01-19 16:49:45','\0'),(2308,12,'Campohermoso','2019-01-19 16:49:45','2019-01-19 16:49:45','\0'),(2309,12,'Cerinza','2019-01-19 16:49:45','2019-01-19 16:49:45','\0'),(2310,12,'Chinavita','2019-01-19 16:49:45','2019-01-19 16:49:45','\0'),(2311,12,'Chiquinquirá','2019-01-19 16:49:45','2019-01-19 16:49:45','\0'),(2312,12,'Chiscas','2019-01-19 16:49:45','2019-01-19 16:49:45','\0'),(2313,12,'Chita','2019-01-19 16:49:45','2019-01-19 16:49:45','\0'),(2314,12,'Chitaraque','2019-01-19 16:49:45','2019-01-19 16:49:45','\0'),(2315,12,'Chivatá','2019-01-19 16:49:45','2019-01-19 16:49:45','\0'),(2316,12,'Chíquiza','2019-01-19 16:49:45','2019-01-19 16:49:45','\0'),(2317,12,'Chívor','2019-01-19 16:49:45','2019-01-19 16:49:45','\0'),(2318,12,'Ciénaga','2019-01-19 16:49:45','2019-01-19 16:49:45','\0'),(2319,12,'Coper','2019-01-19 16:49:45','2019-01-19 16:49:45','\0'),(2320,12,'Corrales','2019-01-19 16:49:45','2019-01-19 16:49:45','\0'),(2321,12,'Covarachía','2019-01-19 16:49:45','2019-01-19 16:49:45','\0'),(2322,12,'Cubará','2019-01-19 16:49:45','2019-01-19 16:49:45','\0'),(2323,12,'Cucaita','2019-01-19 16:49:45','2019-01-19 16:49:45','\0'),(2324,12,'Cuitiva','2019-01-19 16:49:45','2019-01-19 16:49:45','\0'),(2325,12,'Cómbita','2019-01-19 16:49:45','2019-01-19 16:49:45','\0'),(2326,12,'Duitama','2019-01-19 16:49:45','2019-01-19 16:49:45','\0'),(2327,12,'El Cocuy','2019-01-19 16:49:45','2019-01-19 16:49:45','\0'),(2328,12,'El Espino','2019-01-19 16:49:45','2019-01-19 16:49:45','\0'),(2329,12,'Firavitoba','2019-01-19 16:49:45','2019-01-19 16:49:45','\0'),(2330,12,'Floresta','2019-01-19 16:49:45','2019-01-19 16:49:45','\0'),(2331,12,'Gachantivá','2019-01-19 16:49:45','2019-01-19 16:49:45','\0'),(2332,12,'Garagoa','2019-01-19 16:49:45','2019-01-19 16:49:45','\0'),(2333,12,'Guacamayas','2019-01-19 16:49:45','2019-01-19 16:49:45','\0'),(2334,12,'Guateque','2019-01-19 16:49:45','2019-01-19 16:49:45','\0'),(2335,12,'Guayatá','2019-01-19 16:49:45','2019-01-19 16:49:45','\0'),(2336,12,'Guicán','2019-01-19 16:49:45','2019-01-19 16:49:45','\0'),(2337,12,'Gámeza','2019-01-19 16:49:45','2019-01-19 16:49:45','\0'),(2338,12,'Izá','2019-01-19 16:49:45','2019-01-19 16:49:45','\0'),(2339,12,'Jenesano','2019-01-19 16:49:45','2019-01-19 16:49:45','\0'),(2340,12,'Jericó','2019-01-19 16:49:45','2019-01-19 16:49:45','\0'),(2341,12,'La Capilla','2019-01-19 16:49:45','2019-01-19 16:49:45','\0'),(2342,12,'La Uvita','2019-01-19 16:49:45','2019-01-19 16:49:45','\0'),(2343,12,'La Victoria','2019-01-19 16:49:45','2019-01-19 16:49:45','\0'),(2344,12,'Labranzagrande','2019-01-19 16:49:45','2019-01-19 16:49:45','\0'),(2345,12,'Macanal','2019-01-19 16:49:45','2019-01-19 16:49:45','\0'),(2346,12,'Maripí','2019-01-19 16:49:45','2019-01-19 16:49:45','\0'),(2347,12,'Miraflores','2019-01-19 16:49:45','2019-01-19 16:49:45','\0'),(2348,12,'Mongua','2019-01-19 16:49:45','2019-01-19 16:49:45','\0'),(2349,12,'Monguí','2019-01-19 16:49:45','2019-01-19 16:49:45','\0'),(2350,12,'Moniquirá','2019-01-19 16:49:45','2019-01-19 16:49:45','\0'),(2351,12,'Motavita','2019-01-19 16:49:45','2019-01-19 16:49:45','\0'),(2352,12,'Muzo','2019-01-19 16:49:45','2019-01-19 16:49:45','\0'),(2353,12,'Nobsa','2019-01-19 16:49:45','2019-01-19 16:49:45','\0'),(2354,12,'Nuevo Colón','2019-01-19 16:49:45','2019-01-19 16:49:45','\0'),(2355,12,'Oicatá','2019-01-19 16:49:45','2019-01-19 16:49:45','\0'),(2356,12,'Otanche','2019-01-19 16:49:45','2019-01-19 16:49:45','\0'),(2357,12,'Pachavita','2019-01-19 16:49:45','2019-01-19 16:49:45','\0'),(2358,12,'Paipa','2019-01-19 16:49:45','2019-01-19 16:49:45','\0'),(2359,12,'Pajarito','2019-01-19 16:49:45','2019-01-19 16:49:45','\0'),(2360,12,'Panqueba','2019-01-19 16:49:45','2019-01-19 16:49:45','\0'),(2361,12,'Pauna','2019-01-19 16:49:45','2019-01-19 16:49:45','\0'),(2362,12,'Paya','2019-01-19 16:49:45','2019-01-19 16:49:45','\0'),(2363,12,'Paz de Río','2019-01-19 16:49:45','2019-01-19 16:49:45','\0'),(2364,12,'Pesca','2019-01-19 16:49:45','2019-01-19 16:49:45','\0'),(2365,12,'Pisva','2019-01-19 16:49:45','2019-01-19 16:49:45','\0'),(2366,12,'Puerto Boyacá','2019-01-19 16:49:45','2019-01-19 16:49:45','\0'),(2367,12,'Páez','2019-01-19 16:49:45','2019-01-19 16:49:45','\0'),(2368,12,'Quipama','2019-01-19 16:49:45','2019-01-19 16:49:45','\0'),(2369,12,'Ramiriquí','2019-01-19 16:49:45','2019-01-19 16:49:45','\0'),(2370,12,'Rondón','2019-01-19 16:49:45','2019-01-19 16:49:45','\0'),(2371,12,'Ráquira','2019-01-19 16:49:45','2019-01-19 16:49:45','\0'),(2372,12,'Saboyá','2019-01-19 16:49:45','2019-01-19 16:49:45','\0'),(2373,12,'Samacá','2019-01-19 16:49:45','2019-01-19 16:49:45','\0'),(2374,12,'San Eduardo','2019-01-19 16:49:45','2019-01-19 16:49:45','\0'),(2375,12,'San José de Pare','2019-01-19 16:49:45','2019-01-19 16:49:45','\0'),(2376,12,'San Luís de Gaceno','2019-01-19 16:49:45','2019-01-19 16:49:45','\0'),(2377,12,'San Mateo','2019-01-19 16:49:45','2019-01-19 16:49:45','\0'),(2378,12,'San Miguel de Sema','2019-01-19 16:49:45','2019-01-19 16:49:45','\0'),(2379,12,'San Pablo de Borbur','2019-01-19 16:49:45','2019-01-19 16:49:45','\0'),(2380,12,'Santa María','2019-01-19 16:49:45','2019-01-19 16:49:45','\0'),(2381,12,'Santa Rosa de Viterbo','2019-01-19 16:49:45','2019-01-19 16:49:45','\0'),(2382,12,'Santa Sofía','2019-01-19 16:49:45','2019-01-19 16:49:45','\0'),(2383,12,'Santana','2019-01-19 16:49:45','2019-01-19 16:49:45','\0'),(2384,12,'Sativanorte','2019-01-19 16:49:45','2019-01-19 16:49:45','\0'),(2385,12,'Sativasur','2019-01-19 16:49:45','2019-01-19 16:49:45','\0'),(2386,12,'Siachoque','2019-01-19 16:49:45','2019-01-19 16:49:45','\0'),(2387,12,'Soatá','2019-01-19 16:49:45','2019-01-19 16:49:45','\0'),(2388,12,'Socha','2019-01-19 16:49:45','2019-01-19 16:49:45','\0'),(2389,12,'Socotá','2019-01-19 16:49:45','2019-01-19 16:49:45','\0'),(2390,12,'Sogamoso','2019-01-19 16:49:45','2019-01-19 16:49:45','\0'),(2391,12,'Somondoco','2019-01-19 16:49:45','2019-01-19 16:49:45','\0'),(2392,12,'Sora','2019-01-19 16:49:45','2019-01-19 16:49:45','\0'),(2393,12,'Soracá','2019-01-19 16:49:45','2019-01-19 16:49:45','\0'),(2394,12,'Sotaquirá','2019-01-19 16:49:45','2019-01-19 16:49:45','\0'),(2395,12,'Susacón','2019-01-19 16:49:45','2019-01-19 16:49:45','\0'),(2396,12,'Sutamarchán','2019-01-19 16:49:45','2019-01-19 16:49:45','\0'),(2397,12,'Sutatenza','2019-01-19 16:49:45','2019-01-19 16:49:45','\0'),(2398,12,'Sáchica','2019-01-19 16:49:45','2019-01-19 16:49:45','\0'),(2399,12,'Tasco','2019-01-19 16:49:45','2019-01-19 16:49:45','\0'),(2400,12,'Tenza','2019-01-19 16:49:45','2019-01-19 16:49:45','\0'),(2401,12,'Tibaná','2019-01-19 16:49:45','2019-01-19 16:49:45','\0'),(2402,12,'Tibasosa','2019-01-19 16:49:45','2019-01-19 16:49:45','\0'),(2403,12,'Tinjacá','2019-01-19 16:49:45','2019-01-19 16:49:45','\0'),(2404,12,'Tipacoque','2019-01-19 16:49:45','2019-01-19 16:49:45','\0'),(2405,12,'Toca','2019-01-19 16:49:45','2019-01-19 16:49:45','\0'),(2406,12,'Toguí','2019-01-19 16:49:45','2019-01-19 16:49:45','\0'),(2407,12,'Topagá','2019-01-19 16:49:45','2019-01-19 16:49:45','\0'),(2408,12,'Tota','2019-01-19 16:49:45','2019-01-19 16:49:45','\0'),(2409,12,'Tunja','2019-01-19 16:49:45','2019-01-19 16:49:45','\0'),(2410,12,'Tunungua','2019-01-19 16:49:45','2019-01-19 16:49:45','\0'),(2411,12,'Turmequé','2019-01-19 16:49:45','2019-01-19 16:49:45','\0'),(2412,12,'Tuta','2019-01-19 16:49:45','2019-01-19 16:49:45','\0'),(2413,12,'Tutasá','2019-01-19 16:49:45','2019-01-19 16:49:45','\0'),(2414,12,'Ventaquemada','2019-01-19 16:49:45','2019-01-19 16:49:45','\0'),(2415,12,'Villa de Leiva','2019-01-19 16:49:45','2019-01-19 16:49:45','\0'),(2416,12,'Viracachá','2019-01-19 16:49:45','2019-01-19 16:49:45','\0'),(2417,12,'Zetaquirá','2019-01-19 16:49:45','2019-01-19 16:49:45','\0'),(2418,12,'Úmbita','2019-01-19 16:49:45','2019-01-19 16:49:45','\0'),(2423,13,'Aguadas','2019-01-19 16:50:28','2019-01-19 16:50:28','\0'),(2424,13,'Anserma','2019-01-19 16:50:28','2019-01-19 16:50:28','\0'),(2425,13,'Aranzazu','2019-01-19 16:50:28','2019-01-19 16:50:28','\0'),(2426,13,'Belalcázar','2019-01-19 16:50:28','2019-01-19 16:50:28','\0'),(2427,13,'Chinchiná','2019-01-19 16:50:28','2019-01-19 16:50:28','\0'),(2428,13,'Filadelfia','2019-01-19 16:50:28','2019-01-19 16:50:28','\0'),(2429,13,'La Dorada','2019-01-19 16:50:28','2019-01-19 16:50:28','\0'),(2430,13,'La Merced','2019-01-19 16:50:28','2019-01-19 16:50:28','\0'),(2431,13,'La Victoria','2019-01-19 16:50:28','2019-01-19 16:50:28','\0'),(2432,13,'Manizales','2019-01-19 16:50:28','2019-01-19 16:50:28','\0'),(2433,13,'Manzanares','2019-01-19 16:50:28','2019-01-19 16:50:28','\0'),(2434,13,'Marmato','2019-01-19 16:50:28','2019-01-19 16:50:28','\0'),(2435,13,'Marquetalia','2019-01-19 16:50:28','2019-01-19 16:50:28','\0'),(2436,13,'Marulanda','2019-01-19 16:50:28','2019-01-19 16:50:28','\0'),(2437,13,'Neira','2019-01-19 16:50:28','2019-01-19 16:50:28','\0'),(2438,13,'Norcasia','2019-01-19 16:50:28','2019-01-19 16:50:28','\0'),(2439,13,'Palestina','2019-01-19 16:50:28','2019-01-19 16:50:28','\0'),(2440,13,'Pensilvania','2019-01-19 16:50:28','2019-01-19 16:50:28','\0'),(2441,13,'Pácora','2019-01-19 16:50:28','2019-01-19 16:50:28','\0'),(2442,13,'Risaralda','2019-01-19 16:50:28','2019-01-19 16:50:28','\0'),(2443,13,'Río Sucio','2019-01-19 16:50:28','2019-01-19 16:50:28','\0'),(2444,13,'Salamina','2019-01-19 16:50:28','2019-01-19 16:50:28','\0'),(2445,13,'Samaná','2019-01-19 16:50:28','2019-01-19 16:50:28','\0'),(2446,13,'San José','2019-01-19 16:50:28','2019-01-19 16:50:28','\0'),(2447,13,'Supía','2019-01-19 16:50:28','2019-01-19 16:50:28','\0'),(2448,13,'Villamaría','2019-01-19 16:50:28','2019-01-19 16:50:28','\0'),(2449,13,'Viterbo','2019-01-19 16:50:28','2019-01-19 16:50:28','\0'),(2454,14,'Albania','2019-01-19 16:51:03','2019-01-19 16:51:03','\0'),(2455,14,'Belén de los Andaquíes','2019-01-19 16:51:03','2019-01-19 16:51:03','\0'),(2456,14,'Cartagena del Chairá','2019-01-19 16:51:03','2019-01-19 16:51:03','\0'),(2457,14,'Curillo','2019-01-19 16:51:03','2019-01-19 16:51:03','\0'),(2458,14,'El Doncello','2019-01-19 16:51:03','2019-01-19 16:51:03','\0'),(2459,14,'El Paujil','2019-01-19 16:51:03','2019-01-19 16:51:03','\0'),(2460,14,'Florencia','2019-01-19 16:51:03','2019-01-19 16:51:03','\0'),(2461,14,'La Montañita','2019-01-19 16:51:03','2019-01-19 16:51:03','\0'),(2462,14,'Milán','2019-01-19 16:51:03','2019-01-19 16:51:03','\0'),(2463,14,'Morelia','2019-01-19 16:51:03','2019-01-19 16:51:03','\0'),(2464,14,'Puerto Rico','2019-01-19 16:51:03','2019-01-19 16:51:03','\0'),(2465,14,'San José del Fragua','2019-01-19 16:51:03','2019-01-19 16:51:03','\0'),(2466,14,'San Vicente del Caguán','2019-01-19 16:51:03','2019-01-19 16:51:03','\0'),(2467,14,'Solano','2019-01-19 16:51:03','2019-01-19 16:51:03','\0'),(2468,14,'Solita','2019-01-19 16:51:03','2019-01-19 16:51:03','\0'),(2469,14,'Valparaiso','2019-01-19 16:51:03','2019-01-19 16:51:03','\0'),(2485,15,'Aguazul','2019-01-19 16:51:55','2019-01-19 16:51:55','\0'),(2486,15,'Chámeza','2019-01-19 16:51:55','2019-01-19 16:51:55','\0'),(2487,15,'Hato Corozal','2019-01-19 16:51:55','2019-01-19 16:51:55','\0'),(2488,15,'La Salina','2019-01-19 16:51:55','2019-01-19 16:51:55','\0'),(2489,15,'Maní','2019-01-19 16:51:55','2019-01-19 16:51:55','\0'),(2490,15,'Monterrey','2019-01-19 16:51:55','2019-01-19 16:51:55','\0'),(2491,15,'Nunchía','2019-01-19 16:51:55','2019-01-19 16:51:55','\0'),(2492,15,'Orocué','2019-01-19 16:51:55','2019-01-19 16:51:55','\0'),(2493,15,'Paz de Ariporo','2019-01-19 16:51:55','2019-01-19 16:51:55','\0'),(2494,15,'Pore','2019-01-19 16:51:55','2019-01-19 16:51:55','\0'),(2495,15,'Recetor','2019-01-19 16:51:55','2019-01-19 16:51:55','\0'),(2496,15,'Sabanalarga','2019-01-19 16:51:55','2019-01-19 16:51:55','\0'),(2497,15,'San Luís de Palenque','2019-01-19 16:51:55','2019-01-19 16:51:55','\0'),(2498,15,'Sácama','2019-01-19 16:51:55','2019-01-19 16:51:55','\0'),(2499,15,'Tauramena','2019-01-19 16:51:55','2019-01-19 16:51:55','\0'),(2500,15,'Trinidad','2019-01-19 16:51:55','2019-01-19 16:51:55','\0'),(2501,15,'Támara','2019-01-19 16:51:55','2019-01-19 16:51:55','\0'),(2502,15,'Villanueva','2019-01-19 16:51:55','2019-01-19 16:51:55','\0'),(2503,15,'Yopal','2019-01-19 16:51:55','2019-01-19 16:51:55','\0'),(2516,16,'Almaguer','2019-01-19 16:52:57','2019-01-19 16:52:57','\0'),(2517,16,'Argelia','2019-01-19 16:52:57','2019-01-19 16:52:57','\0'),(2518,16,'Balboa','2019-01-19 16:52:57','2019-01-19 16:52:57','\0'),(2519,16,'Bolívar','2019-01-19 16:52:57','2019-01-19 16:52:57','\0'),(2520,16,'Buenos Aires','2019-01-19 16:52:57','2019-01-19 16:52:57','\0'),(2521,16,'Cajibío','2019-01-19 16:52:57','2019-01-19 16:52:57','\0'),(2522,16,'Caldono','2019-01-19 16:52:57','2019-01-19 16:52:57','\0'),(2523,16,'Caloto','2019-01-19 16:52:57','2019-01-19 16:52:57','\0'),(2524,16,'Corinto','2019-01-19 16:52:57','2019-01-19 16:52:57','\0'),(2525,16,'El Tambo','2019-01-19 16:52:57','2019-01-19 16:52:57','\0'),(2526,16,'Florencia','2019-01-19 16:52:57','2019-01-19 16:52:57','\0'),(2527,16,'Guachené','2019-01-19 16:52:57','2019-01-19 16:52:57','\0'),(2528,16,'Guapí','2019-01-19 16:52:57','2019-01-19 16:52:57','\0'),(2529,16,'Inzá','2019-01-19 16:52:57','2019-01-19 16:52:57','\0'),(2530,16,'Jambaló','2019-01-19 16:52:57','2019-01-19 16:52:57','\0'),(2531,16,'La Sierra','2019-01-19 16:52:57','2019-01-19 16:52:57','\0'),(2532,16,'La Vega','2019-01-19 16:52:57','2019-01-19 16:52:57','\0'),(2533,16,'López (Micay)','2019-01-19 16:52:57','2019-01-19 16:52:57','\0'),(2534,16,'Mercaderes','2019-01-19 16:52:57','2019-01-19 16:52:57','\0'),(2535,16,'Miranda','2019-01-19 16:52:57','2019-01-19 16:52:57','\0'),(2536,16,'Morales','2019-01-19 16:52:57','2019-01-19 16:52:57','\0'),(2537,16,'Padilla','2019-01-19 16:52:57','2019-01-19 16:52:57','\0'),(2538,16,'Patía (El Bordo)','2019-01-19 16:52:57','2019-01-19 16:52:57','\0'),(2539,16,'Piamonte','2019-01-19 16:52:57','2019-01-19 16:52:57','\0'),(2540,16,'Piendamó','2019-01-19 16:52:57','2019-01-19 16:52:57','\0'),(2541,16,'Popayán','2019-01-19 16:52:57','2019-01-19 16:52:57','\0'),(2542,16,'Puerto Tejada','2019-01-19 16:52:57','2019-01-19 16:52:57','\0'),(2543,16,'Puracé (Coconuco)','2019-01-19 16:52:57','2019-01-19 16:52:57','\0'),(2544,16,'Páez (Belalcazar)','2019-01-19 16:52:57','2019-01-19 16:52:57','\0'),(2545,16,'Rosas','2019-01-19 16:52:57','2019-01-19 16:52:57','\0'),(2546,16,'San Sebastián','2019-01-19 16:52:57','2019-01-19 16:52:57','\0'),(2547,16,'Santa Rosa','2019-01-19 16:52:57','2019-01-19 16:52:57','\0'),(2548,16,'Santander de Quilichao','2019-01-19 16:52:57','2019-01-19 16:52:57','\0'),(2549,16,'Silvia','2019-01-19 16:52:57','2019-01-19 16:52:57','\0'),(2550,16,'Sotara (Paispamba)','2019-01-19 16:52:57','2019-01-19 16:52:57','\0'),(2551,16,'Sucre','2019-01-19 16:52:57','2019-01-19 16:52:57','\0'),(2552,16,'Suárez','2019-01-19 16:52:57','2019-01-19 16:52:57','\0'),(2553,16,'Timbiquí','2019-01-19 16:52:57','2019-01-19 16:52:57','\0'),(2554,16,'Timbío','2019-01-19 16:52:57','2019-01-19 16:52:57','\0'),(2555,16,'Toribío','2019-01-19 16:52:57','2019-01-19 16:52:57','\0'),(2556,16,'Totoró','2019-01-19 16:52:57','2019-01-19 16:52:57','\0'),(2557,16,'Villa Rica','2019-01-19 16:52:57','2019-01-19 16:52:57','\0'),(2579,17,'Aguachica','2019-01-19 16:53:49','2019-01-19 16:53:49','\0'),(2580,17,'Agustín Codazzi','2019-01-19 16:53:49','2019-01-19 16:53:49','\0'),(2581,17,'Astrea','2019-01-19 16:53:49','2019-01-19 16:53:49','\0'),(2582,17,'Becerríl','2019-01-19 16:53:49','2019-01-19 16:53:49','\0'),(2583,17,'Bosconia','2019-01-19 16:53:49','2019-01-19 16:53:49','\0'),(2584,17,'Chimichagua','2019-01-19 16:53:49','2019-01-19 16:53:49','\0'),(2585,17,'Chiriguaná','2019-01-19 16:53:49','2019-01-19 16:53:49','\0'),(2586,17,'Curumaní','2019-01-19 16:53:49','2019-01-19 16:53:49','\0'),(2587,17,'El Copey','2019-01-19 16:53:49','2019-01-19 16:53:49','\0'),(2588,17,'El Paso','2019-01-19 16:53:49','2019-01-19 16:53:49','\0'),(2589,17,'Gamarra','2019-01-19 16:53:49','2019-01-19 16:53:49','\0'),(2590,17,'Gonzalez','2019-01-19 16:53:49','2019-01-19 16:53:49','\0'),(2591,17,'La Gloria','2019-01-19 16:53:49','2019-01-19 16:53:49','\0'),(2592,17,'La Jagua de Ibirico','2019-01-19 16:53:49','2019-01-19 16:53:49','\0'),(2593,17,'La Paz (Robles)','2019-01-19 16:53:49','2019-01-19 16:53:49','\0'),(2594,17,'Manaure Balcón del Cesar','2019-01-19 16:53:49','2019-01-19 16:53:49','\0'),(2595,17,'Pailitas','2019-01-19 16:53:49','2019-01-19 16:53:49','\0'),(2596,17,'Pelaya','2019-01-19 16:53:49','2019-01-19 16:53:49','\0'),(2597,17,'Pueblo Bello','2019-01-19 16:53:49','2019-01-19 16:53:49','\0'),(2598,17,'Río de oro','2019-01-19 16:53:49','2019-01-19 16:53:49','\0'),(2599,17,'San Alberto','2019-01-19 16:53:49','2019-01-19 16:53:49','\0'),(2600,17,'San Diego','2019-01-19 16:53:49','2019-01-19 16:53:49','\0'),(2601,17,'San Martín','2019-01-19 16:53:49','2019-01-19 16:53:49','\0'),(2602,17,'Tamalameque','2019-01-19 16:53:49','2019-01-19 16:53:49','\0'),(2603,17,'Valledupar','2019-01-19 16:53:49','2019-01-19 16:53:49','\0'),(2610,17,'Aguachica','2019-01-19 16:53:49','2019-01-19 16:53:49','\0'),(2611,17,'Agustín Codazzi','2019-01-19 16:53:49','2019-01-19 16:53:49','\0'),(2612,17,'Astrea','2019-01-19 16:53:49','2019-01-19 16:53:49','\0'),(2613,17,'Becerríl','2019-01-19 16:53:49','2019-01-19 16:53:49','\0'),(2614,17,'Bosconia','2019-01-19 16:53:49','2019-01-19 16:53:49','\0'),(2615,17,'Chimichagua','2019-01-19 16:53:49','2019-01-19 16:53:49','\0'),(2616,17,'Chiriguaná','2019-01-19 16:53:49','2019-01-19 16:53:49','\0'),(2617,17,'Curumaní','2019-01-19 16:53:49','2019-01-19 16:53:49','\0'),(2618,17,'El Copey','2019-01-19 16:53:49','2019-01-19 16:53:49','\0'),(2619,17,'El Paso','2019-01-19 16:53:49','2019-01-19 16:53:49','\0'),(2620,17,'Gamarra','2019-01-19 16:53:49','2019-01-19 16:53:49','\0'),(2621,17,'Gonzalez','2019-01-19 16:53:49','2019-01-19 16:53:49','\0'),(2622,17,'La Gloria','2019-01-19 16:53:49','2019-01-19 16:53:49','\0'),(2623,17,'La Jagua de Ibirico','2019-01-19 16:53:49','2019-01-19 16:53:49','\0'),(2624,17,'La Paz (Robles)','2019-01-19 16:53:49','2019-01-19 16:53:49','\0'),(2625,17,'Manaure Balcón del Cesar','2019-01-19 16:53:49','2019-01-19 16:53:49','\0'),(2626,17,'Pailitas','2019-01-19 16:53:49','2019-01-19 16:53:49','\0'),(2627,17,'Pelaya','2019-01-19 16:53:49','2019-01-19 16:53:49','\0'),(2628,17,'Pueblo Bello','2019-01-19 16:53:49','2019-01-19 16:53:49','\0'),(2629,17,'Río de oro','2019-01-19 16:53:49','2019-01-19 16:53:49','\0'),(2630,17,'San Alberto','2019-01-19 16:53:49','2019-01-19 16:53:49','\0'),(2631,17,'San Diego','2019-01-19 16:53:49','2019-01-19 16:53:49','\0'),(2632,17,'San Martín','2019-01-19 16:53:49','2019-01-19 16:53:49','\0'),(2633,17,'Tamalameque','2019-01-19 16:53:49','2019-01-19 16:53:49','\0'),(2634,17,'Valledupar','2019-01-19 16:53:49','2019-01-19 16:53:49','\0'),(2641,18,'Acandí','2019-01-19 16:54:32','2019-01-19 16:54:32','\0'),(2642,18,'Alto Baudó (Pie de Pato)','2019-01-19 16:54:32','2019-01-19 16:54:32','\0'),(2643,18,'Atrato (Yuto)','2019-01-19 16:54:32','2019-01-19 16:54:32','\0'),(2644,18,'Bagadó','2019-01-19 16:54:32','2019-01-19 16:54:32','\0'),(2645,18,'Bahía Solano (Mútis)','2019-01-19 16:54:32','2019-01-19 16:54:32','\0'),(2646,18,'Bajo Baudó (Pizarro)','2019-01-19 16:54:32','2019-01-19 16:54:32','\0'),(2647,18,'Belén de Bajirá','2019-01-19 16:54:32','2019-01-19 16:54:32','\0'),(2648,18,'Bojayá (Bellavista)','2019-01-19 16:54:32','2019-01-19 16:54:32','\0'),(2649,18,'Cantón de San Pablo','2019-01-19 16:54:32','2019-01-19 16:54:32','\0'),(2650,18,'Carmen del Darién (CURBARADÓ)','2019-01-19 16:54:32','2019-01-19 16:54:32','\0'),(2651,18,'Condoto','2019-01-19 16:54:32','2019-01-19 16:54:32','\0'),(2652,18,'Cértegui','2019-01-19 16:54:32','2019-01-19 16:54:32','\0'),(2653,18,'El Carmen de Atrato','2019-01-19 16:54:32','2019-01-19 16:54:32','\0'),(2654,18,'Istmina','2019-01-19 16:54:32','2019-01-19 16:54:32','\0'),(2655,18,'Juradó','2019-01-19 16:54:32','2019-01-19 16:54:32','\0'),(2656,18,'Lloró','2019-01-19 16:54:32','2019-01-19 16:54:32','\0'),(2657,18,'Medio Atrato','2019-01-19 16:54:32','2019-01-19 16:54:32','\0'),(2658,18,'Medio Baudó','2019-01-19 16:54:32','2019-01-19 16:54:32','\0'),(2659,18,'Medio San Juan (ANDAGOYA)','2019-01-19 16:54:32','2019-01-19 16:54:32','\0'),(2660,18,'Novita','2019-01-19 16:54:32','2019-01-19 16:54:32','\0'),(2661,18,'Nuquí','2019-01-19 16:54:32','2019-01-19 16:54:32','\0'),(2662,18,'Quibdó','2019-01-19 16:54:32','2019-01-19 16:54:32','\0'),(2663,18,'Río Iró','2019-01-19 16:54:32','2019-01-19 16:54:32','\0'),(2664,18,'Río Quito','2019-01-19 16:54:32','2019-01-19 16:54:32','\0'),(2665,18,'Ríosucio','2019-01-19 16:54:32','2019-01-19 16:54:32','\0'),(2666,18,'San José del Palmar','2019-01-19 16:54:32','2019-01-19 16:54:32','\0'),(2667,18,'Santa Genoveva de Docorodó','2019-01-19 16:54:32','2019-01-19 16:54:32','\0'),(2668,18,'Sipí','2019-01-19 16:54:32','2019-01-19 16:54:32','\0'),(2669,18,'Tadó','2019-01-19 16:54:32','2019-01-19 16:54:32','\0'),(2670,18,'Unguía','2019-01-19 16:54:32','2019-01-19 16:54:32','\0'),(2671,18,'Unión Panamericana (ÁNIMAS)','2019-01-19 16:54:32','2019-01-19 16:54:32','\0'),(2672,19,'Ayapel','2019-01-19 16:55:03','2019-01-19 16:55:03','\0'),(2673,19,'Buenavista','2019-01-19 16:55:03','2019-01-19 16:55:03','\0'),(2674,19,'Canalete','2019-01-19 16:55:03','2019-01-19 16:55:03','\0'),(2675,19,'Cereté','2019-01-19 16:55:03','2019-01-19 16:55:03','\0'),(2676,19,'Chimá','2019-01-19 16:55:03','2019-01-19 16:55:03','\0'),(2677,19,'Chinú','2019-01-19 16:55:03','2019-01-19 16:55:03','\0'),(2678,19,'Ciénaga de Oro','2019-01-19 16:55:03','2019-01-19 16:55:03','\0'),(2679,19,'Cotorra','2019-01-19 16:55:03','2019-01-19 16:55:03','\0'),(2680,19,'La Apartada y La Frontera','2019-01-19 16:55:03','2019-01-19 16:55:03','\0'),(2681,19,'Lorica','2019-01-19 16:55:03','2019-01-19 16:55:03','\0'),(2682,19,'Los Córdobas','2019-01-19 16:55:03','2019-01-19 16:55:03','\0'),(2683,19,'Momil','2019-01-19 16:55:03','2019-01-19 16:55:03','\0'),(2684,19,'Montelíbano','2019-01-19 16:55:03','2019-01-19 16:55:03','\0'),(2685,19,'Monteria','2019-01-19 16:55:03','2019-01-19 16:55:03','\0'),(2686,19,'Moñitos','2019-01-19 16:55:03','2019-01-19 16:55:03','\0'),(2687,19,'Planeta Rica','2019-01-19 16:55:03','2019-01-19 16:55:03','\0'),(2688,19,'Pueblo Nuevo','2019-01-19 16:55:03','2019-01-19 16:55:03','\0'),(2689,19,'Puerto Escondido','2019-01-19 16:55:03','2019-01-19 16:55:03','\0'),(2690,19,'Puerto Libertador','2019-01-19 16:55:03','2019-01-19 16:55:03','\0'),(2691,19,'Purísima','2019-01-19 16:55:03','2019-01-19 16:55:03','\0'),(2692,19,'Sahagún','2019-01-19 16:55:03','2019-01-19 16:55:03','\0'),(2693,19,'San Andrés Sotavento','2019-01-19 16:55:03','2019-01-19 16:55:03','\0'),(2694,19,'San Antero','2019-01-19 16:55:03','2019-01-19 16:55:03','\0'),(2695,19,'San Bernardo del Viento','2019-01-19 16:55:03','2019-01-19 16:55:03','\0'),(2696,19,'San Carlos','2019-01-19 16:55:03','2019-01-19 16:55:03','\0'),(2697,19,'San José de Uré','2019-01-19 16:55:03','2019-01-19 16:55:03','\0'),(2698,19,'San Pelayo','2019-01-19 16:55:03','2019-01-19 16:55:03','\0'),(2699,19,'Tierralta','2019-01-19 16:55:03','2019-01-19 16:55:03','\0'),(2700,19,'Tuchín','2019-01-19 16:55:03','2019-01-19 16:55:03','\0'),(2701,19,'Valencia','2019-01-19 16:55:03','2019-01-19 16:55:03','\0'),(2703,20,'Agua de Dios','2019-01-19 16:58:13','2019-01-19 16:58:13','\0'),(2704,20,'Albán','2019-01-19 16:58:13','2019-01-19 16:58:13','\0'),(2705,20,'Anapoima','2019-01-19 16:58:13','2019-01-19 16:58:13','\0'),(2706,20,'Anolaima','2019-01-19 16:58:13','2019-01-19 16:58:13','\0'),(2707,20,'Apulo','2019-01-19 16:58:13','2019-01-19 16:58:13','\0'),(2708,20,'Arbeláez','2019-01-19 16:58:13','2019-01-19 16:58:13','\0'),(2709,20,'Beltrán','2019-01-19 16:58:13','2019-01-19 16:58:13','\0'),(2710,20,'Bituima','2019-01-19 16:58:13','2019-01-19 16:58:13','\0'),(2711,20,'Bojacá','2019-01-19 16:58:13','2019-01-19 16:58:13','\0'),(2712,20,'Cabrera','2019-01-19 16:58:13','2019-01-19 16:58:13','\0'),(2713,20,'Cachipay','2019-01-19 16:58:13','2019-01-19 16:58:13','\0'),(2714,20,'Cajicá','2019-01-19 16:58:13','2019-01-19 16:58:13','\0'),(2715,20,'Caparrapí','2019-01-19 16:58:13','2019-01-19 16:58:13','\0'),(2716,20,'Carmen de Carupa','2019-01-19 16:58:13','2019-01-19 16:58:13','\0'),(2717,20,'Chaguaní','2019-01-19 16:58:13','2019-01-19 16:58:13','\0'),(2718,20,'Chipaque','2019-01-19 16:58:13','2019-01-19 16:58:13','\0'),(2719,20,'Choachí','2019-01-19 16:58:13','2019-01-19 16:58:13','\0'),(2720,20,'Chocontá','2019-01-19 16:58:13','2019-01-19 16:58:13','\0'),(2721,20,'Chía','2019-01-19 16:58:13','2019-01-19 16:58:13','\0'),(2722,20,'Cogua','2019-01-19 16:58:13','2019-01-19 16:58:13','\0'),(2723,20,'Cota','2019-01-19 16:58:13','2019-01-19 16:58:13','\0'),(2724,20,'Cucunubá','2019-01-19 16:58:13','2019-01-19 16:58:13','\0'),(2725,20,'Cáqueza','2019-01-19 16:58:13','2019-01-19 16:58:13','\0'),(2726,20,'El Colegio','2019-01-19 16:58:13','2019-01-19 16:58:13','\0'),(2727,20,'El Peñón','2019-01-19 16:58:13','2019-01-19 16:58:13','\0'),(2728,20,'El Rosal','2019-01-19 16:58:13','2019-01-19 16:58:13','\0'),(2729,20,'Facatativá','2019-01-19 16:58:13','2019-01-19 16:58:13','\0'),(2730,20,'Fosca','2019-01-19 16:58:13','2019-01-19 16:58:13','\0'),(2731,20,'Funza','2019-01-19 16:58:13','2019-01-19 16:58:13','\0'),(2732,20,'Fusagasugá','2019-01-19 16:58:13','2019-01-19 16:58:13','\0'),(2733,20,'Fómeque','2019-01-19 16:58:13','2019-01-19 16:58:13','\0'),(2734,20,'Fúquene','2019-01-19 16:58:13','2019-01-19 16:58:13','\0'),(2735,20,'Gachalá','2019-01-19 16:58:13','2019-01-19 16:58:13','\0'),(2736,20,'Gachancipá','2019-01-19 16:58:13','2019-01-19 16:58:13','\0'),(2737,20,'Gachetá','2019-01-19 16:58:13','2019-01-19 16:58:13','\0'),(2738,20,'Gama','2019-01-19 16:58:13','2019-01-19 16:58:13','\0'),(2739,20,'Girardot','2019-01-19 16:58:13','2019-01-19 16:58:13','\0'),(2740,20,'Granada','2019-01-19 16:58:13','2019-01-19 16:58:13','\0'),(2741,20,'Guachetá','2019-01-19 16:58:13','2019-01-19 16:58:13','\0'),(2742,20,'Guaduas','2019-01-19 16:58:13','2019-01-19 16:58:13','\0'),(2743,20,'Guasca','2019-01-19 16:58:13','2019-01-19 16:58:13','\0'),(2744,20,'Guataquí','2019-01-19 16:58:13','2019-01-19 16:58:13','\0'),(2745,20,'Guatavita','2019-01-19 16:58:13','2019-01-19 16:58:13','\0'),(2746,20,'Guayabal de Siquima','2019-01-19 16:58:13','2019-01-19 16:58:13','\0'),(2747,20,'Guayabetal','2019-01-19 16:58:13','2019-01-19 16:58:13','\0'),(2748,20,'Gutiérrez','2019-01-19 16:58:13','2019-01-19 16:58:13','\0'),(2749,20,'Jerusalén','2019-01-19 16:58:13','2019-01-19 16:58:13','\0'),(2750,20,'Junín','2019-01-19 16:58:13','2019-01-19 16:58:13','\0'),(2751,20,'La Calera','2019-01-19 16:58:13','2019-01-19 16:58:13','\0'),(2752,20,'La Mesa','2019-01-19 16:58:13','2019-01-19 16:58:13','\0'),(2753,20,'La Palma','2019-01-19 16:58:13','2019-01-19 16:58:13','\0'),(2754,20,'La Peña','2019-01-19 16:58:13','2019-01-19 16:58:13','\0'),(2755,20,'La Vega','2019-01-19 16:58:13','2019-01-19 16:58:13','\0'),(2756,20,'Lenguazaque','2019-01-19 16:58:13','2019-01-19 16:58:13','\0'),(2757,20,'Machetá','2019-01-19 16:58:13','2019-01-19 16:58:13','\0'),(2758,20,'Madrid','2019-01-19 16:58:13','2019-01-19 16:58:13','\0'),(2759,20,'Manta','2019-01-19 16:58:13','2019-01-19 16:58:13','\0'),(2760,20,'Medina','2019-01-19 16:58:13','2019-01-19 16:58:13','\0'),(2761,20,'Mosquera','2019-01-19 16:58:13','2019-01-19 16:58:13','\0'),(2762,20,'Nariño','2019-01-19 16:58:13','2019-01-19 16:58:13','\0'),(2763,20,'Nemocón','2019-01-19 16:58:13','2019-01-19 16:58:13','\0'),(2764,20,'Nilo','2019-01-19 16:58:13','2019-01-19 16:58:13','\0'),(2765,20,'Nimaima','2019-01-19 16:58:13','2019-01-19 16:58:13','\0'),(2766,20,'Nocaima','2019-01-19 16:58:13','2019-01-19 16:58:13','\0'),(2767,20,'Pacho','2019-01-19 16:58:13','2019-01-19 16:58:13','\0'),(2768,20,'Paime','2019-01-19 16:58:13','2019-01-19 16:58:13','\0'),(2769,20,'Pandi','2019-01-19 16:58:13','2019-01-19 16:58:13','\0'),(2770,20,'Paratebueno','2019-01-19 16:58:13','2019-01-19 16:58:13','\0'),(2771,20,'Pasca','2019-01-19 16:58:13','2019-01-19 16:58:13','\0'),(2772,20,'Puerto Salgar','2019-01-19 16:58:13','2019-01-19 16:58:13','\0'),(2773,20,'Pulí','2019-01-19 16:58:13','2019-01-19 16:58:13','\0'),(2774,20,'Quebradanegra','2019-01-19 16:58:13','2019-01-19 16:58:13','\0'),(2775,20,'Quetame','2019-01-19 16:58:13','2019-01-19 16:58:13','\0'),(2776,20,'Quipile','2019-01-19 16:58:13','2019-01-19 16:58:13','\0'),(2777,20,'Ricaurte','2019-01-19 16:58:13','2019-01-19 16:58:13','\0'),(2778,20,'San Antonio de Tequendama','2019-01-19 16:58:13','2019-01-19 16:58:13','\0'),(2779,20,'San Bernardo','2019-01-19 16:58:13','2019-01-19 16:58:13','\0'),(2780,20,'San Cayetano','2019-01-19 16:58:13','2019-01-19 16:58:13','\0'),(2781,20,'San Francisco','2019-01-19 16:58:13','2019-01-19 16:58:13','\0'),(2782,20,'San Juan de Río Seco','2019-01-19 16:58:13','2019-01-19 16:58:13','\0'),(2783,20,'Sasaima','2019-01-19 16:58:13','2019-01-19 16:58:13','\0'),(2784,20,'Sesquilé','2019-01-19 16:58:13','2019-01-19 16:58:13','\0'),(2785,20,'Sibaté','2019-01-19 16:58:13','2019-01-19 16:58:13','\0'),(2786,20,'Silvania','2019-01-19 16:58:13','2019-01-19 16:58:13','\0'),(2787,20,'Simijaca','2019-01-19 16:58:13','2019-01-19 16:58:13','\0'),(2788,20,'Soacha','2019-01-19 16:58:13','2019-01-19 16:58:13','\0'),(2789,20,'Sopó','2019-01-19 16:58:13','2019-01-19 16:58:13','\0'),(2790,20,'Subachoque','2019-01-19 16:58:13','2019-01-19 16:58:13','\0'),(2791,20,'Suesca','2019-01-19 16:58:13','2019-01-19 16:58:13','\0'),(2792,20,'Supatá','2019-01-19 16:58:13','2019-01-19 16:58:13','\0'),(2793,20,'Susa','2019-01-19 16:58:13','2019-01-19 16:58:13','\0'),(2794,20,'Sutatausa','2019-01-19 16:58:13','2019-01-19 16:58:13','\0'),(2795,20,'Tabio','2019-01-19 16:58:13','2019-01-19 16:58:13','\0'),(2796,20,'Tausa','2019-01-19 16:58:13','2019-01-19 16:58:13','\0'),(2797,20,'Tena','2019-01-19 16:58:13','2019-01-19 16:58:13','\0'),(2798,20,'Tenjo','2019-01-19 16:58:13','2019-01-19 16:58:13','\0'),(2799,20,'Tibacuy','2019-01-19 16:58:13','2019-01-19 16:58:13','\0'),(2800,20,'Tibirita','2019-01-19 16:58:13','2019-01-19 16:58:13','\0'),(2801,20,'Tocaima','2019-01-19 16:58:13','2019-01-19 16:58:13','\0'),(2802,20,'Tocancipá','2019-01-19 16:58:13','2019-01-19 16:58:13','\0'),(2803,20,'Topaipí','2019-01-19 16:58:13','2019-01-19 16:58:13','\0'),(2804,20,'Ubalá','2019-01-19 16:58:13','2019-01-19 16:58:13','\0'),(2805,20,'Ubaque','2019-01-19 16:58:13','2019-01-19 16:58:13','\0'),(2806,20,'Ubaté','2019-01-19 16:58:13','2019-01-19 16:58:13','\0'),(2807,20,'Une','2019-01-19 16:58:13','2019-01-19 16:58:13','\0'),(2808,20,'Venecia (Ospina Pérez)','2019-01-19 16:58:13','2019-01-19 16:58:13','\0'),(2809,20,'Vergara','2019-01-19 16:58:13','2019-01-19 16:58:13','\0'),(2810,20,'Viani','2019-01-19 16:58:13','2019-01-19 16:58:13','\0'),(2811,20,'Villagómez','2019-01-19 16:58:13','2019-01-19 16:58:13','\0'),(2812,20,'Villapinzón','2019-01-19 16:58:13','2019-01-19 16:58:13','\0'),(2813,20,'Villeta','2019-01-19 16:58:13','2019-01-19 16:58:13','\0'),(2814,20,'Viotá','2019-01-19 16:58:13','2019-01-19 16:58:13','\0'),(2815,20,'Yacopí','2019-01-19 16:58:13','2019-01-19 16:58:13','\0'),(2816,20,'Zipacón','2019-01-19 16:58:13','2019-01-19 16:58:13','\0'),(2817,20,'Zipaquirá','2019-01-19 16:58:13','2019-01-19 16:58:13','\0'),(2818,20,'Útica','2019-01-19 16:58:13','2019-01-19 16:58:13','\0'),(2830,21,'Inírida','2019-01-19 16:59:16','2019-01-19 16:59:16','\0'),(2831,21,'Barranco Mina','2019-01-19 17:00:55','2019-01-19 17:00:55','\0'),(2832,21,'Mapiripana','2019-01-19 17:00:55','2019-01-19 17:00:55','\0'),(2833,21,'San Felipe','2019-01-19 17:00:55','2019-01-19 17:00:55','\0'),(2834,21,'Puerto Colombia','2019-01-19 17:00:55','2019-01-19 17:00:55','\0'),(2835,21,'Guadalupe','2019-01-19 17:00:55','2019-01-19 17:00:55','\0'),(2836,21,'Cacahual','2019-01-19 17:00:55','2019-01-19 17:00:55','\0'),(2837,21,'Pana Pana','2019-01-19 17:00:55','2019-01-19 17:00:55','\0'),(2838,21,'Morichal','2019-01-19 17:00:55','2019-01-19 17:00:55','\0'),(2839,22,'Calamar','2019-01-19 17:01:51','2019-01-19 17:01:51','\0'),(2840,22,'El Retorno','2019-01-19 17:01:51','2019-01-19 17:01:51','\0'),(2841,22,'Miraflores','2019-01-19 17:01:51','2019-01-19 17:01:51','\0'),(2842,22,'San José del Guaviare','2019-01-19 17:01:51','2019-01-19 17:01:51','\0'),(2846,23,'Acevedo','2019-01-19 17:04:06','2019-01-19 17:04:06','\0'),(2847,23,'Agrado','2019-01-19 17:04:06','2019-01-19 17:04:06','\0'),(2848,23,'Aipe','2019-01-19 17:04:06','2019-01-19 17:04:06','\0'),(2849,23,'Algeciras','2019-01-19 17:04:06','2019-01-19 17:04:06','\0'),(2850,23,'Altamira','2019-01-19 17:04:06','2019-01-19 17:04:06','\0'),(2851,23,'Baraya','2019-01-19 17:04:06','2019-01-19 17:04:06','\0'),(2852,23,'Campoalegre','2019-01-19 17:04:06','2019-01-19 17:04:06','\0'),(2853,23,'Colombia','2019-01-19 17:04:06','2019-01-19 17:04:06','\0'),(2854,23,'Elías','2019-01-19 17:04:06','2019-01-19 17:04:06','\0'),(2855,23,'Garzón','2019-01-19 17:04:06','2019-01-19 17:04:06','\0'),(2856,23,'Gigante','2019-01-19 17:04:06','2019-01-19 17:04:06','\0'),(2857,23,'Guadalupe','2019-01-19 17:04:06','2019-01-19 17:04:06','\0'),(2858,23,'Hobo','2019-01-19 17:04:06','2019-01-19 17:04:06','\0'),(2859,23,'Isnos','2019-01-19 17:04:06','2019-01-19 17:04:06','\0'),(2860,23,'La Argentina','2019-01-19 17:04:06','2019-01-19 17:04:06','\0'),(2861,23,'La Plata','2019-01-19 17:04:06','2019-01-19 17:04:06','\0'),(2862,23,'Neiva','2019-01-19 17:04:06','2019-01-19 17:04:06','\0'),(2863,23,'Nátaga','2019-01-19 17:04:06','2019-01-19 17:04:06','\0'),(2864,23,'Oporapa','2019-01-19 17:04:06','2019-01-19 17:04:06','\0'),(2865,23,'Paicol','2019-01-19 17:04:06','2019-01-19 17:04:06','\0'),(2866,23,'Palermo','2019-01-19 17:04:06','2019-01-19 17:04:06','\0'),(2867,23,'Palestina','2019-01-19 17:04:06','2019-01-19 17:04:06','\0'),(2868,23,'Pital','2019-01-19 17:04:06','2019-01-19 17:04:06','\0'),(2869,23,'Pitalito','2019-01-19 17:04:06','2019-01-19 17:04:06','\0'),(2870,23,'Rivera','2019-01-19 17:04:06','2019-01-19 17:04:06','\0'),(2871,23,'Saladoblanco','2019-01-19 17:04:06','2019-01-19 17:04:06','\0'),(2872,23,'San Agustín','2019-01-19 17:04:06','2019-01-19 17:04:06','\0'),(2873,23,'Santa María','2019-01-19 17:04:06','2019-01-19 17:04:06','\0'),(2874,23,'Suaza','2019-01-19 17:04:06','2019-01-19 17:04:06','\0'),(2875,23,'Tarqui','2019-01-19 17:04:06','2019-01-19 17:04:06','\0'),(2876,23,'Tello','2019-01-19 17:04:06','2019-01-19 17:04:06','\0'),(2877,23,'Teruel','2019-01-19 17:04:06','2019-01-19 17:04:06','\0'),(2878,23,'Tesalia','2019-01-19 17:04:06','2019-01-19 17:04:06','\0'),(2879,23,'Timaná','2019-01-19 17:04:06','2019-01-19 17:04:06','\0'),(2880,23,'Villavieja','2019-01-19 17:04:06','2019-01-19 17:04:06','\0'),(2881,23,'Yaguará','2019-01-19 17:04:06','2019-01-19 17:04:06','\0'),(2882,23,'Íquira','2019-01-19 17:04:06','2019-01-19 17:04:06','\0'),(2909,24,'Albania','2019-01-19 17:04:35','2019-01-19 17:04:35','\0'),(2910,24,'Barrancas','2019-01-19 17:04:35','2019-01-19 17:04:35','\0'),(2911,24,'Dibulla','2019-01-19 17:04:35','2019-01-19 17:04:35','\0'),(2912,24,'Distracción','2019-01-19 17:04:35','2019-01-19 17:04:35','\0'),(2913,24,'El Molino','2019-01-19 17:04:35','2019-01-19 17:04:35','\0'),(2914,24,'Fonseca','2019-01-19 17:04:35','2019-01-19 17:04:35','\0'),(2915,24,'Hatonuevo','2019-01-19 17:04:35','2019-01-19 17:04:35','\0'),(2916,24,'La Jagua del Pilar','2019-01-19 17:04:35','2019-01-19 17:04:35','\0'),(2917,24,'Maicao','2019-01-19 17:04:35','2019-01-19 17:04:35','\0'),(2918,24,'Manaure','2019-01-19 17:04:35','2019-01-19 17:04:35','\0'),(2919,24,'Riohacha','2019-01-19 17:04:35','2019-01-19 17:04:35','\0'),(2920,24,'San Juan del Cesar','2019-01-19 17:04:35','2019-01-19 17:04:35','\0'),(2921,24,'Uribia','2019-01-19 17:04:35','2019-01-19 17:04:35','\0'),(2922,24,'Urumita','2019-01-19 17:04:35','2019-01-19 17:04:35','\0'),(2923,24,'Villanueva','2019-01-19 17:04:35','2019-01-19 17:04:35','\0'),(2924,25,'Algarrobo','2019-01-19 17:05:10','2019-01-19 17:05:10','\0'),(2925,25,'Aracataca','2019-01-19 17:05:10','2019-01-19 17:05:10','\0'),(2926,25,'Ariguaní (El Difícil)','2019-01-19 17:05:10','2019-01-19 17:05:10','\0'),(2927,25,'Cerro San Antonio','2019-01-19 17:05:10','2019-01-19 17:05:10','\0'),(2928,25,'Chivolo','2019-01-19 17:05:10','2019-01-19 17:05:10','\0'),(2929,25,'Ciénaga','2019-01-19 17:05:10','2019-01-19 17:05:10','\0'),(2930,25,'Concordia','2019-01-19 17:05:10','2019-01-19 17:05:10','\0'),(2931,25,'El Banco','2019-01-19 17:05:10','2019-01-19 17:05:10','\0'),(2932,25,'El Piñon','2019-01-19 17:05:10','2019-01-19 17:05:10','\0'),(2933,25,'El Retén','2019-01-19 17:05:10','2019-01-19 17:05:10','\0'),(2934,25,'Fundación','2019-01-19 17:05:10','2019-01-19 17:05:10','\0'),(2935,25,'Guamal','2019-01-19 17:05:10','2019-01-19 17:05:10','\0'),(2936,25,'Nueva Granada','2019-01-19 17:05:10','2019-01-19 17:05:10','\0'),(2937,25,'Pedraza','2019-01-19 17:05:10','2019-01-19 17:05:10','\0'),(2938,25,'Pijiño','2019-01-19 17:05:10','2019-01-19 17:05:10','\0'),(2939,25,'Pivijay','2019-01-19 17:05:10','2019-01-19 17:05:10','\0'),(2940,25,'Plato','2019-01-19 17:05:10','2019-01-19 17:05:10','\0'),(2941,25,'Puebloviejo','2019-01-19 17:05:10','2019-01-19 17:05:10','\0'),(2942,25,'Remolino','2019-01-19 17:05:10','2019-01-19 17:05:10','\0'),(2943,25,'Sabanas de San Angel (SAN ANGEL)','2019-01-19 17:05:10','2019-01-19 17:05:10','\0'),(2944,25,'Salamina','2019-01-19 17:05:10','2019-01-19 17:05:10','\0'),(2945,25,'San Sebastián de Buenavista','2019-01-19 17:05:10','2019-01-19 17:05:10','\0'),(2946,25,'San Zenón','2019-01-19 17:05:10','2019-01-19 17:05:10','\0'),(2947,25,'Santa Ana','2019-01-19 17:05:10','2019-01-19 17:05:10','\0'),(2948,25,'Santa Bárbara de Pinto','2019-01-19 17:05:10','2019-01-19 17:05:10','\0'),(2949,25,'Santa Marta','2019-01-19 17:05:10','2019-01-19 17:05:10','\0'),(2950,25,'Sitionuevo','2019-01-19 17:05:10','2019-01-19 17:05:10','\0'),(2951,25,'Tenerife','2019-01-19 17:05:10','2019-01-19 17:05:10','\0'),(2952,25,'Zapayán (PUNTA DE PIEDRAS)','2019-01-19 17:05:10','2019-01-19 17:05:10','\0'),(2953,25,'Zona Bananera (PRADO - SEVILLA)','2019-01-19 17:05:10','2019-01-19 17:05:10','\0'),(2955,26,'Acacías','2019-01-19 17:05:36','2019-01-19 17:05:36','\0'),(2956,26,'Barranca de Upía','2019-01-19 17:05:36','2019-01-19 17:05:36','\0'),(2957,26,'Cabuyaro','2019-01-19 17:05:36','2019-01-19 17:05:36','\0'),(2958,26,'Castilla la Nueva','2019-01-19 17:05:36','2019-01-19 17:05:36','\0'),(2959,26,'Cubarral','2019-01-19 17:05:36','2019-01-19 17:05:36','\0'),(2960,26,'Cumaral','2019-01-19 17:05:36','2019-01-19 17:05:36','\0'),(2961,26,'El Calvario','2019-01-19 17:05:36','2019-01-19 17:05:36','\0'),(2962,26,'El Castillo','2019-01-19 17:05:36','2019-01-19 17:05:36','\0'),(2963,26,'El Dorado','2019-01-19 17:05:36','2019-01-19 17:05:36','\0'),(2964,26,'Fuente de Oro','2019-01-19 17:05:36','2019-01-19 17:05:36','\0'),(2965,26,'Granada','2019-01-19 17:05:36','2019-01-19 17:05:36','\0'),(2966,26,'Guamal','2019-01-19 17:05:36','2019-01-19 17:05:36','\0'),(2967,26,'La Macarena','2019-01-19 17:05:36','2019-01-19 17:05:36','\0'),(2968,26,'Lejanías','2019-01-19 17:05:36','2019-01-19 17:05:36','\0'),(2969,26,'Mapiripan','2019-01-19 17:05:36','2019-01-19 17:05:36','\0'),(2970,26,'Mesetas','2019-01-19 17:05:36','2019-01-19 17:05:36','\0'),(2971,26,'Puerto Concordia','2019-01-19 17:05:36','2019-01-19 17:05:36','\0'),(2972,26,'Puerto Gaitán','2019-01-19 17:05:36','2019-01-19 17:05:36','\0'),(2973,26,'Puerto Lleras','2019-01-19 17:05:36','2019-01-19 17:05:36','\0'),(2974,26,'Puerto López','2019-01-19 17:05:36','2019-01-19 17:05:36','\0'),(2975,26,'Puerto Rico','2019-01-19 17:05:36','2019-01-19 17:05:36','\0'),(2976,26,'Restrepo','2019-01-19 17:05:36','2019-01-19 17:05:36','\0'),(2977,26,'San Carlos de Guaroa','2019-01-19 17:05:36','2019-01-19 17:05:36','\0'),(2978,26,'San Juan de Arama','2019-01-19 17:05:36','2019-01-19 17:05:36','\0'),(2979,26,'San Juanito','2019-01-19 17:05:36','2019-01-19 17:05:36','\0'),(2980,26,'San Martín','2019-01-19 17:05:36','2019-01-19 17:05:36','\0'),(2981,26,'Uribe','2019-01-19 17:05:36','2019-01-19 17:05:36','\0'),(2982,26,'Villavicencio','2019-01-19 17:05:36','2019-01-19 17:05:36','\0'),(2983,26,'Vista Hermosa','2019-01-19 17:05:36','2019-01-19 17:05:36','\0'),(2986,27,'Albán (San José)','2019-01-19 17:06:42','2019-01-19 17:06:42','\0'),(2987,27,'Ancuya','2019-01-19 17:06:42','2019-01-19 17:06:42','\0'),(2988,27,'Arboleda (Berruecos)','2019-01-19 17:06:42','2019-01-19 17:06:42','\0'),(2989,27,'Barbacoas','2019-01-19 17:06:42','2019-01-19 17:06:42','\0'),(2990,27,'Belén','2019-01-19 17:06:42','2019-01-19 17:06:42','\0'),(2991,27,'Buesaco','2019-01-19 17:06:42','2019-01-19 17:06:42','\0'),(2992,27,'Chachaguí','2019-01-19 17:06:42','2019-01-19 17:06:42','\0'),(2993,27,'Colón (Génova)','2019-01-19 17:06:42','2019-01-19 17:06:42','\0'),(2994,27,'Consaca','2019-01-19 17:06:42','2019-01-19 17:06:42','\0'),(2995,27,'Contadero','2019-01-19 17:06:42','2019-01-19 17:06:42','\0'),(2996,27,'Cuaspud (Carlosama)','2019-01-19 17:06:42','2019-01-19 17:06:42','\0'),(2997,27,'Cumbal','2019-01-19 17:06:42','2019-01-19 17:06:42','\0'),(2998,27,'Cumbitara','2019-01-19 17:06:42','2019-01-19 17:06:42','\0'),(2999,27,'Córdoba','2019-01-19 17:06:42','2019-01-19 17:06:42','\0'),(3000,27,'El Charco','2019-01-19 17:06:42','2019-01-19 17:06:42','\0'),(3001,27,'El Peñol','2019-01-19 17:06:42','2019-01-19 17:06:42','\0'),(3002,27,'El Rosario','2019-01-19 17:06:42','2019-01-19 17:06:42','\0'),(3003,27,'El Tablón de Gómez','2019-01-19 17:06:42','2019-01-19 17:06:42','\0'),(3004,27,'El Tambo','2019-01-19 17:06:42','2019-01-19 17:06:42','\0'),(3005,27,'Francisco Pizarro','2019-01-19 17:06:42','2019-01-19 17:06:42','\0'),(3006,27,'Funes','2019-01-19 17:06:42','2019-01-19 17:06:42','\0'),(3007,27,'Guachavés','2019-01-19 17:06:42','2019-01-19 17:06:42','\0'),(3008,27,'Guachucal','2019-01-19 17:06:42','2019-01-19 17:06:42','\0'),(3009,27,'Guaitarilla','2019-01-19 17:06:42','2019-01-19 17:06:42','\0'),(3010,27,'Gualmatán','2019-01-19 17:06:42','2019-01-19 17:06:42','\0'),(3011,27,'Iles','2019-01-19 17:06:42','2019-01-19 17:06:42','\0'),(3012,27,'Imúes','2019-01-19 17:06:42','2019-01-19 17:06:42','\0'),(3013,27,'Ipiales','2019-01-19 17:06:42','2019-01-19 17:06:42','\0'),(3014,27,'La Cruz','2019-01-19 17:06:42','2019-01-19 17:06:42','\0'),(3015,27,'La Florida','2019-01-19 17:06:42','2019-01-19 17:06:42','\0'),(3016,27,'La Llanada','2019-01-19 17:06:42','2019-01-19 17:06:42','\0'),(3017,27,'La Tola','2019-01-19 17:06:42','2019-01-19 17:06:42','\0'),(3018,27,'La Unión','2019-01-19 17:06:42','2019-01-19 17:06:42','\0'),(3019,27,'Leiva','2019-01-19 17:06:42','2019-01-19 17:06:42','\0'),(3020,27,'Linares','2019-01-19 17:06:42','2019-01-19 17:06:42','\0'),(3021,27,'Magüi (Payán)','2019-01-19 17:06:42','2019-01-19 17:06:42','\0'),(3022,27,'Mallama (Piedrancha)','2019-01-19 17:06:42','2019-01-19 17:06:42','\0'),(3023,27,'Mosquera','2019-01-19 17:06:42','2019-01-19 17:06:42','\0'),(3024,27,'Nariño','2019-01-19 17:06:42','2019-01-19 17:06:42','\0'),(3025,27,'Olaya Herrera','2019-01-19 17:06:42','2019-01-19 17:06:42','\0'),(3026,27,'Ospina','2019-01-19 17:06:42','2019-01-19 17:06:42','\0'),(3027,27,'Policarpa','2019-01-19 17:06:42','2019-01-19 17:06:42','\0'),(3028,27,'Potosí','2019-01-19 17:06:42','2019-01-19 17:06:42','\0'),(3029,27,'Providencia','2019-01-19 17:06:42','2019-01-19 17:06:42','\0'),(3030,27,'Puerres','2019-01-19 17:06:42','2019-01-19 17:06:42','\0'),(3031,27,'Pupiales','2019-01-19 17:06:42','2019-01-19 17:06:42','\0'),(3032,27,'Ricaurte','2019-01-19 17:06:42','2019-01-19 17:06:42','\0'),(3033,27,'Roberto Payán (San José)','2019-01-19 17:06:42','2019-01-19 17:06:42','\0'),(3034,27,'Samaniego','2019-01-19 17:06:42','2019-01-19 17:06:42','\0'),(3035,27,'San Bernardo','2019-01-19 17:06:42','2019-01-19 17:06:42','\0'),(3036,27,'San Juan de Pasto','2019-01-19 17:06:42','2019-01-19 17:06:42','\0'),(3037,27,'San Lorenzo','2019-01-19 17:06:42','2019-01-19 17:06:42','\0'),(3038,27,'San Pablo','2019-01-19 17:06:42','2019-01-19 17:06:42','\0'),(3039,27,'San Pedro de Cartago','2019-01-19 17:06:42','2019-01-19 17:06:42','\0'),(3040,27,'Sandoná','2019-01-19 17:06:42','2019-01-19 17:06:42','\0'),(3041,27,'Santa Bárbara (Iscuandé)','2019-01-19 17:06:42','2019-01-19 17:06:42','\0'),(3042,27,'Sapuyes','2019-01-19 17:06:42','2019-01-19 17:06:42','\0'),(3043,27,'Sotomayor (Los Andes)','2019-01-19 17:06:42','2019-01-19 17:06:42','\0'),(3044,27,'Taminango','2019-01-19 17:06:42','2019-01-19 17:06:42','\0'),(3045,27,'Tangua','2019-01-19 17:06:42','2019-01-19 17:06:42','\0'),(3046,27,'Tumaco','2019-01-19 17:06:42','2019-01-19 17:06:42','\0'),(3047,27,'Túquerres','2019-01-19 17:06:42','2019-01-19 17:06:42','\0'),(3048,27,'Yacuanquer','2019-01-19 17:06:42','2019-01-19 17:06:42','\0'),(3049,28,'Arboledas','2019-01-19 17:07:45','2019-01-19 17:07:45','\0'),(3050,28,'Bochalema','2019-01-19 17:07:45','2019-01-19 17:07:45','\0'),(3051,28,'Bucarasica','2019-01-19 17:07:45','2019-01-19 17:07:45','\0'),(3052,28,'Chinácota','2019-01-19 17:07:45','2019-01-19 17:07:45','\0'),(3053,28,'Chitagá','2019-01-19 17:07:45','2019-01-19 17:07:45','\0'),(3054,28,'Convención','2019-01-19 17:07:45','2019-01-19 17:07:45','\0'),(3055,28,'Cucutilla','2019-01-19 17:07:45','2019-01-19 17:07:45','\0'),(3056,28,'Cáchira','2019-01-19 17:07:45','2019-01-19 17:07:45','\0'),(3057,28,'Cácota','2019-01-19 17:07:45','2019-01-19 17:07:45','\0'),(3058,28,'Cúcuta','2019-01-19 17:07:45','2019-01-19 17:07:45','\0'),(3059,28,'Durania','2019-01-19 17:07:45','2019-01-19 17:07:45','\0'),(3060,28,'El Carmen','2019-01-19 17:07:45','2019-01-19 17:07:45','\0'),(3061,28,'El Tarra','2019-01-19 17:07:45','2019-01-19 17:07:45','\0'),(3062,28,'El Zulia','2019-01-19 17:07:45','2019-01-19 17:07:45','\0'),(3063,28,'Gramalote','2019-01-19 17:07:45','2019-01-19 17:07:45','\0'),(3064,28,'Hacarí','2019-01-19 17:07:45','2019-01-19 17:07:45','\0'),(3065,28,'Herrán','2019-01-19 17:07:45','2019-01-19 17:07:45','\0'),(3066,28,'La Esperanza','2019-01-19 17:07:45','2019-01-19 17:07:45','\0'),(3067,28,'La Playa','2019-01-19 17:07:45','2019-01-19 17:07:45','\0'),(3068,28,'Labateca','2019-01-19 17:07:45','2019-01-19 17:07:45','\0'),(3069,28,'Los Patios','2019-01-19 17:07:45','2019-01-19 17:07:45','\0'),(3070,28,'Lourdes','2019-01-19 17:07:45','2019-01-19 17:07:45','\0'),(3071,28,'Mutiscua','2019-01-19 17:07:45','2019-01-19 17:07:45','\0'),(3072,28,'Ocaña','2019-01-19 17:07:45','2019-01-19 17:07:45','\0'),(3073,28,'Pamplona','2019-01-19 17:07:45','2019-01-19 17:07:45','\0'),(3074,28,'Pamplonita','2019-01-19 17:07:45','2019-01-19 17:07:45','\0'),(3075,28,'Puerto Santander','2019-01-19 17:07:45','2019-01-19 17:07:45','\0'),(3076,28,'Ragonvalia','2019-01-19 17:07:45','2019-01-19 17:07:45','\0'),(3077,28,'Salazar','2019-01-19 17:07:45','2019-01-19 17:07:45','\0'),(3078,28,'San Calixto','2019-01-19 17:07:45','2019-01-19 17:07:45','\0'),(3079,28,'San Cayetano','2019-01-19 17:07:45','2019-01-19 17:07:45','\0'),(3080,28,'Santiago','2019-01-19 17:07:45','2019-01-19 17:07:45','\0'),(3081,28,'Sardinata','2019-01-19 17:07:45','2019-01-19 17:07:45','\0'),(3082,28,'Silos','2019-01-19 17:07:45','2019-01-19 17:07:45','\0'),(3083,28,'Teorama','2019-01-19 17:07:45','2019-01-19 17:07:45','\0'),(3084,28,'Tibú','2019-01-19 17:07:45','2019-01-19 17:07:45','\0'),(3085,28,'Toledo','2019-01-19 17:07:45','2019-01-19 17:07:45','\0'),(3086,28,'Villa Caro','2019-01-19 17:07:45','2019-01-19 17:07:45','\0'),(3087,28,'Villa del Rosario','2019-01-19 17:07:45','2019-01-19 17:07:45','\0'),(3088,28,'Ábrego','2019-01-19 17:07:45','2019-01-19 17:07:45','\0'),(3112,28,'Arboledas','2019-01-19 17:07:45','2019-01-19 17:07:45','\0'),(3113,28,'Bochalema','2019-01-19 17:07:45','2019-01-19 17:07:45','\0'),(3114,28,'Bucarasica','2019-01-19 17:07:45','2019-01-19 17:07:45','\0'),(3115,28,'Chinácota','2019-01-19 17:07:45','2019-01-19 17:07:45','\0'),(3116,28,'Chitagá','2019-01-19 17:07:45','2019-01-19 17:07:45','\0'),(3117,28,'Convención','2019-01-19 17:07:45','2019-01-19 17:07:45','\0'),(3118,28,'Cucutilla','2019-01-19 17:07:45','2019-01-19 17:07:45','\0'),(3119,28,'Cáchira','2019-01-19 17:07:45','2019-01-19 17:07:45','\0'),(3120,28,'Cácota','2019-01-19 17:07:45','2019-01-19 17:07:45','\0'),(3121,28,'Cúcuta','2019-01-19 17:07:45','2019-01-19 17:07:45','\0'),(3122,28,'Durania','2019-01-19 17:07:45','2019-01-19 17:07:45','\0'),(3123,28,'El Carmen','2019-01-19 17:07:45','2019-01-19 17:07:45','\0'),(3124,28,'El Tarra','2019-01-19 17:07:45','2019-01-19 17:07:45','\0'),(3125,28,'El Zulia','2019-01-19 17:07:45','2019-01-19 17:07:45','\0'),(3126,28,'Gramalote','2019-01-19 17:07:45','2019-01-19 17:07:45','\0'),(3127,28,'Hacarí','2019-01-19 17:07:45','2019-01-19 17:07:45','\0'),(3128,28,'Herrán','2019-01-19 17:07:45','2019-01-19 17:07:45','\0'),(3129,28,'La Esperanza','2019-01-19 17:07:45','2019-01-19 17:07:45','\0'),(3130,28,'La Playa','2019-01-19 17:07:45','2019-01-19 17:07:45','\0'),(3131,28,'Labateca','2019-01-19 17:07:45','2019-01-19 17:07:45','\0'),(3132,28,'Los Patios','2019-01-19 17:07:45','2019-01-19 17:07:45','\0'),(3133,28,'Lourdes','2019-01-19 17:07:45','2019-01-19 17:07:45','\0'),(3134,28,'Mutiscua','2019-01-19 17:07:45','2019-01-19 17:07:45','\0'),(3135,28,'Ocaña','2019-01-19 17:07:45','2019-01-19 17:07:45','\0'),(3136,28,'Pamplona','2019-01-19 17:07:45','2019-01-19 17:07:45','\0'),(3137,28,'Pamplonita','2019-01-19 17:07:45','2019-01-19 17:07:45','\0'),(3138,28,'Puerto Santander','2019-01-19 17:07:45','2019-01-19 17:07:45','\0'),(3139,28,'Ragonvalia','2019-01-19 17:07:45','2019-01-19 17:07:45','\0'),(3140,28,'Salazar','2019-01-19 17:07:45','2019-01-19 17:07:45','\0'),(3141,28,'San Calixto','2019-01-19 17:07:45','2019-01-19 17:07:45','\0'),(3142,28,'San Cayetano','2019-01-19 17:07:45','2019-01-19 17:07:45','\0'),(3143,28,'Santiago','2019-01-19 17:07:45','2019-01-19 17:07:45','\0'),(3144,28,'Sardinata','2019-01-19 17:07:45','2019-01-19 17:07:45','\0'),(3145,28,'Silos','2019-01-19 17:07:45','2019-01-19 17:07:45','\0'),(3146,28,'Teorama','2019-01-19 17:07:45','2019-01-19 17:07:45','\0'),(3147,28,'Tibú','2019-01-19 17:07:45','2019-01-19 17:07:45','\0'),(3148,28,'Toledo','2019-01-19 17:07:45','2019-01-19 17:07:45','\0'),(3149,28,'Villa Caro','2019-01-19 17:07:45','2019-01-19 17:07:45','\0'),(3150,28,'Villa del Rosario','2019-01-19 17:07:45','2019-01-19 17:07:45','\0'),(3151,28,'Ábrego','2019-01-19 17:07:45','2019-01-19 17:07:45','\0'),(3175,28,'Arboledas','2019-01-19 17:07:45','2019-01-19 17:07:45','\0'),(3176,28,'Bochalema','2019-01-19 17:07:45','2019-01-19 17:07:45','\0'),(3177,28,'Bucarasica','2019-01-19 17:07:45','2019-01-19 17:07:45','\0'),(3178,28,'Chinácota','2019-01-19 17:07:45','2019-01-19 17:07:45','\0'),(3179,28,'Chitagá','2019-01-19 17:07:45','2019-01-19 17:07:45','\0'),(3180,28,'Convención','2019-01-19 17:07:45','2019-01-19 17:07:45','\0'),(3181,28,'Cucutilla','2019-01-19 17:07:45','2019-01-19 17:07:45','\0'),(3182,28,'Cáchira','2019-01-19 17:07:45','2019-01-19 17:07:45','\0'),(3183,28,'Cácota','2019-01-19 17:07:45','2019-01-19 17:07:45','\0'),(3184,28,'Cúcuta','2019-01-19 17:07:45','2019-01-19 17:07:45','\0'),(3185,28,'Durania','2019-01-19 17:07:45','2019-01-19 17:07:45','\0'),(3186,28,'El Carmen','2019-01-19 17:07:45','2019-01-19 17:07:45','\0'),(3187,28,'El Tarra','2019-01-19 17:07:45','2019-01-19 17:07:45','\0'),(3188,28,'El Zulia','2019-01-19 17:07:45','2019-01-19 17:07:45','\0'),(3189,28,'Gramalote','2019-01-19 17:07:45','2019-01-19 17:07:45','\0'),(3190,28,'Hacarí','2019-01-19 17:07:45','2019-01-19 17:07:45','\0'),(3191,28,'Herrán','2019-01-19 17:07:45','2019-01-19 17:07:45','\0'),(3192,28,'La Esperanza','2019-01-19 17:07:45','2019-01-19 17:07:45','\0'),(3193,28,'La Playa','2019-01-19 17:07:45','2019-01-19 17:07:45','\0'),(3194,28,'Labateca','2019-01-19 17:07:45','2019-01-19 17:07:45','\0'),(3195,28,'Los Patios','2019-01-19 17:07:45','2019-01-19 17:07:45','\0'),(3196,28,'Lourdes','2019-01-19 17:07:45','2019-01-19 17:07:45','\0'),(3197,28,'Mutiscua','2019-01-19 17:07:45','2019-01-19 17:07:45','\0'),(3198,28,'Ocaña','2019-01-19 17:07:45','2019-01-19 17:07:45','\0'),(3199,28,'Pamplona','2019-01-19 17:07:45','2019-01-19 17:07:45','\0'),(3200,28,'Pamplonita','2019-01-19 17:07:45','2019-01-19 17:07:45','\0'),(3201,28,'Puerto Santander','2019-01-19 17:07:45','2019-01-19 17:07:45','\0'),(3202,28,'Ragonvalia','2019-01-19 17:07:45','2019-01-19 17:07:45','\0'),(3203,28,'Salazar','2019-01-19 17:07:45','2019-01-19 17:07:45','\0'),(3204,28,'San Calixto','2019-01-19 17:07:45','2019-01-19 17:07:45','\0'),(3205,28,'San Cayetano','2019-01-19 17:07:45','2019-01-19 17:07:45','\0'),(3206,28,'Santiago','2019-01-19 17:07:45','2019-01-19 17:07:45','\0'),(3207,28,'Sardinata','2019-01-19 17:07:45','2019-01-19 17:07:45','\0'),(3208,28,'Silos','2019-01-19 17:07:45','2019-01-19 17:07:45','\0'),(3209,28,'Teorama','2019-01-19 17:07:45','2019-01-19 17:07:45','\0'),(3210,28,'Tibú','2019-01-19 17:07:45','2019-01-19 17:07:45','\0'),(3211,28,'Toledo','2019-01-19 17:07:45','2019-01-19 17:07:45','\0'),(3212,28,'Villa Caro','2019-01-19 17:07:45','2019-01-19 17:07:45','\0'),(3213,28,'Villa del Rosario','2019-01-19 17:07:45','2019-01-19 17:07:45','\0'),(3214,28,'Ábrego','2019-01-19 17:07:45','2019-01-19 17:07:45','\0'),(3238,29,'Colón','2019-01-19 17:08:22','2019-01-19 17:08:22','\0'),(3239,29,'Mocoa','2019-01-19 17:08:22','2019-01-19 17:08:22','\0'),(3240,29,'Orito','2019-01-19 17:08:22','2019-01-19 17:08:22','\0'),(3241,29,'Puerto Asís','2019-01-19 17:08:22','2019-01-19 17:08:22','\0'),(3242,29,'Puerto Caicedo','2019-01-19 17:08:22','2019-01-19 17:08:22','\0'),(3243,29,'Puerto Guzmán','2019-01-19 17:08:22','2019-01-19 17:08:22','\0'),(3244,29,'Puerto Leguízamo','2019-01-19 17:08:22','2019-01-19 17:08:22','\0'),(3245,29,'San Francisco','2019-01-19 17:08:22','2019-01-19 17:08:22','\0'),(3246,29,'San Miguel','2019-01-19 17:08:22','2019-01-19 17:08:22','\0'),(3247,29,'Santiago','2019-01-19 17:08:22','2019-01-19 17:08:22','\0'),(3248,29,'Sibundoy','2019-01-19 17:08:22','2019-01-19 17:08:22','\0'),(3249,29,'Valle del Guamuez','2019-01-19 17:08:22','2019-01-19 17:08:22','\0'),(3250,29,'Villagarzón','2019-01-19 17:08:22','2019-01-19 17:08:22','\0'),(3253,30,'Armenia','2019-01-19 17:09:11','2019-01-19 17:09:11','\0'),(3254,30,'Buenavista','2019-01-19 17:09:11','2019-01-19 17:09:11','\0'),(3255,30,'Calarcá','2019-01-19 17:09:11','2019-01-19 17:09:11','\0'),(3256,30,'Circasia','2019-01-19 17:09:11','2019-01-19 17:09:11','\0'),(3257,30,'Cordobá','2019-01-19 17:09:11','2019-01-19 17:09:11','\0'),(3258,30,'Filandia','2019-01-19 17:09:11','2019-01-19 17:09:11','\0'),(3259,30,'Génova','2019-01-19 17:09:11','2019-01-19 17:09:11','\0'),(3260,30,'La Tebaida','2019-01-19 17:09:11','2019-01-19 17:09:11','\0'),(3261,30,'Montenegro','2019-01-19 17:09:11','2019-01-19 17:09:11','\0'),(3262,30,'Pijao','2019-01-19 17:09:11','2019-01-19 17:09:11','\0'),(3263,30,'Quimbaya','2019-01-19 17:09:11','2019-01-19 17:09:11','\0'),(3264,30,'Salento','2019-01-19 17:09:11','2019-01-19 17:09:11','\0'),(3268,31,'Apía','2019-01-19 17:09:35','2019-01-19 17:09:35','\0'),(3269,31,'Balboa','2019-01-19 17:09:35','2019-01-19 17:09:35','\0'),(3270,31,'Belén de Umbría','2019-01-19 17:09:35','2019-01-19 17:09:35','\0'),(3271,31,'Dos Quebradas','2019-01-19 17:09:35','2019-01-19 17:09:35','\0'),(3272,31,'Guática','2019-01-19 17:09:35','2019-01-19 17:09:35','\0'),(3273,31,'La Celia','2019-01-19 17:09:35','2019-01-19 17:09:35','\0'),(3274,31,'La Virginia','2019-01-19 17:09:35','2019-01-19 17:09:35','\0'),(3275,31,'Marsella','2019-01-19 17:09:35','2019-01-19 17:09:35','\0'),(3276,31,'Mistrató','2019-01-19 17:09:35','2019-01-19 17:09:35','\0'),(3277,31,'Pereira','2019-01-19 17:09:35','2019-01-19 17:09:35','\0'),(3278,31,'Pueblo Rico','2019-01-19 17:09:35','2019-01-19 17:09:35','\0'),(3279,31,'Quinchía','2019-01-19 17:09:35','2019-01-19 17:09:35','\0'),(3280,31,'Santa Rosa de Cabal','2019-01-19 17:09:35','2019-01-19 17:09:35','\0'),(3281,31,'Santuario','2019-01-19 17:09:35','2019-01-19 17:09:35','\0'),(3283,32,'Aguada','2019-01-19 17:10:24','2019-01-19 17:10:24','\0'),(3284,32,'Albania','2019-01-19 17:10:24','2019-01-19 17:10:24','\0'),(3285,32,'Aratoca','2019-01-19 17:10:24','2019-01-19 17:10:24','\0'),(3286,32,'Barbosa','2019-01-19 17:10:24','2019-01-19 17:10:24','\0'),(3287,32,'Barichara','2019-01-19 17:10:24','2019-01-19 17:10:24','\0'),(3288,32,'Barrancabermeja','2019-01-19 17:10:24','2019-01-19 17:10:24','\0'),(3289,32,'Betulia','2019-01-19 17:10:24','2019-01-19 17:10:24','\0'),(3290,32,'Bolívar','2019-01-19 17:10:24','2019-01-19 17:10:24','\0'),(3291,32,'Bucaramanga','2019-01-19 17:10:24','2019-01-19 17:10:24','\0'),(3292,32,'Cabrera','2019-01-19 17:10:24','2019-01-19 17:10:24','\0'),(3293,32,'California','2019-01-19 17:10:24','2019-01-19 17:10:24','\0'),(3294,32,'Capitanejo','2019-01-19 17:10:24','2019-01-19 17:10:24','\0'),(3295,32,'Carcasí','2019-01-19 17:10:24','2019-01-19 17:10:24','\0'),(3296,32,'Cepita','2019-01-19 17:10:24','2019-01-19 17:10:24','\0'),(3297,32,'Cerrito','2019-01-19 17:10:24','2019-01-19 17:10:24','\0'),(3298,32,'Charalá','2019-01-19 17:10:24','2019-01-19 17:10:24','\0'),(3299,32,'Charta','2019-01-19 17:10:24','2019-01-19 17:10:24','\0'),(3300,32,'Chima','2019-01-19 17:10:24','2019-01-19 17:10:24','\0'),(3301,32,'Chipatá','2019-01-19 17:10:24','2019-01-19 17:10:24','\0'),(3302,32,'Cimitarra','2019-01-19 17:10:24','2019-01-19 17:10:24','\0'),(3303,32,'Concepción','2019-01-19 17:10:24','2019-01-19 17:10:24','\0'),(3304,32,'Confines','2019-01-19 17:10:24','2019-01-19 17:10:24','\0'),(3305,32,'Contratación','2019-01-19 17:10:24','2019-01-19 17:10:24','\0'),(3306,32,'Coromoro','2019-01-19 17:10:24','2019-01-19 17:10:24','\0'),(3307,32,'Curití','2019-01-19 17:10:24','2019-01-19 17:10:24','\0'),(3308,32,'El Carmen','2019-01-19 17:10:24','2019-01-19 17:10:24','\0'),(3309,32,'El Guacamayo','2019-01-19 17:10:24','2019-01-19 17:10:24','\0'),(3310,32,'El Peñon','2019-01-19 17:10:24','2019-01-19 17:10:24','\0'),(3311,32,'El Playón','2019-01-19 17:10:24','2019-01-19 17:10:24','\0'),(3312,32,'Encino','2019-01-19 17:10:24','2019-01-19 17:10:24','\0'),(3313,32,'Enciso','2019-01-19 17:10:24','2019-01-19 17:10:24','\0'),(3314,32,'Floridablanca','2019-01-19 17:10:24','2019-01-19 17:10:24','\0'),(3315,32,'Florián','2019-01-19 17:10:24','2019-01-19 17:10:24','\0'),(3316,32,'Galán','2019-01-19 17:10:24','2019-01-19 17:10:24','\0'),(3317,32,'Girón','2019-01-19 17:10:24','2019-01-19 17:10:24','\0'),(3318,32,'Guaca','2019-01-19 17:10:24','2019-01-19 17:10:24','\0'),(3319,32,'Guadalupe','2019-01-19 17:10:24','2019-01-19 17:10:24','\0'),(3320,32,'Guapota','2019-01-19 17:10:24','2019-01-19 17:10:24','\0'),(3321,32,'Guavatá','2019-01-19 17:10:24','2019-01-19 17:10:24','\0'),(3322,32,'Guepsa','2019-01-19 17:10:24','2019-01-19 17:10:24','\0'),(3323,32,'Gámbita','2019-01-19 17:10:24','2019-01-19 17:10:24','\0'),(3324,32,'Hato','2019-01-19 17:10:24','2019-01-19 17:10:24','\0'),(3325,32,'Jesús María','2019-01-19 17:10:24','2019-01-19 17:10:24','\0'),(3326,32,'Jordán','2019-01-19 17:10:24','2019-01-19 17:10:24','\0'),(3327,32,'La Belleza','2019-01-19 17:10:24','2019-01-19 17:10:24','\0'),(3328,32,'La Paz','2019-01-19 17:10:24','2019-01-19 17:10:24','\0'),(3329,32,'Landázuri','2019-01-19 17:10:24','2019-01-19 17:10:24','\0'),(3330,32,'Lebrija','2019-01-19 17:10:24','2019-01-19 17:10:24','\0'),(3331,32,'Los Santos','2019-01-19 17:10:24','2019-01-19 17:10:24','\0'),(3332,32,'Macaravita','2019-01-19 17:10:24','2019-01-19 17:10:24','\0'),(3333,32,'Matanza','2019-01-19 17:10:24','2019-01-19 17:10:24','\0'),(3334,32,'Mogotes','2019-01-19 17:10:24','2019-01-19 17:10:24','\0'),(3335,32,'Molagavita','2019-01-19 17:10:24','2019-01-19 17:10:24','\0'),(3336,32,'Málaga','2019-01-19 17:10:24','2019-01-19 17:10:24','\0'),(3337,32,'Ocamonte','2019-01-19 17:10:24','2019-01-19 17:10:24','\0'),(3338,32,'Oiba','2019-01-19 17:10:24','2019-01-19 17:10:24','\0'),(3339,32,'Onzaga','2019-01-19 17:10:24','2019-01-19 17:10:24','\0'),(3340,32,'Palmar','2019-01-19 17:10:24','2019-01-19 17:10:24','\0'),(3341,32,'Palmas del Socorro','2019-01-19 17:10:24','2019-01-19 17:10:24','\0'),(3342,32,'Pie de Cuesta','2019-01-19 17:10:24','2019-01-19 17:10:24','\0'),(3343,32,'Pinchote','2019-01-19 17:10:24','2019-01-19 17:10:24','\0'),(3344,32,'Puente Nacional','2019-01-19 17:10:24','2019-01-19 17:10:24','\0'),(3345,32,'Puerto Parra','2019-01-19 17:10:24','2019-01-19 17:10:24','\0'),(3346,32,'Puerto Wilches','2019-01-19 17:10:24','2019-01-19 17:10:24','\0'),(3347,32,'Páramo','2019-01-19 17:10:24','2019-01-19 17:10:24','\0'),(3348,32,'Rio Negro','2019-01-19 17:10:24','2019-01-19 17:10:24','\0'),(3349,32,'Sabana de Torres','2019-01-19 17:10:24','2019-01-19 17:10:24','\0'),(3350,32,'San Andrés','2019-01-19 17:10:24','2019-01-19 17:10:24','\0'),(3351,32,'San Benito','2019-01-19 17:10:24','2019-01-19 17:10:24','\0'),(3352,32,'San Gíl','2019-01-19 17:10:24','2019-01-19 17:10:24','\0'),(3353,32,'San Joaquín','2019-01-19 17:10:24','2019-01-19 17:10:24','\0'),(3354,32,'San José de Miranda','2019-01-19 17:10:24','2019-01-19 17:10:24','\0'),(3355,32,'San Miguel','2019-01-19 17:10:24','2019-01-19 17:10:24','\0'),(3356,32,'San Vicente del Chucurí','2019-01-19 17:10:24','2019-01-19 17:10:24','\0'),(3357,32,'Santa Bárbara','2019-01-19 17:10:24','2019-01-19 17:10:24','\0'),(3358,32,'Santa Helena del Opón','2019-01-19 17:10:24','2019-01-19 17:10:24','\0'),(3359,32,'Simacota','2019-01-19 17:10:24','2019-01-19 17:10:24','\0'),(3360,32,'Socorro','2019-01-19 17:10:24','2019-01-19 17:10:24','\0'),(3361,32,'Suaita','2019-01-19 17:10:24','2019-01-19 17:10:24','\0'),(3362,32,'Sucre','2019-01-19 17:10:24','2019-01-19 17:10:24','\0'),(3363,32,'Suratá','2019-01-19 17:10:24','2019-01-19 17:10:24','\0'),(3364,32,'Tona','2019-01-19 17:10:24','2019-01-19 17:10:24','\0'),(3365,32,'Valle de San José','2019-01-19 17:10:24','2019-01-19 17:10:24','\0'),(3366,32,'Vetas','2019-01-19 17:10:24','2019-01-19 17:10:24','\0'),(3367,32,'Villanueva','2019-01-19 17:10:24','2019-01-19 17:10:24','\0'),(3368,32,'Vélez','2019-01-19 17:10:24','2019-01-19 17:10:24','\0'),(3369,32,'Zapatoca','2019-01-19 17:10:24','2019-01-19 17:10:24','\0'),(3410,33,'Buenavista','2019-01-19 17:10:49','2019-01-19 17:10:49','\0'),(3411,33,'Caimito','2019-01-19 17:10:49','2019-01-19 17:10:49','\0'),(3412,33,'Chalán','2019-01-19 17:10:49','2019-01-19 17:10:49','\0'),(3413,33,'Colosó (Ricaurte)','2019-01-19 17:10:49','2019-01-19 17:10:49','\0'),(3414,33,'Corozal','2019-01-19 17:10:49','2019-01-19 17:10:49','\0'),(3415,33,'Coveñas','2019-01-19 17:10:49','2019-01-19 17:10:49','\0'),(3416,33,'El Roble','2019-01-19 17:10:49','2019-01-19 17:10:49','\0'),(3417,33,'Galeras (Nueva Granada)','2019-01-19 17:10:49','2019-01-19 17:10:49','\0'),(3418,33,'Guaranda','2019-01-19 17:10:49','2019-01-19 17:10:49','\0'),(3419,33,'La Unión','2019-01-19 17:10:49','2019-01-19 17:10:49','\0'),(3420,33,'Los Palmitos','2019-01-19 17:10:49','2019-01-19 17:10:49','\0'),(3421,33,'Majagual','2019-01-19 17:10:49','2019-01-19 17:10:49','\0'),(3422,33,'Morroa','2019-01-19 17:10:49','2019-01-19 17:10:49','\0'),(3423,33,'Ovejas','2019-01-19 17:10:49','2019-01-19 17:10:49','\0'),(3424,33,'Palmito','2019-01-19 17:10:49','2019-01-19 17:10:49','\0'),(3425,33,'Sampués','2019-01-19 17:10:49','2019-01-19 17:10:49','\0'),(3426,33,'San Benito Abad','2019-01-19 17:10:49','2019-01-19 17:10:49','\0'),(3427,33,'San Juan de Betulia','2019-01-19 17:10:49','2019-01-19 17:10:49','\0'),(3428,33,'San Marcos','2019-01-19 17:10:49','2019-01-19 17:10:49','\0'),(3429,33,'San Onofre','2019-01-19 17:10:49','2019-01-19 17:10:49','\0'),(3430,33,'San Pedro','2019-01-19 17:10:49','2019-01-19 17:10:49','\0'),(3431,33,'Sincelejo','2019-01-19 17:10:49','2019-01-19 17:10:49','\0'),(3432,33,'Sincé','2019-01-19 17:10:49','2019-01-19 17:10:49','\0'),(3433,33,'Sucre','2019-01-19 17:10:49','2019-01-19 17:10:49','\0'),(3434,33,'Tolú','2019-01-19 17:10:49','2019-01-19 17:10:49','\0'),(3435,33,'Tolú Viejo','2019-01-19 17:10:49','2019-01-19 17:10:49','\0'),(3441,34,'Alpujarra','2019-01-19 17:11:52','2019-01-19 17:11:52','\0'),(3442,34,'Alvarado','2019-01-19 17:11:52','2019-01-19 17:11:52','\0'),(3443,34,'Ambalema','2019-01-19 17:11:52','2019-01-19 17:11:52','\0'),(3444,34,'Anzoátegui','2019-01-19 17:11:52','2019-01-19 17:11:52','\0'),(3445,34,'Armero (Guayabal)','2019-01-19 17:11:52','2019-01-19 17:11:52','\0'),(3446,34,'Ataco','2019-01-19 17:11:52','2019-01-19 17:11:52','\0'),(3447,34,'Cajamarca','2019-01-19 17:11:52','2019-01-19 17:11:52','\0'),(3448,34,'Carmen de Apicalá','2019-01-19 17:11:52','2019-01-19 17:11:52','\0'),(3449,34,'Casabianca','2019-01-19 17:11:52','2019-01-19 17:11:52','\0'),(3450,34,'Chaparral','2019-01-19 17:11:52','2019-01-19 17:11:52','\0'),(3451,34,'Coello','2019-01-19 17:11:52','2019-01-19 17:11:52','\0'),(3452,34,'Coyaima','2019-01-19 17:11:52','2019-01-19 17:11:52','\0'),(3453,34,'Cunday','2019-01-19 17:11:52','2019-01-19 17:11:52','\0'),(3454,34,'Dolores','2019-01-19 17:11:52','2019-01-19 17:11:52','\0'),(3455,34,'Espinal','2019-01-19 17:11:52','2019-01-19 17:11:52','\0'),(3456,34,'Falan','2019-01-19 17:11:52','2019-01-19 17:11:52','\0'),(3457,34,'Flandes','2019-01-19 17:11:52','2019-01-19 17:11:52','\0'),(3458,34,'Fresno','2019-01-19 17:11:52','2019-01-19 17:11:52','\0'),(3459,34,'Guamo','2019-01-19 17:11:52','2019-01-19 17:11:52','\0'),(3460,34,'Herveo','2019-01-19 17:11:52','2019-01-19 17:11:52','\0'),(3461,34,'Honda','2019-01-19 17:11:52','2019-01-19 17:11:52','\0'),(3462,34,'Ibagué','2019-01-19 17:11:52','2019-01-19 17:11:52','\0'),(3463,34,'Icononzo','2019-01-19 17:11:52','2019-01-19 17:11:52','\0'),(3464,34,'Lérida','2019-01-19 17:11:52','2019-01-19 17:11:52','\0'),(3465,34,'Líbano','2019-01-19 17:11:52','2019-01-19 17:11:52','\0'),(3466,34,'Mariquita','2019-01-19 17:11:52','2019-01-19 17:11:52','\0'),(3467,34,'Melgar','2019-01-19 17:11:52','2019-01-19 17:11:52','\0'),(3468,34,'Murillo','2019-01-19 17:11:52','2019-01-19 17:11:52','\0'),(3469,34,'Natagaima','2019-01-19 17:11:52','2019-01-19 17:11:52','\0'),(3470,34,'Ortega','2019-01-19 17:11:52','2019-01-19 17:11:52','\0'),(3471,34,'Palocabildo','2019-01-19 17:11:52','2019-01-19 17:11:52','\0'),(3472,34,'Piedras','2019-01-19 17:11:52','2019-01-19 17:11:52','\0'),(3473,34,'Planadas','2019-01-19 17:11:52','2019-01-19 17:11:52','\0'),(3474,34,'Prado','2019-01-19 17:11:52','2019-01-19 17:11:52','\0'),(3475,34,'Purificación','2019-01-19 17:11:52','2019-01-19 17:11:52','\0'),(3476,34,'Rioblanco','2019-01-19 17:11:52','2019-01-19 17:11:52','\0'),(3477,34,'Roncesvalles','2019-01-19 17:11:52','2019-01-19 17:11:52','\0'),(3478,34,'Rovira','2019-01-19 17:11:52','2019-01-19 17:11:52','\0'),(3479,34,'Saldaña','2019-01-19 17:11:52','2019-01-19 17:11:52','\0'),(3480,34,'San Antonio','2019-01-19 17:11:52','2019-01-19 17:11:52','\0'),(3481,34,'San Luis','2019-01-19 17:11:52','2019-01-19 17:11:52','\0'),(3482,34,'Santa Isabel','2019-01-19 17:11:52','2019-01-19 17:11:52','\0'),(3483,34,'Suárez','2019-01-19 17:11:52','2019-01-19 17:11:52','\0'),(3484,34,'Valle de San Juan','2019-01-19 17:11:52','2019-01-19 17:11:52','\0'),(3485,34,'Venadillo','2019-01-19 17:11:52','2019-01-19 17:11:52','\0'),(3486,34,'Villahermosa','2019-01-19 17:11:52','2019-01-19 17:11:52','\0'),(3487,34,'Villarrica','2019-01-19 17:11:52','2019-01-19 17:11:52','\0'),(3504,35,'Alcalá','2019-01-19 17:12:40','2019-01-19 17:12:40','\0'),(3505,35,'Andalucía','2019-01-19 17:12:40','2019-01-19 17:12:40','\0'),(3506,35,'Ansermanuevo','2019-01-19 17:12:40','2019-01-19 17:12:40','\0'),(3507,35,'Argelia','2019-01-19 17:12:40','2019-01-19 17:12:40','\0'),(3508,35,'Bolívar','2019-01-19 17:12:40','2019-01-19 17:12:40','\0'),(3509,35,'Buenaventura','2019-01-19 17:12:40','2019-01-19 17:12:40','\0'),(3510,35,'Buga','2019-01-19 17:12:40','2019-01-19 17:12:40','\0'),(3511,35,'Bugalagrande','2019-01-19 17:12:40','2019-01-19 17:12:40','\0'),(3512,35,'Caicedonia','2019-01-19 17:12:40','2019-01-19 17:12:40','\0'),(3513,35,'Calima (Darién)','2019-01-19 17:12:40','2019-01-19 17:12:40','\0'),(3514,35,'Calí','2019-01-19 17:12:40','2019-01-19 17:12:40','\0'),(3515,35,'Candelaria','2019-01-19 17:12:40','2019-01-19 17:12:40','\0'),(3516,35,'Cartago','2019-01-19 17:12:40','2019-01-19 17:12:40','\0'),(3517,35,'Dagua','2019-01-19 17:12:40','2019-01-19 17:12:40','\0'),(3518,35,'El Cairo','2019-01-19 17:12:40','2019-01-19 17:12:40','\0'),(3519,35,'El Cerrito','2019-01-19 17:12:40','2019-01-19 17:12:40','\0'),(3520,35,'El Dovio','2019-01-19 17:12:40','2019-01-19 17:12:40','\0'),(3521,35,'El Águila','2019-01-19 17:12:40','2019-01-19 17:12:40','\0'),(3522,35,'Florida','2019-01-19 17:12:40','2019-01-19 17:12:40','\0'),(3523,35,'Ginebra','2019-01-19 17:12:40','2019-01-19 17:12:40','\0'),(3524,35,'Guacarí','2019-01-19 17:12:40','2019-01-19 17:12:40','\0'),(3525,35,'Jamundí','2019-01-19 17:12:40','2019-01-19 17:12:40','\0'),(3526,35,'La Cumbre','2019-01-19 17:12:40','2019-01-19 17:12:40','\0'),(3527,35,'La Unión','2019-01-19 17:12:40','2019-01-19 17:12:40','\0'),(3528,35,'La Victoria','2019-01-19 17:12:40','2019-01-19 17:12:40','\0'),(3529,35,'Obando','2019-01-19 17:12:40','2019-01-19 17:12:40','\0'),(3530,35,'Palmira','2019-01-19 17:12:40','2019-01-19 17:12:40','\0'),(3531,35,'Pradera','2019-01-19 17:12:40','2019-01-19 17:12:40','\0'),(3532,35,'Restrepo','2019-01-19 17:12:40','2019-01-19 17:12:40','\0'),(3533,35,'Riofrío','2019-01-19 17:12:40','2019-01-19 17:12:40','\0'),(3534,35,'Roldanillo','2019-01-19 17:12:40','2019-01-19 17:12:40','\0'),(3535,35,'San Pedro','2019-01-19 17:12:40','2019-01-19 17:12:40','\0'),(3536,35,'Sevilla','2019-01-19 17:12:40','2019-01-19 17:12:40','\0'),(3537,35,'Toro','2019-01-19 17:12:40','2019-01-19 17:12:40','\0'),(3538,35,'Trujillo','2019-01-19 17:12:40','2019-01-19 17:12:40','\0'),(3539,35,'Tulúa','2019-01-19 17:12:40','2019-01-19 17:12:40','\0'),(3540,35,'Ulloa','2019-01-19 17:12:40','2019-01-19 17:12:40','\0'),(3541,35,'Versalles','2019-01-19 17:12:40','2019-01-19 17:12:40','\0'),(3542,35,'Vijes','2019-01-19 17:12:40','2019-01-19 17:12:40','\0'),(3543,35,'Yotoco','2019-01-19 17:12:40','2019-01-19 17:12:40','\0'),(3544,35,'Yumbo','2019-01-19 17:12:40','2019-01-19 17:12:40','\0'),(3545,35,'Zarzal','2019-01-19 17:12:40','2019-01-19 17:12:40','\0'),(3567,36,'Carurú','2019-01-19 17:13:17','2019-01-19 17:13:17','\0'),(3568,36,'Mitú','2019-01-19 17:13:17','2019-01-19 17:13:17','\0'),(3569,36,'Taraira','2019-01-19 17:13:17','2019-01-19 17:13:17','\0'),(3570,36,'Papanahua','2019-01-19 17:14:17','2019-01-19 17:14:17','\0'),(3571,36,'Pacoa','2019-01-19 17:14:17','2019-01-19 17:14:17','\0'),(3572,36,'Yavarate','2019-01-19 17:14:17','2019-01-19 17:14:17','\0'),(3573,37,'Cumaribo','2019-01-19 17:14:56','2019-01-19 17:14:56','\0'),(3574,37,'La Primavera','2019-01-19 17:14:56','2019-01-19 17:14:56','\0'),(3575,37,'Puerto Carreño','2019-01-19 17:14:56','2019-01-19 17:14:56','\0'),(3576,37,'Santa Rosalía','2019-01-19 17:14:56','2019-01-19 17:14:56','\0');
/*!40000 ALTER TABLE `city` ENABLE KEYS */;
UNLOCK TABLES;

--
-- Table structure for table `collection`
--

DROP TABLE IF EXISTS `collection`;
/*!40101 SET @saved_cs_client     = @@character_set_client */;
/*!40101 SET character_set_client = utf8 */;
CREATE TABLE `collection` (
  `id` bigint(20) NOT NULL AUTO_INCREMENT,
  `collection_date` timestamp NOT NULL DEFAULT CURRENT_TIMESTAMP ON UPDATE CURRENT_TIMESTAMP,
  `document_id` bigint(20) NOT NULL,
  `initial_balance` decimal(16,2) DEFAULT NULL,
  `fee` decimal(16,2) DEFAULT NULL,
  `final_balance` decimal(16,2) DEFAULT NULL,
  `payment_method_id` bigint(20) DEFAULT NULL,
  `creation_date` timestamp NOT NULL DEFAULT CURRENT_TIMESTAMP,
  `modify_date` timestamp NOT NULL DEFAULT CURRENT_TIMESTAMP,
  `archived` bit(1) NOT NULL DEFAULT b'0',
  PRIMARY KEY (`id`),
  KEY `collection_document_idx` (`document_id`),
  KEY `collection_payment_method_idx` (`payment_method_id`),
  CONSTRAINT `collection_document` FOREIGN KEY (`document_id`) REFERENCES `document` (`id`) ON DELETE NO ACTION ON UPDATE NO ACTION,
  CONSTRAINT `collection_payment_method` FOREIGN KEY (`payment_method_id`) REFERENCES `payment_method` (`id`) ON DELETE NO ACTION ON UPDATE NO ACTION
) ENGINE=InnoDB AUTO_INCREMENT=2 DEFAULT CHARSET=latin1;
/*!40101 SET character_set_client = @saved_cs_client */;

--
-- Dumping data for table `collection`
--

LOCK TABLES `collection` WRITE;
/*!40000 ALTER TABLE `collection` DISABLE KEYS */;
INSERT INTO `collection` VALUES (1,'2019-02-07 18:38:27',66,4500.00,500.00,4000.00,NULL,'2019-02-07 23:38:41','2019-02-07 23:38:41','\0');
/*!40000 ALTER TABLE `collection` ENABLE KEYS */;
UNLOCK TABLES;

--
-- Table structure for table `company`
--

DROP TABLE IF EXISTS `company`;
/*!40101 SET @saved_cs_client     = @@character_set_client */;
/*!40101 SET character_set_client = utf8 */;
CREATE TABLE `company` (
  `id` bigint(20) NOT NULL AUTO_INCREMENT,
  `nit` varchar(50) NOT NULL,
  `name` varchar(50) NOT NULL,
  `invoice_resolution` varchar(50) DEFAULT NULL,
  `regime_type` varchar(50) DEFAULT NULL,
  `address` varchar(100) DEFAULT NULL,
  `phone` varchar(20) DEFAULT NULL,
  `mobile` varchar(20) DEFAULT NULL,
  `email` varchar(100) DEFAULT NULL,
  `website` varchar(100) DEFAULT NULL,
  `creation_date` timestamp NOT NULL DEFAULT CURRENT_TIMESTAMP,
  `modify_date` timestamp NOT NULL DEFAULT CURRENT_TIMESTAMP,
  `archived` bit(1) NOT NULL DEFAULT b'0',
  PRIMARY KEY (`id`)
) ENGINE=InnoDB AUTO_INCREMENT=2 DEFAULT CHARSET=latin1;
/*!40101 SET character_set_client = @saved_cs_client */;

--
-- Dumping data for table `company`
--

LOCK TABLES `company` WRITE;
/*!40000 ALTER TABLE `company` DISABLE KEYS */;
INSERT INTO `company` VALUES (1,'901.247.237-8','COMERCIALIZADORA KISAM SAS','18762012706565','REGIMEN COMUN','Calle 37B Cra 6a N.81 Villa Adela 2','3190539','3014037440','gerenciakisam@gmail.com','','2019-02-02 00:06:26','2019-02-02 00:06:26','\0');
/*!40000 ALTER TABLE `company` ENABLE KEYS */;
UNLOCK TABLES;

--
-- Table structure for table `contact`
--

DROP TABLE IF EXISTS `contact`;
/*!40101 SET @saved_cs_client     = @@character_set_client */;
/*!40101 SET character_set_client = utf8 */;
CREATE TABLE `contact` (
  `id` bigint(20) NOT NULL AUTO_INCREMENT,
  `name` varchar(50) NOT NULL,
  `address` varchar(100) NOT NULL,
  `city_id` bigint(20) NOT NULL,
  `mobile` varchar(20) NOT NULL,
  `phone` varchar(20) DEFAULT NULL,
  `email` varchar(45) DEFAULT NULL,
  `web_site` varchar(250) DEFAULT NULL,
  `type` char(1) NOT NULL,
  `person_id` bigint(20) NOT NULL,
  `creation_date` timestamp NOT NULL DEFAULT CURRENT_TIMESTAMP ON UPDATE CURRENT_TIMESTAMP,
  `modify_date` timestamp NOT NULL DEFAULT CURRENT_TIMESTAMP ON UPDATE CURRENT_TIMESTAMP,
  `archived` bit(1) NOT NULL DEFAULT b'0',
  PRIMARY KEY (`id`),
  KEY `contact_person_fk_idx` (`person_id`),
  KEY `contact_city_idx` (`city_id`),
  CONSTRAINT `contact_city` FOREIGN KEY (`city_id`) REFERENCES `city` (`id`),
  CONSTRAINT `contact_person_fk` FOREIGN KEY (`person_id`) REFERENCES `person` (`id`)
) ENGINE=InnoDB DEFAULT CHARSET=utf8;
/*!40101 SET character_set_client = @saved_cs_client */;

--
-- Dumping data for table `contact`
--

LOCK TABLES `contact` WRITE;
/*!40000 ALTER TABLE `contact` DISABLE KEYS */;
/*!40000 ALTER TABLE `contact` ENABLE KEYS */;
UNLOCK TABLES;

--
-- Table structure for table `country`
--

DROP TABLE IF EXISTS `country`;
/*!40101 SET @saved_cs_client     = @@character_set_client */;
/*!40101 SET character_set_client = utf8 */;
CREATE TABLE `country` (
  `id` bigint(20) NOT NULL AUTO_INCREMENT,
  `name` varchar(250) NOT NULL,
  `creation_date` timestamp NOT NULL DEFAULT CURRENT_TIMESTAMP ON UPDATE CURRENT_TIMESTAMP,
  `modify_date` timestamp NOT NULL DEFAULT CURRENT_TIMESTAMP ON UPDATE CURRENT_TIMESTAMP,
  `archived` bit(1) NOT NULL DEFAULT b'0',
  PRIMARY KEY (`id`)
) ENGINE=InnoDB AUTO_INCREMENT=3 DEFAULT CHARSET=utf8;
/*!40101 SET character_set_client = @saved_cs_client */;

--
-- Dumping data for table `country`
--

LOCK TABLES `country` WRITE;
/*!40000 ALTER TABLE `country` DISABLE KEYS */;
INSERT INTO `country` VALUES (1,'Colombia','2018-12-05 02:19:23','2018-12-05 02:19:23','\0'),(2,'Venezuela','2019-01-09 03:04:49','2019-01-09 03:04:49','\0');
/*!40000 ALTER TABLE `country` ENABLE KEYS */;
UNLOCK TABLES;

--
-- Table structure for table `currency`
--

DROP TABLE IF EXISTS `currency`;
/*!40101 SET @saved_cs_client     = @@character_set_client */;
/*!40101 SET character_set_client = utf8 */;
CREATE TABLE `currency` (
  `id` bigint(20) NOT NULL AUTO_INCREMENT,
  `code` varchar(45) NOT NULL,
  `name` varchar(45) NOT NULL,
  `creation_date` timestamp NULL DEFAULT NULL,
  `modify_date` timestamp NOT NULL DEFAULT CURRENT_TIMESTAMP ON UPDATE CURRENT_TIMESTAMP,
  `archived` bit(1) NOT NULL,
  PRIMARY KEY (`id`)
) ENGINE=InnoDB AUTO_INCREMENT=2 DEFAULT CHARSET=utf8;
/*!40101 SET character_set_client = @saved_cs_client */;

--
-- Dumping data for table `currency`
--

LOCK TABLES `currency` WRITE;
/*!40000 ALTER TABLE `currency` DISABLE KEYS */;
INSERT INTO `currency` VALUES (1,'COP','Pesos',NULL,'2018-12-12 03:45:49','\0');
/*!40000 ALTER TABLE `currency` ENABLE KEYS */;
UNLOCK TABLES;

--
-- Table structure for table `customer`
--

DROP TABLE IF EXISTS `customer`;
/*!40101 SET @saved_cs_client     = @@character_set_client */;
/*!40101 SET character_set_client = utf8 */;
CREATE TABLE `customer` (
  `id` bigint(20) NOT NULL,
  PRIMARY KEY (`id`)
) ENGINE=InnoDB DEFAULT CHARSET=utf8;
/*!40101 SET character_set_client = @saved_cs_client */;

--
-- Dumping data for table `customer`
--

LOCK TABLES `customer` WRITE;
/*!40000 ALTER TABLE `customer` DISABLE KEYS */;
/*!40000 ALTER TABLE `customer` ENABLE KEYS */;
UNLOCK TABLES;

--
-- Table structure for table `document`
--

DROP TABLE IF EXISTS `document`;
/*!40101 SET @saved_cs_client     = @@character_set_client */;
/*!40101 SET character_set_client = utf8 */;
CREATE TABLE `document` (
  `id` bigint(20) NOT NULL AUTO_INCREMENT,
  `code` varchar(45) NOT NULL,
  `reference` varchar(45) DEFAULT NULL,
  `type_id` bigint(20) NOT NULL,
  `resolution` varchar(50) DEFAULT NULL,
  `person_id` bigint(20) DEFAULT NULL,
  `document_date` timestamp NULL DEFAULT NULL,
  `payment_type_id` bigint(20) DEFAULT NULL,
  `payment_method_id` bigint(20) DEFAULT NULL,
  `payment_term` varchar(45) DEFAULT NULL,
  `expiration_date` timestamp NULL DEFAULT NULL,
  `currency_id` bigint(20) DEFAULT NULL,
  `total_value_no_tax` decimal(16,2) DEFAULT NULL,
  `total_value` decimal(16,2) DEFAULT NULL,
  `status_id` bigint(20) NOT NULL DEFAULT '1',
  `salesman_id` bigint(20) DEFAULT NULL,
  `cash` varchar(45) DEFAULT NULL,
  `pay_value` decimal(16,2) DEFAULT NULL,
  `creation_date` timestamp NOT NULL DEFAULT CURRENT_TIMESTAMP ON UPDATE CURRENT_TIMESTAMP,
  `modify_date` timestamp NOT NULL DEFAULT CURRENT_TIMESTAMP ON UPDATE CURRENT_TIMESTAMP,
  `archived` bit(1) NOT NULL DEFAULT b'0',
  PRIMARY KEY (`id`),
  UNIQUE KEY `document_number_UQ` (`code`,`type_id`),
  KEY `document_document_type_idx` (`type_id`),
  KEY `document_person_idx` (`person_id`),
  KEY `document_payment_type_idx` (`payment_type_id`),
  KEY `document_payment_method_idx` (`payment_method_id`),
  KEY `document_currency_idx` (`currency_id`),
  KEY `document_status` (`status_id`),
  KEY `document_salesman_idx` (`salesman_id`),
  CONSTRAINT `document_currency` FOREIGN KEY (`currency_id`) REFERENCES `currency` (`id`),
  CONSTRAINT `document_document_type` FOREIGN KEY (`type_id`) REFERENCES `document_type` (`id`),
  CONSTRAINT `document_payment_method` FOREIGN KEY (`payment_method_id`) REFERENCES `payment_method` (`id`),
  CONSTRAINT `document_payment_type` FOREIGN KEY (`payment_type_id`) REFERENCES `payment_type` (`id`),
  CONSTRAINT `document_person` FOREIGN KEY (`person_id`) REFERENCES `person` (`id`),
  CONSTRAINT `document_salesman` FOREIGN KEY (`salesman_id`) REFERENCES `person` (`id`) ON DELETE NO ACTION ON UPDATE NO ACTION,
  CONSTRAINT `document_status` FOREIGN KEY (`status_id`) REFERENCES `document_status` (`id`)
) ENGINE=InnoDB AUTO_INCREMENT=86 DEFAULT CHARSET=utf8;
/*!40101 SET character_set_client = @saved_cs_client */;

--
-- Dumping data for table `document`
--

LOCK TABLES `document` WRITE;
/*!40000 ALTER TABLE `document` DISABLE KEYS */;
INSERT INTO `document` VALUES (66,'1','',2,'',41,'2019-02-04 23:00:16',1,1,'',NULL,NULL,NULL,4500.00,2,20,NULL,NULL,'2019-02-05 04:00:40','2019-02-05 04:00:40','\0'),(67,'1','',1,'',28,'2019-02-04 23:01:33',1,1,'',NULL,NULL,NULL,3500.00,2,23,NULL,NULL,'2019-02-05 04:04:16','2019-02-05 04:04:16','\0'),(70,'2','',1,'18762012706565',26,'2019-02-07 18:36:37',1,NULL,'',NULL,NULL,NULL,1800.00,2,23,NULL,NULL,'2019-02-07 23:37:06','2019-02-07 23:37:06','\0'),(71,'2','',2,'18762012706565',41,'2019-02-07 18:37:16',1,NULL,'',NULL,NULL,0.00,85400.00,2,14,NULL,NULL,'2019-02-12 03:05:29','2019-02-12 03:05:29','\0'),(74,'3','',1,'18762012706565',26,'2019-02-11 04:04:58',1,NULL,'',NULL,NULL,592.80,7312.80,2,14,NULL,NULL,'2019-02-11 04:05:49','2019-02-11 04:05:49','\0'),(76,'4','',1,'18762012706565',26,'2019-02-12 04:23:20',1,NULL,'',NULL,NULL,0.00,18000.00,2,14,NULL,NULL,'2019-02-12 04:24:24','2019-02-12 04:24:24','\0'),(80,'4','',2,'18762012706565',41,'2019-02-13 04:01:39',2,NULL,'10','2019-02-23 04:01:39',NULL,0.00,81000.00,2,20,NULL,NULL,'2019-02-13 04:11:54','2019-02-13 04:11:54','\0'),(81,'5','',2,'18762012706565',41,'2019-02-13 04:14:12',1,NULL,'',NULL,NULL,0.00,148901.11,2,20,NULL,NULL,'2019-02-13 04:17:28','2019-02-13 04:17:28','\0'),(83,'6','',2,'18762012706565',41,'2019-02-13 04:31:15',1,NULL,'',NULL,NULL,0.00,17400.00,2,20,NULL,NULL,'2019-02-13 04:32:57','2019-02-13 04:32:57','\0'),(84,'7','',2,'18762012706565',41,'2019-02-13 04:55:24',2,NULL,'10','2019-02-23 04:55:24',NULL,0.00,140000.00,2,20,NULL,NULL,'2019-02-13 04:56:58','2019-02-13 04:56:58','\0'),(85,'8','',2,'18762012706565',41,'2019-02-20 02:58:08',1,NULL,'',NULL,NULL,0.00,10990.00,2,14,NULL,500000.00,'2019-02-20 02:59:28','2019-02-20 02:59:28','\0');
/*!40000 ALTER TABLE `document` ENABLE KEYS */;
UNLOCK TABLES;

--
-- Table structure for table `document_detail`
--

DROP TABLE IF EXISTS `document_detail`;
/*!40101 SET @saved_cs_client     = @@character_set_client */;
/*!40101 SET character_set_client = utf8 */;
CREATE TABLE `document_detail` (
  `id` bigint(20) NOT NULL AUTO_INCREMENT,
  `document_id` bigint(20) NOT NULL,
  `product_id` bigint(20) NOT NULL,
  `description` varchar(100) DEFAULT NULL,
  `quantity` decimal(16,4) DEFAULT NULL,
  `sub_total` decimal(16,2) DEFAULT NULL,
  `measurement_unit_id` bigint(20) DEFAULT NULL,
  `price` decimal(16,2) DEFAULT NULL,
  `discount` decimal(16,2) DEFAULT NULL,
  `tax` decimal(16,2) DEFAULT NULL,
  `creation_date` timestamp NOT NULL DEFAULT CURRENT_TIMESTAMP ON UPDATE CURRENT_TIMESTAMP,
  `modify_date` timestamp NOT NULL DEFAULT CURRENT_TIMESTAMP ON UPDATE CURRENT_TIMESTAMP,
  `archived` bit(1) NOT NULL DEFAULT b'0',
  PRIMARY KEY (`id`),
  KEY `document_detail_document_idx` (`document_id`),
  KEY `document_product_idx` (`product_id`),
  CONSTRAINT `document_detail_document` FOREIGN KEY (`document_id`) REFERENCES `document` (`id`),
  CONSTRAINT `document_product` FOREIGN KEY (`product_id`) REFERENCES `product` (`id`)
) ENGINE=InnoDB AUTO_INCREMENT=76 DEFAULT CHARSET=utf8;
/*!40101 SET character_set_client = @saved_cs_client */;

--
-- Dumping data for table `document_detail`
--

LOCK TABLES `document_detail` WRITE;
/*!40000 ALTER TABLE `document_detail` DISABLE KEYS */;
INSERT INTO `document_detail` VALUES (27,66,1057,NULL,1.0000,4500.00,NULL,20190204230040.00,NULL,NULL,'2019-02-05 04:00:40','2019-02-05 04:00:40','\0'),(28,67,1171,NULL,1.0000,3500.00,NULL,20190204230416.00,NULL,NULL,'2019-02-05 04:04:16','2019-02-05 04:04:16','\0'),(31,70,1067,NULL,1.0000,1800.00,NULL,20190207183706.00,NULL,NULL,'2019-02-07 23:37:06','2019-02-07 23:37:06','\0'),(32,71,1065,NULL,1.0000,100.00,NULL,20190207183759.00,NULL,NULL,'2019-02-07 23:37:59','2019-02-07 23:37:59','\0'),(33,71,1064,NULL,1.0000,4500.00,NULL,20190207183759.00,NULL,NULL,'2019-02-07 23:37:59','2019-02-07 23:37:59','\0'),(34,74,1057,NULL,1.0000,3600.00,NULL,20190210230549.00,NULL,NULL,'2019-02-11 04:05:49','2019-02-11 04:05:49','\0'),(35,74,1060,NULL,1.0000,3712.80,NULL,20190210230549.00,NULL,NULL,'2019-02-11 04:05:49','2019-02-11 04:05:49','\0'),(36,71,1060,NULL,1.0000,3900.00,NULL,20190211220411.00,NULL,NULL,'2019-02-12 03:04:11','2019-02-12 03:04:11','\0'),(37,71,1073,NULL,1.0000,70000.00,NULL,20190211220412.00,NULL,NULL,'2019-02-12 03:04:12','2019-02-12 03:04:12','\0'),(38,71,1077,NULL,1.0000,6900.00,NULL,20190211220529.00,NULL,NULL,'2019-02-12 03:05:29','2019-02-12 03:05:29','\0'),(39,76,1058,NULL,1.0000,10800.00,NULL,20190211232424.00,NULL,NULL,'2019-02-12 04:24:24','2019-02-12 04:24:24','\0'),(40,76,1057,NULL,2.0000,7200.00,NULL,20190211232424.00,NULL,NULL,'2019-02-12 04:24:24','2019-02-12 04:24:24','\0'),(59,80,1403,NULL,1.0000,20000.00,NULL,20190212231154.00,NULL,NULL,'2019-02-13 04:11:54','2019-02-13 04:11:54','\0'),(60,80,1057,NULL,2.0000,9000.00,NULL,20190212231154.00,NULL,NULL,'2019-02-13 04:11:54','2019-02-13 04:11:54','\0'),(61,80,1463,NULL,1.0000,52000.00,NULL,20190212231154.00,NULL,NULL,'2019-02-13 04:11:54','2019-02-13 04:11:54','\0'),(65,81,1080,NULL,3.0000,6600.00,NULL,20190212231728.00,NULL,NULL,'2019-02-13 04:17:28','2019-02-13 04:17:28','\0'),(66,81,1084,NULL,2.0000,300.00,NULL,20190212231728.00,NULL,NULL,'2019-02-13 04:17:28','2019-02-13 04:17:28','\0'),(67,81,1065,NULL,2.0000,201.11,NULL,20190212231728.00,NULL,NULL,'2019-02-13 04:17:28','2019-02-13 04:17:28','\0'),(68,81,1073,NULL,2.0000,140000.00,NULL,20190212231728.00,NULL,NULL,'2019-02-13 04:17:28','2019-02-13 04:17:28','\0'),(69,81,1067,NULL,1.0000,1800.00,NULL,20190212231729.00,NULL,NULL,'2019-02-13 04:17:29','2019-02-13 04:17:29','\0'),(71,83,1058,NULL,1.0000,13500.00,NULL,20190212233257.00,NULL,NULL,'2019-02-13 04:32:57','2019-02-13 04:32:57','\0'),(72,83,1060,NULL,1.0000,3900.00,NULL,20190212233257.00,NULL,NULL,'2019-02-13 04:32:57','2019-02-13 04:32:57','\0'),(74,84,1073,NULL,2.0000,140000.00,NULL,20190212235658.00,NULL,NULL,'2019-02-13 04:56:58','2019-02-13 04:56:58','\0'),(75,85,1057,NULL,1.0000,10990.00,3,11000.00,10.00,NULL,'2019-02-20 02:59:29','2019-02-20 02:59:29','\0');
/*!40000 ALTER TABLE `document_detail` ENABLE KEYS */;
UNLOCK TABLES;

--
-- Table structure for table `document_detail_lot`
--

DROP TABLE IF EXISTS `document_detail_lot`;
/*!40101 SET @saved_cs_client     = @@character_set_client */;
/*!40101 SET character_set_client = utf8 */;
CREATE TABLE `document_detail_lot` (
  `id` bigint(20) NOT NULL AUTO_INCREMENT,
  `document_detail_id` bigint(20) NOT NULL,
  `lot_id` bigint(20) NOT NULL,
  `initial_stock_lot` decimal(16,2) DEFAULT NULL,
  `final_stock_lot` int(10) NOT NULL,
  `quantity` decimal(16,2) DEFAULT NULL,
  `creation_date` timestamp NOT NULL DEFAULT CURRENT_TIMESTAMP ON UPDATE CURRENT_TIMESTAMP,
  `modify_date` timestamp NOT NULL DEFAULT CURRENT_TIMESTAMP ON UPDATE CURRENT_TIMESTAMP,
  `archived` bit(1) NOT NULL DEFAULT b'0',
  PRIMARY KEY (`id`)
) ENGINE=InnoDB AUTO_INCREMENT=34 DEFAULT CHARSET=latin1;
/*!40101 SET character_set_client = @saved_cs_client */;

--
-- Dumping data for table `document_detail_lot`
--

LOCK TABLES `document_detail_lot` WRITE;
/*!40000 ALTER TABLE `document_detail_lot` DISABLE KEYS */;
INSERT INTO `document_detail_lot` VALUES (2,27,1540,2.00,1,1.00,'2019-02-05 04:00:40','2019-02-05 04:00:40','\0'),(3,28,1654,25.00,26,1.00,'2019-02-05 04:04:16','2019-02-05 04:04:16','\0'),(6,35,1543,2.00,3,1.00,'2019-02-11 04:05:49','2019-02-11 04:05:49','\0'),(7,38,1560,13.50,12,1.00,'2019-02-12 03:05:29','2019-02-12 03:05:29','\0'),(8,40,1540,2.00,4,2.00,'2019-02-12 04:24:25','2019-02-12 04:24:25','\0'),(21,59,1886,60.00,59,1.00,'2019-02-13 04:11:54','2019-02-13 04:11:54','\0'),(22,60,1540,4.00,3,1.00,'2019-02-13 04:11:54','2019-02-13 04:11:54','\0'),(23,61,1946,1070.00,1068,2.00,'2019-02-13 04:11:54','2019-02-13 04:11:54','\0'),(24,65,1563,820.00,818,2.00,'2019-02-13 04:18:30','2019-02-13 04:18:30','\0'),(25,66,1567,301.00,299,2.00,'2019-02-13 04:18:35','2019-02-13 04:18:35','\0'),(26,67,1548,97.00,94,3.00,'2019-02-13 04:18:39','2019-02-13 04:18:39','\0'),(27,68,1556,488.00,486,2.00,'2019-02-13 04:18:47','2019-02-13 04:18:47','\0'),(28,69,1550,10.00,8,2.00,'2019-02-13 04:18:58','2019-02-13 04:18:58','\0'),(30,71,1541,1.00,0,1.00,'2019-02-13 04:32:57','2019-02-13 04:32:57','\0'),(31,72,1543,1.00,0,1.00,'2019-02-13 04:32:58','2019-02-13 04:32:58','\0'),(32,74,1556,486.00,484,2.00,'2019-02-13 04:56:58','2019-02-13 04:56:58','\0'),(33,75,2325,50.00,49,1.00,'2019-02-20 02:59:29','2019-02-20 02:59:29','\0');
/*!40000 ALTER TABLE `document_detail_lot` ENABLE KEYS */;
UNLOCK TABLES;

--
-- Table structure for table `document_status`
--

DROP TABLE IF EXISTS `document_status`;
/*!40101 SET @saved_cs_client     = @@character_set_client */;
/*!40101 SET character_set_client = utf8 */;
CREATE TABLE `document_status` (
  `id` bigint(20) NOT NULL AUTO_INCREMENT,
  `name` varchar(45) NOT NULL,
  `document_type_id` bigint(20) DEFAULT NULL,
  `creation_date` timestamp NOT NULL DEFAULT CURRENT_TIMESTAMP ON UPDATE CURRENT_TIMESTAMP,
  `modify_date` timestamp NOT NULL DEFAULT CURRENT_TIMESTAMP ON UPDATE CURRENT_TIMESTAMP,
  `archived` bit(1) NOT NULL DEFAULT b'0',
  PRIMARY KEY (`id`),
  KEY `status_document_type` (`document_type_id`),
  CONSTRAINT `status_document_type` FOREIGN KEY (`document_type_id`) REFERENCES `document_type` (`id`)
) ENGINE=InnoDB AUTO_INCREMENT=6 DEFAULT CHARSET=utf8;
/*!40101 SET character_set_client = @saved_cs_client */;

--
-- Dumping data for table `document_status`
--

LOCK TABLES `document_status` WRITE;
/*!40000 ALTER TABLE `document_status` DISABLE KEYS */;
INSERT INTO `document_status` VALUES (1,'Nueva',1,'2019-01-04 05:45:23','2019-01-04 05:45:23','\0'),(2,'Registrada',1,'2019-01-04 13:38:19','2019-01-04 13:38:19','\0'),(3,'Cancelada',1,'2019-01-04 05:45:29','2019-01-04 05:45:29','\0'),(4,'Vencida',1,'2019-01-04 05:45:32','2019-01-04 05:45:32','\0'),(5,'Rechazada',1,'2019-01-04 05:45:56','2019-01-04 05:45:56','\0');
/*!40000 ALTER TABLE `document_status` ENABLE KEYS */;
UNLOCK TABLES;

--
-- Table structure for table `document_type`
--

DROP TABLE IF EXISTS `document_type`;
/*!40101 SET @saved_cs_client     = @@character_set_client */;
/*!40101 SET character_set_client = utf8 */;
CREATE TABLE `document_type` (
  `id` bigint(20) NOT NULL AUTO_INCREMENT,
  `code` varchar(45) NOT NULL,
  `name` varchar(45) NOT NULL,
  `transaction_type` varchar(45) NOT NULL,
  `sequence` bigint(20) DEFAULT NULL,
  `creation_date` timestamp NOT NULL DEFAULT CURRENT_TIMESTAMP ON UPDATE CURRENT_TIMESTAMP,
  `modify_date` timestamp NOT NULL DEFAULT CURRENT_TIMESTAMP ON UPDATE CURRENT_TIMESTAMP,
  `archived` bit(1) NOT NULL DEFAULT b'0',
  PRIMARY KEY (`id`)
) ENGINE=InnoDB AUTO_INCREMENT=5 DEFAULT CHARSET=utf8;
/*!40101 SET character_set_client = @saved_cs_client */;

--
-- Dumping data for table `document_type`
--

LOCK TABLES `document_type` WRITE;
/*!40000 ALTER TABLE `document_type` DISABLE KEYS */;
INSERT INTO `document_type` VALUES (1,'CO','Factura de compra','ENTRADA',4,'2019-02-12 04:24:25','2019-02-12 04:24:25','\0'),(2,'VE','Factura de venta','SALIDA',8,'2019-02-20 02:59:29','2019-02-20 02:59:29','\0'),(3,'RE','Remision','ENTRADA',0,'2019-02-03 01:05:52','2019-02-03 01:05:52','\0'),(4,'FV','Factura de venta','SALIDA',0,'2019-02-03 01:05:52','2019-02-03 01:05:52','');
/*!40000 ALTER TABLE `document_type` ENABLE KEYS */;
UNLOCK TABLES;

--
-- Table structure for table `egress`
--

DROP TABLE IF EXISTS `egress`;
/*!40101 SET @saved_cs_client     = @@character_set_client */;
/*!40101 SET character_set_client = utf8 */;
CREATE TABLE `egress` (
  `id` bigint(20) NOT NULL AUTO_INCREMENT,
  `name` varchar(45) NOT NULL,
  `description` varchar(45) DEFAULT NULL,
  `type_id` bigint(20) NOT NULL,
  `egress_date` timestamp NOT NULL DEFAULT CURRENT_TIMESTAMP ON UPDATE CURRENT_TIMESTAMP,
  `person_id` bigint(20) NOT NULL,
  `egress_value` decimal(16,2) NOT NULL,
  `creation_date` timestamp NOT NULL DEFAULT CURRENT_TIMESTAMP ON UPDATE CURRENT_TIMESTAMP,
  `modify_date` timestamp NOT NULL DEFAULT CURRENT_TIMESTAMP ON UPDATE CURRENT_TIMESTAMP,
  `archived` bit(1) NOT NULL DEFAULT b'0',
  PRIMARY KEY (`id`),
  KEY `egress_person` (`person_id`),
  KEY `egress_type` (`type_id`),
  CONSTRAINT `egress_person` FOREIGN KEY (`person_id`) REFERENCES `person` (`id`),
  CONSTRAINT `egress_type` FOREIGN KEY (`type_id`) REFERENCES `egress_type` (`id`)
) ENGINE=InnoDB AUTO_INCREMENT=4 DEFAULT CHARSET=latin1;
/*!40101 SET character_set_client = @saved_cs_client */;

--
-- Dumping data for table `egress`
--

LOCK TABLES `egress` WRITE;
/*!40000 ALTER TABLE `egress` DISABLE KEYS */;
INSERT INTO `egress` VALUES (1,'merienda','',1,'2019-02-07 18:38:46',23,500.00,'2019-02-07 23:38:54','2019-02-07 23:38:54','\0'),(2,'Almuerzo','',1,'2019-02-07 18:39:51',20,5000.00,'2019-02-07 23:40:03','2019-02-07 23:40:03','\0'),(3,'Prestamo proveedores','',2,'2019-02-08 02:51:54',20,6000.00,'2019-02-08 02:53:25','2019-02-08 02:53:25','\0');
/*!40000 ALTER TABLE `egress` ENABLE KEYS */;
UNLOCK TABLES;

--
-- Table structure for table `egress_type`
--

DROP TABLE IF EXISTS `egress_type`;
/*!40101 SET @saved_cs_client     = @@character_set_client */;
/*!40101 SET character_set_client = utf8 */;
CREATE TABLE `egress_type` (
  `id` bigint(20) NOT NULL AUTO_INCREMENT,
  `code` varchar(45) NOT NULL,
  `name` varchar(45) NOT NULL,
  `creation_date` timestamp NOT NULL DEFAULT CURRENT_TIMESTAMP ON UPDATE CURRENT_TIMESTAMP,
  `modify_date` timestamp NOT NULL DEFAULT CURRENT_TIMESTAMP ON UPDATE CURRENT_TIMESTAMP,
  `archived` bit(1) NOT NULL DEFAULT b'0',
  PRIMARY KEY (`id`)
) ENGINE=InnoDB AUTO_INCREMENT=4 DEFAULT CHARSET=latin1;
/*!40101 SET character_set_client = @saved_cs_client */;

--
-- Dumping data for table `egress_type`
--

LOCK TABLES `egress_type` WRITE;
/*!40000 ALTER TABLE `egress_type` DISABLE KEYS */;
INSERT INTO `egress_type` VALUES (1,'GASTO','Gastos generales','2019-02-07 22:09:06','2019-02-07 22:09:06','\0'),(2,'PRESTAMO','Préstamo para pago a proveedores','2019-02-07 22:09:07','2019-02-07 22:09:07','\0'),(3,'OTRO','Otros','2019-02-07 22:09:07','2019-02-07 22:09:07','\0');
/*!40000 ALTER TABLE `egress_type` ENABLE KEYS */;
UNLOCK TABLES;

--
-- Table structure for table `inventory_transaction`
--

DROP TABLE IF EXISTS `inventory_transaction`;
/*!40101 SET @saved_cs_client     = @@character_set_client */;
/*!40101 SET character_set_client = utf8 */;
CREATE TABLE `inventory_transaction` (
  `id` bigint(20) NOT NULL AUTO_INCREMENT,
  `product_id` bigint(20) NOT NULL,
  `transaction_type` varchar(45) NOT NULL,
  `document_id` bigint(20) DEFAULT NULL,
  `initial_stock` decimal(16,2) DEFAULT NULL,
  `final_stock` decimal(16,2) DEFAULT NULL,
  `quantity` decimal(16,2) DEFAULT NULL,
  `creation_date` timestamp NOT NULL DEFAULT CURRENT_TIMESTAMP ON UPDATE CURRENT_TIMESTAMP,
  `modify_date` timestamp NOT NULL DEFAULT CURRENT_TIMESTAMP ON UPDATE CURRENT_TIMESTAMP,
  `archived` bit(1) NOT NULL DEFAULT b'0',
  PRIMARY KEY (`id`),
  KEY `product_fk_idx` (`product_id`),
  KEY `document_fk_idx` (`document_id`),
  CONSTRAINT `inventory_document` FOREIGN KEY (`document_id`) REFERENCES `document` (`id`),
  CONSTRAINT `inventory_product` FOREIGN KEY (`product_id`) REFERENCES `product` (`id`)
) ENGINE=InnoDB AUTO_INCREMENT=62 DEFAULT CHARSET=utf8;
/*!40101 SET character_set_client = @saved_cs_client */;

--
-- Dumping data for table `inventory_transaction`
--

LOCK TABLES `inventory_transaction` WRITE;
/*!40000 ALTER TABLE `inventory_transaction` DISABLE KEYS */;
INSERT INTO `inventory_transaction` VALUES (18,1057,'SALIDA',66,2.00,1.00,1.00,'2019-02-05 04:00:40','2019-02-05 04:00:40','\0'),(19,1171,'ENTRADA',67,25.00,26.00,1.00,'2019-02-05 04:04:16','2019-02-05 04:04:16','\0'),(21,1067,'ENTRADA',70,9.00,10.00,1.00,'2019-02-07 23:37:06','2019-02-07 23:37:06','\0'),(22,1065,'SALIDA',71,100.00,99.00,1.00,'2019-02-07 23:37:59','2019-02-07 23:37:59','\0'),(23,1064,'SALIDA',71,25.00,24.00,1.00,'2019-02-07 23:37:59','2019-02-07 23:37:59','\0'),(24,1057,'ENTRADA',74,1.00,2.00,1.00,'2019-02-11 04:05:49','2019-02-11 04:05:49','\0'),(25,1060,'ENTRADA',74,2.00,3.00,1.00,'2019-02-11 04:05:49','2019-02-11 04:05:49','\0'),(26,1065,'SALIDA',71,99.00,98.00,1.00,'2019-02-12 03:04:12','2019-02-12 03:04:12','\0'),(27,1064,'SALIDA',71,24.00,23.00,1.00,'2019-02-12 03:04:12','2019-02-12 03:04:12','\0'),(28,1060,'SALIDA',71,3.00,2.00,1.00,'2019-02-12 03:04:12','2019-02-12 03:04:12','\0'),(29,1073,'SALIDA',71,490.00,489.00,1.00,'2019-02-12 03:04:12','2019-02-12 03:04:12','\0'),(30,1065,'SALIDA',71,98.00,97.00,1.00,'2019-02-12 03:05:29','2019-02-12 03:05:29','\0'),(31,1064,'SALIDA',71,23.00,22.00,1.00,'2019-02-12 03:05:29','2019-02-12 03:05:29','\0'),(32,1077,'SALIDA',71,13.50,12.50,1.00,'2019-02-12 03:05:30','2019-02-12 03:05:30','\0'),(33,1060,'SALIDA',71,2.00,1.00,1.00,'2019-02-12 03:05:30','2019-02-12 03:05:30','\0'),(34,1073,'SALIDA',71,489.00,488.00,1.00,'2019-02-12 03:05:30','2019-02-12 03:05:30','\0'),(35,1058,'ENTRADA',76,0.00,1.00,1.00,'2019-02-12 04:24:25','2019-02-12 04:24:25','\0'),(36,1057,'ENTRADA',76,2.00,4.00,2.00,'2019-02-12 04:24:25','2019-02-12 04:24:25','\0'),(49,1403,'SALIDA',80,59.00,58.00,1.00,'2019-02-13 04:11:54','2019-02-13 04:11:54','\0'),(50,1057,'SALIDA',80,2.00,0.00,2.00,'2019-02-13 04:11:54','2019-02-13 04:11:54','\0'),(51,1463,'SALIDA',80,1070.00,1069.00,1.00,'2019-02-13 04:11:54','2019-02-13 04:11:54','\0'),(52,1080,'SALIDA',81,820.00,817.00,3.00,'2019-02-13 04:18:30','2019-02-13 04:18:30','\0'),(53,1084,'SALIDA',81,301.00,299.00,2.00,'2019-02-13 04:18:35','2019-02-13 04:18:35','\0'),(54,1065,'SALIDA',81,97.00,95.00,2.00,'2019-02-13 04:18:39','2019-02-13 04:18:39','\0'),(55,1073,'SALIDA',81,488.00,486.00,2.00,'2019-02-13 04:18:47','2019-02-13 04:18:47','\0'),(56,1067,'SALIDA',81,10.00,9.00,1.00,'2019-02-13 04:18:58','2019-02-13 04:18:58','\0'),(58,1058,'SALIDA',83,1.00,0.00,1.00,'2019-02-13 04:32:57','2019-02-13 04:32:57','\0'),(59,1060,'SALIDA',83,1.00,0.00,1.00,'2019-02-13 04:32:58','2019-02-13 04:32:58','\0'),(60,1073,'SALIDA',84,486.00,484.00,2.00,'2019-02-13 04:56:58','2019-02-13 04:56:58','\0'),(61,1057,'SALIDA',85,200.00,199.00,1.00,'2019-02-20 02:59:29','2019-02-20 02:59:29','\0');
/*!40000 ALTER TABLE `inventory_transaction` ENABLE KEYS */;
UNLOCK TABLES;

--
-- Table structure for table `lot`
--

DROP TABLE IF EXISTS `lot`;
/*!40101 SET @saved_cs_client     = @@character_set_client */;
/*!40101 SET character_set_client = utf8 */;
CREATE TABLE `lot` (
  `id` bigint(20) NOT NULL AUTO_INCREMENT,
  `code` varchar(45) NOT NULL,
  `name` varchar(45) DEFAULT NULL,
  `lot_date` timestamp NULL DEFAULT NULL,
  `expiration_date` timestamp NULL DEFAULT NULL,
  `product_id` bigint(20) NOT NULL,
  `quantity` decimal(16,2) DEFAULT NULL,
  `warehouse_id` bigint(20) DEFAULT NULL,
  `creation_date` timestamp NOT NULL DEFAULT CURRENT_TIMESTAMP ON UPDATE CURRENT_TIMESTAMP,
  `modify_date` timestamp NOT NULL DEFAULT CURRENT_TIMESTAMP ON UPDATE CURRENT_TIMESTAMP,
  `archived` bit(1) NOT NULL DEFAULT b'0',
  PRIMARY KEY (`id`),
  UNIQUE KEY `lot_product_seq` (`code`,`product_id`),
  KEY `lot_product_idx` (`product_id`),
  KEY `lot_warehouse_idx` (`warehouse_id`),
  CONSTRAINT `lot_product` FOREIGN KEY (`product_id`) REFERENCES `product` (`id`),
  CONSTRAINT `lot_warehouse` FOREIGN KEY (`warehouse_id`) REFERENCES `warehouse` (`id`)
) ENGINE=InnoDB AUTO_INCREMENT=2328 DEFAULT CHARSET=utf8;
/*!40101 SET character_set_client = @saved_cs_client */;

--
-- Dumping data for table `lot`
--

LOCK TABLES `lot` WRITE;
/*!40000 ALTER TABLE `lot` DISABLE KEYS */;
INSERT INTO `lot` VALUES (1540,'1','Bodega 1',NULL,NULL,1057,1.00,1,'2019-02-20 02:59:29','2019-02-20 02:59:29','\0'),(1541,'1','Bodega 1',NULL,NULL,1058,0.00,1,'2019-02-13 04:32:57','2019-02-13 04:32:57','\0'),(1542,'1','Bodega 1',NULL,NULL,1059,1.00,1,'2019-02-05 00:38:32','2019-02-05 00:38:32','\0'),(1543,'1','Bodega 1',NULL,NULL,1060,0.00,1,'2019-02-13 04:32:58','2019-02-13 04:32:58','\0'),(1544,'1','Bodega 1',NULL,NULL,1061,1.00,1,'2019-02-05 00:38:32','2019-02-05 00:38:32','\0'),(1545,'1','Bodega 1',NULL,NULL,1062,0.00,1,'2019-02-05 00:38:32','2019-02-05 00:38:32','\0'),(1546,'1','Bodega 1',NULL,NULL,1063,34.00,1,'2019-02-05 00:38:32','2019-02-05 00:38:32','\0'),(1547,'1','Bodega 1',NULL,NULL,1064,22.00,1,'2019-02-12 03:05:29','2019-02-12 03:05:29','\0'),(1548,'1','Bodega 1',NULL,NULL,1065,95.00,1,'2019-02-13 04:18:39','2019-02-13 04:18:39','\0'),(1549,'1','Bodega 1',NULL,NULL,1066,10.00,1,'2019-02-05 00:38:32','2019-02-05 00:38:32','\0'),(1550,'1','Bodega 1',NULL,NULL,1067,9.00,1,'2019-02-13 04:18:58','2019-02-13 04:18:58','\0'),(1551,'1','Bodega 1',NULL,NULL,1068,7.00,1,'2019-02-05 00:38:32','2019-02-05 00:38:32','\0'),(1552,'1','Bodega 1',NULL,NULL,1069,1.00,1,'2019-02-05 00:38:32','2019-02-05 00:38:32','\0'),(1553,'1','Bodega 1',NULL,NULL,1070,0.00,1,'2019-02-05 00:38:32','2019-02-05 00:38:32','\0'),(1554,'1','Bodega 1',NULL,NULL,1071,0.00,1,'2019-02-05 00:38:32','2019-02-05 00:38:32','\0'),(1555,'1','Bodega 1',NULL,NULL,1072,31.00,1,'2019-02-05 00:38:32','2019-02-05 00:38:32','\0'),(1556,'1','Bodega 1',NULL,NULL,1073,484.00,1,'2019-02-13 04:56:58','2019-02-13 04:56:58','\0'),(1557,'1','Bodega 1',NULL,NULL,1074,4.00,1,'2019-02-05 00:38:32','2019-02-05 00:38:32','\0'),(1558,'1','Bodega 1',NULL,NULL,1075,1.00,1,'2019-02-05 00:38:32','2019-02-05 00:38:32','\0'),(1559,'1','Bodega 1',NULL,NULL,1076,0.00,1,'2019-02-05 00:38:32','2019-02-05 00:38:32','\0'),(1560,'1','Bodega 1',NULL,NULL,1077,12.50,1,'2019-02-12 03:05:30','2019-02-12 03:05:30','\0'),(1561,'1','Bodega 1',NULL,NULL,1078,4.00,1,'2019-02-05 00:38:32','2019-02-05 00:38:32','\0'),(1562,'1','Bodega 1',NULL,NULL,1079,7.00,1,'2019-02-05 00:38:32','2019-02-05 00:38:32','\0'),(1563,'1','Bodega 1',NULL,NULL,1080,817.00,1,'2019-02-13 04:18:30','2019-02-13 04:18:30','\0'),(1564,'1','Bodega 1',NULL,NULL,1081,3350.00,1,'2019-02-05 00:38:32','2019-02-05 00:38:32','\0'),(1565,'1','Bodega 1',NULL,NULL,1082,19.00,1,'2019-02-05 00:38:32','2019-02-05 00:38:32','\0'),(1566,'1','Bodega 1',NULL,NULL,1083,63.00,1,'2019-02-05 00:38:32','2019-02-05 00:38:32','\0'),(1567,'1','Bodega 1',NULL,NULL,1084,299.00,1,'2019-02-13 04:18:35','2019-02-13 04:18:35','\0'),(1568,'1','Bodega 1',NULL,NULL,1085,97.00,1,'2019-02-05 00:38:32','2019-02-05 00:38:32','\0'),(1569,'1','Bodega 1',NULL,NULL,1086,490.00,1,'2019-02-05 00:38:32','2019-02-05 00:38:32','\0'),(1570,'1','Bodega 1',NULL,NULL,1087,200.00,1,'2019-02-05 00:38:32','2019-02-05 00:38:32','\0'),(1571,'1','Bodega 1',NULL,NULL,1088,500.00,1,'2019-02-05 00:38:32','2019-02-05 00:38:32','\0'),(1572,'1','Bodega 1',NULL,NULL,1089,200.00,1,'2019-02-05 00:38:32','2019-02-05 00:38:32','\0'),(1573,'1','Bodega 1',NULL,NULL,1090,463.00,1,'2019-02-05 00:38:32','2019-02-05 00:38:32','\0'),(1574,'1','Bodega 1',NULL,NULL,1091,389.00,1,'2019-02-05 00:38:32','2019-02-05 00:38:32','\0'),(1575,'1','Bodega 1',NULL,NULL,1092,19.00,1,'2019-02-05 00:38:32','2019-02-05 00:38:32','\0'),(1576,'1','Bodega 1',NULL,NULL,1093,0.00,1,'2019-02-05 00:38:32','2019-02-05 00:38:32','\0'),(1577,'1','Bodega 1',NULL,NULL,1094,0.00,1,'2019-02-05 00:38:32','2019-02-05 00:38:32','\0'),(1578,'1','Bodega 1',NULL,NULL,1095,1.00,1,'2019-02-05 00:38:32','2019-02-05 00:38:32','\0'),(1579,'1','Bodega 1',NULL,NULL,1096,23.00,1,'2019-02-05 00:38:32','2019-02-05 00:38:32','\0'),(1580,'1','Bodega 1',NULL,NULL,1097,12.00,1,'2019-02-05 00:38:32','2019-02-05 00:38:32','\0'),(1581,'1','Bodega 1',NULL,NULL,1098,10.00,1,'2019-02-05 00:38:32','2019-02-05 00:38:32','\0'),(1582,'1','Bodega 1',NULL,NULL,1099,22.00,1,'2019-02-05 00:38:32','2019-02-05 00:38:32','\0'),(1583,'1','Bodega 1',NULL,NULL,1100,0.00,1,'2019-02-05 00:38:32','2019-02-05 00:38:32','\0'),(1584,'1','Bodega 1',NULL,NULL,1101,3500.00,1,'2019-02-05 00:38:32','2019-02-05 00:38:32','\0'),(1585,'1','Bodega 1',NULL,NULL,1102,30.00,1,'2019-02-05 00:38:32','2019-02-05 00:38:32','\0'),(1586,'1','Bodega 1',NULL,NULL,1103,0.00,1,'2019-02-05 00:38:32','2019-02-05 00:38:32','\0'),(1587,'1','Bodega 1',NULL,NULL,1104,400.00,1,'2019-02-05 00:38:32','2019-02-05 00:38:32','\0'),(1588,'1','Bodega 1',NULL,NULL,1105,0.00,1,'2019-02-05 00:38:32','2019-02-05 00:38:32','\0'),(1589,'1','Bodega 1',NULL,NULL,1106,196.00,1,'2019-02-05 00:38:32','2019-02-05 00:38:32','\0'),(1590,'1','Bodega 1',NULL,NULL,1107,3.00,1,'2019-02-05 00:38:32','2019-02-05 00:38:32','\0'),(1591,'1','Bodega 1',NULL,NULL,1108,221.00,1,'2019-02-05 00:38:32','2019-02-05 00:38:32','\0'),(1592,'1','Bodega 1',NULL,NULL,1109,0.00,1,'2019-02-05 00:38:32','2019-02-05 00:38:32','\0'),(1593,'1','Bodega 1',NULL,NULL,1110,0.00,1,'2019-02-05 00:38:32','2019-02-05 00:38:32','\0'),(1594,'1','Bodega 1',NULL,NULL,1111,12.00,1,'2019-02-05 00:38:32','2019-02-05 00:38:32','\0'),(1595,'1','Bodega 1',NULL,NULL,1112,5.00,1,'2019-02-05 00:38:32','2019-02-05 00:38:32','\0'),(1596,'1','Bodega 1',NULL,NULL,1113,10.00,1,'2019-02-05 00:38:32','2019-02-05 00:38:32','\0'),(1597,'1','Bodega 1',NULL,NULL,1114,25.00,1,'2019-02-05 00:38:32','2019-02-05 00:38:32','\0'),(1598,'1','Bodega 1',NULL,NULL,1115,0.00,1,'2019-02-05 00:38:32','2019-02-05 00:38:32','\0'),(1599,'1','Bodega 1',NULL,NULL,1116,9.00,1,'2019-02-05 00:38:32','2019-02-05 00:38:32','\0'),(1600,'1','Bodega 1',NULL,NULL,1117,5.00,1,'2019-02-05 00:38:32','2019-02-05 00:38:32','\0'),(1601,'1','Bodega 1',NULL,NULL,1118,6.00,1,'2019-02-05 00:38:32','2019-02-05 00:38:32','\0'),(1602,'1','Bodega 1',NULL,NULL,1119,24.00,1,'2019-02-05 00:38:32','2019-02-05 00:38:32','\0'),(1603,'1','Bodega 1',NULL,NULL,1120,13.00,1,'2019-02-05 00:38:32','2019-02-05 00:38:32','\0'),(1604,'1','Bodega 1',NULL,NULL,1121,2.00,1,'2019-02-05 00:38:32','2019-02-05 00:38:32','\0'),(1605,'1','Bodega 1',NULL,NULL,1122,21.00,1,'2019-02-05 00:38:32','2019-02-05 00:38:32','\0'),(1606,'1','Bodega 1',NULL,NULL,1123,0.00,1,'2019-02-05 00:38:32','2019-02-05 00:38:32','\0'),(1607,'1','Bodega 1',NULL,NULL,1124,10.00,1,'2019-02-05 00:38:32','2019-02-05 00:38:32','\0'),(1608,'1','Bodega 1',NULL,NULL,1125,25.00,1,'2019-02-05 00:38:32','2019-02-05 00:38:32','\0'),(1609,'1','Bodega 1',NULL,NULL,1126,0.00,1,'2019-02-05 00:38:32','2019-02-05 00:38:32','\0'),(1610,'1','Bodega 1',NULL,NULL,1127,0.00,1,'2019-02-05 00:38:32','2019-02-05 00:38:32','\0'),(1611,'1','Bodega 1',NULL,NULL,1128,21.00,1,'2019-02-05 00:38:32','2019-02-05 00:38:32','\0'),(1612,'1','Bodega 1',NULL,NULL,1129,26.00,1,'2019-02-05 00:38:32','2019-02-05 00:38:32','\0'),(1613,'1','Bodega 1',NULL,NULL,1130,12.00,1,'2019-02-05 00:38:32','2019-02-05 00:38:32','\0'),(1614,'1','Bodega 1',NULL,NULL,1131,12.00,1,'2019-02-05 00:38:32','2019-02-05 00:38:32','\0'),(1615,'1','Bodega 1',NULL,NULL,1132,19.00,1,'2019-02-05 00:38:32','2019-02-05 00:38:32','\0'),(1616,'1','Bodega 1',NULL,NULL,1133,16.00,1,'2019-02-05 00:38:32','2019-02-05 00:38:32','\0'),(1617,'1','Bodega 1',NULL,NULL,1134,81.00,1,'2019-02-05 00:38:32','2019-02-05 00:38:32','\0'),(1618,'1','Bodega 1',NULL,NULL,1135,0.00,1,'2019-02-05 00:38:32','2019-02-05 00:38:32','\0'),(1619,'1','Bodega 1',NULL,NULL,1136,129.00,1,'2019-02-05 00:38:32','2019-02-05 00:38:32','\0'),(1620,'1','Bodega 1',NULL,NULL,1137,64.00,1,'2019-02-05 00:38:32','2019-02-05 00:38:32','\0'),(1621,'1','Bodega 1',NULL,NULL,1138,99.00,1,'2019-02-05 00:38:32','2019-02-05 00:38:32','\0'),(1622,'1','Bodega 1',NULL,NULL,1139,0.00,1,'2019-02-05 00:38:32','2019-02-05 00:38:32','\0'),(1623,'1','Bodega 1',NULL,NULL,1140,22.00,1,'2019-02-05 00:38:32','2019-02-05 00:38:32','\0'),(1624,'1','Bodega 1',NULL,NULL,1141,75.00,1,'2019-02-05 00:38:32','2019-02-05 00:38:32','\0'),(1625,'1','Bodega 1',NULL,NULL,1142,30.00,1,'2019-02-05 00:38:32','2019-02-05 00:38:32','\0'),(1626,'1','Bodega 1',NULL,NULL,1143,50.00,1,'2019-02-05 00:38:32','2019-02-05 00:38:32','\0'),(1627,'1','Bodega 1',NULL,NULL,1144,123.00,1,'2019-02-05 00:38:32','2019-02-05 00:38:32','\0'),(1628,'1','Bodega 1',NULL,NULL,1145,41.00,1,'2019-02-05 00:38:32','2019-02-05 00:38:32','\0'),(1629,'1','Bodega 1',NULL,NULL,1146,136.00,1,'2019-02-05 00:38:32','2019-02-05 00:38:32','\0'),(1630,'1','Bodega 1',NULL,NULL,1147,51.00,1,'2019-02-05 00:38:32','2019-02-05 00:38:32','\0'),(1631,'1','Bodega 1',NULL,NULL,1148,2.00,1,'2019-02-05 00:38:32','2019-02-05 00:38:32','\0'),(1632,'1','Bodega 1',NULL,NULL,1149,20.00,1,'2019-02-05 00:38:32','2019-02-05 00:38:32','\0'),(1633,'1','Bodega 1',NULL,NULL,1150,166.00,1,'2019-02-05 00:38:32','2019-02-05 00:38:32','\0'),(1634,'1','Bodega 1',NULL,NULL,1151,31.00,1,'2019-02-05 00:38:32','2019-02-05 00:38:32','\0'),(1635,'1','Bodega 1',NULL,NULL,1152,13.00,1,'2019-02-05 00:38:32','2019-02-05 00:38:32','\0'),(1636,'1','Bodega 1',NULL,NULL,1153,64.00,1,'2019-02-05 00:38:32','2019-02-05 00:38:32','\0'),(1637,'1','Bodega 1',NULL,NULL,1154,18.00,1,'2019-02-05 00:38:32','2019-02-05 00:38:32','\0'),(1638,'1','Bodega 1',NULL,NULL,1155,9.00,1,'2019-02-05 00:38:32','2019-02-05 00:38:32','\0'),(1639,'1','Bodega 1',NULL,NULL,1156,0.00,1,'2019-02-05 00:38:32','2019-02-05 00:38:32','\0'),(1640,'1','Bodega 1',NULL,NULL,1157,6.00,1,'2019-02-05 00:38:32','2019-02-05 00:38:32','\0'),(1641,'1','Bodega 1',NULL,NULL,1158,50.00,1,'2019-02-05 00:38:32','2019-02-05 00:38:32','\0'),(1642,'1','Bodega 1',NULL,NULL,1159,7.00,1,'2019-02-05 00:38:32','2019-02-05 00:38:32','\0'),(1643,'1','Bodega 1',NULL,NULL,1160,19.50,1,'2019-02-05 00:38:32','2019-02-05 00:38:32','\0'),(1644,'1','Bodega 1',NULL,NULL,1161,4.50,1,'2019-02-05 00:38:32','2019-02-05 00:38:32','\0'),(1645,'1','Bodega 1',NULL,NULL,1162,10.00,1,'2019-02-05 00:38:32','2019-02-05 00:38:32','\0'),(1646,'1','Bodega 1',NULL,NULL,1163,47.00,1,'2019-02-05 00:38:32','2019-02-05 00:38:32','\0'),(1647,'1','Bodega 1',NULL,NULL,1164,1.00,1,'2019-02-05 00:38:32','2019-02-05 00:38:32','\0'),(1648,'1','Bodega 1',NULL,NULL,1165,34.00,1,'2019-02-05 00:38:32','2019-02-05 00:38:32','\0'),(1649,'1','Bodega 1',NULL,NULL,1166,22.00,1,'2019-02-05 00:38:32','2019-02-05 00:38:32','\0'),(1650,'1','Bodega 1',NULL,NULL,1167,12.00,1,'2019-02-05 00:38:32','2019-02-05 00:38:32','\0'),(1651,'1','Bodega 1',NULL,NULL,1168,9.00,1,'2019-02-05 00:38:32','2019-02-05 00:38:32','\0'),(1652,'1','Bodega 1',NULL,NULL,1169,18.00,1,'2019-02-05 00:38:32','2019-02-05 00:38:32','\0'),(1653,'1','Bodega 1',NULL,NULL,1170,34.00,1,'2019-02-05 00:38:32','2019-02-05 00:38:32','\0'),(1654,'1','Bodega 1',NULL,NULL,1171,26.00,1,'2019-02-05 04:04:16','2019-02-05 04:04:16','\0'),(1655,'1','Bodega 1',NULL,NULL,1172,71.00,1,'2019-02-05 00:38:32','2019-02-05 00:38:32','\0'),(1656,'1','Bodega 1',NULL,NULL,1173,40.00,1,'2019-02-05 00:38:32','2019-02-05 00:38:32','\0'),(1657,'1','Bodega 1',NULL,NULL,1174,83.00,1,'2019-02-05 00:38:32','2019-02-05 00:38:32','\0'),(1658,'1','Bodega 1',NULL,NULL,1175,24.00,1,'2019-02-05 00:38:32','2019-02-05 00:38:32','\0'),(1659,'1','Bodega 1',NULL,NULL,1176,50.00,1,'2019-02-05 00:38:32','2019-02-05 00:38:32','\0'),(1660,'1','Bodega 1',NULL,NULL,1177,28.00,1,'2019-02-05 00:38:32','2019-02-05 00:38:32','\0'),(1661,'1','Bodega 1',NULL,NULL,1178,47.00,1,'2019-02-05 00:38:32','2019-02-05 00:38:32','\0'),(1662,'1','Bodega 1',NULL,NULL,1179,24.00,1,'2019-02-05 00:38:32','2019-02-05 00:38:32','\0'),(1663,'1','Bodega 1',NULL,NULL,1180,5.00,1,'2019-02-05 00:38:32','2019-02-05 00:38:32','\0'),(1664,'1','Bodega 1',NULL,NULL,1181,17.00,1,'2019-02-05 00:38:32','2019-02-05 00:38:32','\0'),(1665,'1','Bodega 1',NULL,NULL,1182,53.00,1,'2019-02-05 00:38:32','2019-02-05 00:38:32','\0'),(1666,'1','Bodega 1',NULL,NULL,1183,52.00,1,'2019-02-05 00:38:32','2019-02-05 00:38:32','\0'),(1667,'1','Bodega 1',NULL,NULL,1184,22.00,1,'2019-02-05 00:38:32','2019-02-05 00:38:32','\0'),(1668,'1','Bodega 1',NULL,NULL,1185,2.00,1,'2019-02-05 00:38:32','2019-02-05 00:38:32','\0'),(1669,'1','Bodega 1',NULL,NULL,1186,7.00,1,'2019-02-05 00:38:32','2019-02-05 00:38:32','\0'),(1670,'1','Bodega 1',NULL,NULL,1187,100.00,1,'2019-02-05 00:38:32','2019-02-05 00:38:32','\0'),(1671,'1','Bodega 1',NULL,NULL,1188,10.00,1,'2019-02-05 00:38:32','2019-02-05 00:38:32','\0'),(1672,'1','Bodega 1',NULL,NULL,1189,10.00,1,'2019-02-05 00:38:32','2019-02-05 00:38:32','\0'),(1673,'1','Bodega 1',NULL,NULL,1190,0.00,1,'2019-02-05 00:38:32','2019-02-05 00:38:32','\0'),(1674,'1','Bodega 1',NULL,NULL,1191,2070.00,1,'2019-02-05 00:38:32','2019-02-05 00:38:32','\0'),(1675,'1','Bodega 1',NULL,NULL,1192,34.00,1,'2019-02-05 00:38:32','2019-02-05 00:38:32','\0'),(1676,'1','Bodega 1',NULL,NULL,1193,95.00,1,'2019-02-05 00:38:32','2019-02-05 00:38:32','\0'),(1677,'1','Bodega 1',NULL,NULL,1194,124.00,1,'2019-02-05 00:38:32','2019-02-05 00:38:32','\0'),(1678,'1','Bodega 1',NULL,NULL,1195,31.00,1,'2019-02-05 00:38:32','2019-02-05 00:38:32','\0'),(1679,'1','Bodega 1',NULL,NULL,1196,45.00,1,'2019-02-05 00:38:32','2019-02-05 00:38:32','\0'),(1680,'1','Bodega 1',NULL,NULL,1197,17.00,1,'2019-02-05 00:38:32','2019-02-05 00:38:32','\0'),(1681,'1','Bodega 1',NULL,NULL,1198,30.00,1,'2019-02-05 00:38:32','2019-02-05 00:38:32','\0'),(1682,'1','Bodega 1',NULL,NULL,1199,26.00,1,'2019-02-05 00:38:32','2019-02-05 00:38:32','\0'),(1683,'1','Bodega 1',NULL,NULL,1200,16.00,1,'2019-02-05 00:38:32','2019-02-05 00:38:32','\0'),(1684,'1','Bodega 1',NULL,NULL,1201,16.00,1,'2019-02-05 00:38:32','2019-02-05 00:38:32','\0'),(1685,'1','Bodega 1',NULL,NULL,1202,670.00,1,'2019-02-05 00:38:32','2019-02-05 00:38:32','\0'),(1686,'1','Bodega 1',NULL,NULL,1203,8.00,1,'2019-02-05 00:38:32','2019-02-05 00:38:32','\0'),(1687,'1','Bodega 1',NULL,NULL,1204,0.00,1,'2019-02-05 00:38:32','2019-02-05 00:38:32','\0'),(1688,'1','Bodega 1',NULL,NULL,1205,3.00,1,'2019-02-05 00:38:32','2019-02-05 00:38:32','\0'),(1689,'1','Bodega 1',NULL,NULL,1206,6.00,1,'2019-02-05 00:38:32','2019-02-05 00:38:32','\0'),(1690,'1','Bodega 1',NULL,NULL,1207,2.00,1,'2019-02-05 00:38:32','2019-02-05 00:38:32','\0'),(1691,'1','Bodega 1',NULL,NULL,1208,26.00,1,'2019-02-05 00:38:32','2019-02-05 00:38:32','\0'),(1692,'1','Bodega 1',NULL,NULL,1209,3500.00,1,'2019-02-05 00:38:32','2019-02-05 00:38:32','\0'),(1693,'1','Bodega 1',NULL,NULL,1210,0.00,1,'2019-02-05 00:38:32','2019-02-05 00:38:32','\0'),(1694,'1','Bodega 1',NULL,NULL,1211,2.00,1,'2019-02-05 00:38:32','2019-02-05 00:38:32','\0'),(1695,'1','Bodega 1',NULL,NULL,1212,2.00,1,'2019-02-05 00:38:32','2019-02-05 00:38:32','\0'),(1696,'1','Bodega 1',NULL,NULL,1213,2.00,1,'2019-02-05 00:38:32','2019-02-05 00:38:32','\0'),(1697,'1','Bodega 1',NULL,NULL,1214,0.00,1,'2019-02-05 00:38:32','2019-02-05 00:38:32','\0'),(1698,'1','Bodega 1',NULL,NULL,1215,4.00,1,'2019-02-05 00:38:32','2019-02-05 00:38:32','\0'),(1699,'1','Bodega 1',NULL,NULL,1216,18.00,1,'2019-02-05 00:38:32','2019-02-05 00:38:32','\0'),(1700,'1','Bodega 1',NULL,NULL,1217,0.00,1,'2019-02-05 00:38:32','2019-02-05 00:38:32','\0'),(1701,'1','Bodega 1',NULL,NULL,1218,0.00,1,'2019-02-05 00:38:32','2019-02-05 00:38:32','\0'),(1702,'1','Bodega 1',NULL,NULL,1219,9.00,1,'2019-02-05 00:38:32','2019-02-05 00:38:32','\0'),(1703,'1','Bodega 1',NULL,NULL,1220,0.00,1,'2019-02-05 00:38:32','2019-02-05 00:38:32','\0'),(1704,'1','Bodega 1',NULL,NULL,1221,8.00,1,'2019-02-05 00:38:32','2019-02-05 00:38:32','\0'),(1705,'1','Bodega 1',NULL,NULL,1222,5.00,1,'2019-02-05 00:38:32','2019-02-05 00:38:32','\0'),(1706,'1','Bodega 1',NULL,NULL,1223,89.00,1,'2019-02-05 00:38:32','2019-02-05 00:38:32','\0'),(1707,'1','Bodega 1',NULL,NULL,1224,1620.00,1,'2019-02-05 00:38:32','2019-02-05 00:38:32','\0'),(1708,'1','Bodega 1',NULL,NULL,1225,620.00,1,'2019-02-05 00:38:32','2019-02-05 00:38:32','\0'),(1709,'1','Bodega 1',NULL,NULL,1226,4.00,1,'2019-02-05 00:38:32','2019-02-05 00:38:32','\0'),(1710,'1','Bodega 1',NULL,NULL,1227,0.00,1,'2019-02-05 00:38:32','2019-02-05 00:38:32','\0'),(1711,'1','Bodega 1',NULL,NULL,1228,4.00,1,'2019-02-05 00:38:32','2019-02-05 00:38:32','\0'),(1712,'1','Bodega 1',NULL,NULL,1229,9.00,1,'2019-02-05 00:38:32','2019-02-05 00:38:32','\0'),(1713,'1','Bodega 1',NULL,NULL,1230,0.00,1,'2019-02-05 00:38:32','2019-02-05 00:38:32','\0'),(1714,'1','Bodega 1',NULL,NULL,1231,0.00,1,'2019-02-05 00:38:32','2019-02-05 00:38:32','\0'),(1715,'1','Bodega 1',NULL,NULL,1232,5.00,1,'2019-02-05 00:38:32','2019-02-05 00:38:32','\0'),(1716,'1','Bodega 1',NULL,NULL,1233,0.00,1,'2019-02-05 00:38:32','2019-02-05 00:38:32','\0'),(1717,'1','Bodega 1',NULL,NULL,1234,8.00,1,'2019-02-05 00:38:32','2019-02-05 00:38:32','\0'),(1718,'1','Bodega 1',NULL,NULL,1235,8.00,1,'2019-02-05 00:38:32','2019-02-05 00:38:32','\0'),(1719,'1','Bodega 1',NULL,NULL,1236,0.00,1,'2019-02-05 00:38:32','2019-02-05 00:38:32','\0'),(1720,'1','Bodega 1',NULL,NULL,1237,12.00,1,'2019-02-05 00:38:32','2019-02-05 00:38:32','\0'),(1721,'1','Bodega 1',NULL,NULL,1238,2.00,1,'2019-02-05 00:38:32','2019-02-05 00:38:32','\0'),(1722,'1','Bodega 1',NULL,NULL,1239,2.00,1,'2019-02-05 00:38:32','2019-02-05 00:38:32','\0'),(1723,'1','Bodega 1',NULL,NULL,1240,100.00,1,'2019-02-05 00:38:32','2019-02-05 00:38:32','\0'),(1724,'1','Bodega 1',NULL,NULL,1241,0.00,1,'2019-02-05 00:38:32','2019-02-05 00:38:32','\0'),(1725,'1','Bodega 1',NULL,NULL,1242,0.00,1,'2019-02-05 00:38:32','2019-02-05 00:38:32','\0'),(1726,'1','Bodega 1',NULL,NULL,1243,0.00,1,'2019-02-05 00:38:32','2019-02-05 00:38:32','\0'),(1727,'1','Bodega 1',NULL,NULL,1244,18.00,1,'2019-02-05 00:38:32','2019-02-05 00:38:32','\0'),(1728,'1','Bodega 1',NULL,NULL,1245,3.00,1,'2019-02-05 00:38:32','2019-02-05 00:38:32','\0'),(1729,'1','Bodega 1',NULL,NULL,1246,26.00,1,'2019-02-05 00:38:32','2019-02-05 00:38:32','\0'),(1730,'1','Bodega 1',NULL,NULL,1247,0.00,1,'2019-02-05 00:38:32','2019-02-05 00:38:32','\0'),(1731,'1','Bodega 1',NULL,NULL,1248,2.00,1,'2019-02-05 00:38:32','2019-02-05 00:38:32','\0'),(1732,'1','Bodega 1',NULL,NULL,1249,22.00,1,'2019-02-05 00:38:32','2019-02-05 00:38:32','\0'),(1733,'1','Bodega 1',NULL,NULL,1250,5.00,1,'2019-02-05 00:38:32','2019-02-05 00:38:32','\0'),(1734,'1','Bodega 1',NULL,NULL,1251,0.00,1,'2019-02-05 00:38:32','2019-02-05 00:38:32','\0'),(1735,'1','Bodega 1',NULL,NULL,1252,13.00,1,'2019-02-05 00:38:32','2019-02-05 00:38:32','\0'),(1736,'1','Bodega 1',NULL,NULL,1253,11.00,1,'2019-02-05 00:38:32','2019-02-05 00:38:32','\0'),(1737,'1','Bodega 1',NULL,NULL,1254,67.00,1,'2019-02-05 00:38:32','2019-02-05 00:38:32','\0'),(1738,'1','Bodega 1',NULL,NULL,1255,0.00,1,'2019-02-05 00:38:32','2019-02-05 00:38:32','\0'),(1739,'1','Bodega 1',NULL,NULL,1256,35.00,1,'2019-02-05 00:38:32','2019-02-05 00:38:32','\0'),(1740,'1','Bodega 1',NULL,NULL,1257,172.00,1,'2019-02-05 00:38:32','2019-02-05 00:38:32','\0'),(1741,'1','Bodega 1',NULL,NULL,1258,1.00,1,'2019-02-05 00:38:32','2019-02-05 00:38:32','\0'),(1742,'1','Bodega 1',NULL,NULL,1259,10.00,1,'2019-02-05 00:38:32','2019-02-05 00:38:32','\0'),(1743,'1','Bodega 1',NULL,NULL,1260,12.00,1,'2019-02-05 00:38:32','2019-02-05 00:38:32','\0'),(1744,'1','Bodega 1',NULL,NULL,1261,17.00,1,'2019-02-05 00:38:32','2019-02-05 00:38:32','\0'),(1745,'1','Bodega 1',NULL,NULL,1262,0.00,1,'2019-02-05 00:38:32','2019-02-05 00:38:32','\0'),(1746,'1','Bodega 1',NULL,NULL,1263,15.00,1,'2019-02-05 00:38:32','2019-02-05 00:38:32','\0'),(1747,'1','Bodega 1',NULL,NULL,1264,22.00,1,'2019-02-05 00:38:32','2019-02-05 00:38:32','\0'),(1748,'1','Bodega 1',NULL,NULL,1265,39.00,1,'2019-02-05 00:38:32','2019-02-05 00:38:32','\0'),(1749,'1','Bodega 1',NULL,NULL,1266,6300.00,1,'2019-02-05 00:38:32','2019-02-05 00:38:32','\0'),(1750,'1','Bodega 1',NULL,NULL,1267,18.00,1,'2019-02-05 00:38:32','2019-02-05 00:38:32','\0'),(1751,'1','Bodega 1',NULL,NULL,1268,25.00,1,'2019-02-05 00:38:32','2019-02-05 00:38:32','\0'),(1752,'1','Bodega 1',NULL,NULL,1269,890.00,1,'2019-02-05 00:38:32','2019-02-05 00:38:32','\0'),(1753,'1','Bodega 1',NULL,NULL,1270,3.50,1,'2019-02-05 00:38:32','2019-02-05 00:38:32','\0'),(1754,'1','Bodega 1',NULL,NULL,1271,0.00,1,'2019-02-05 00:38:32','2019-02-05 00:38:32','\0'),(1755,'1','Bodega 1',NULL,NULL,1272,4225.00,1,'2019-02-05 00:38:32','2019-02-05 00:38:32','\0'),(1756,'1','Bodega 1',NULL,NULL,1273,0.00,1,'2019-02-05 00:38:32','2019-02-05 00:38:32','\0'),(1757,'1','Bodega 1',NULL,NULL,1274,9.00,1,'2019-02-05 00:38:32','2019-02-05 00:38:32','\0'),(1758,'1','Bodega 1',NULL,NULL,1275,6.00,1,'2019-02-05 00:38:32','2019-02-05 00:38:32','\0'),(1759,'1','Bodega 1',NULL,NULL,1276,9.00,1,'2019-02-05 00:38:32','2019-02-05 00:38:32','\0'),(1760,'1','Bodega 1',NULL,NULL,1277,6.00,1,'2019-02-05 00:38:32','2019-02-05 00:38:32','\0'),(1761,'1','Bodega 1',NULL,NULL,1278,2.00,1,'2019-02-05 00:38:32','2019-02-05 00:38:32','\0'),(1762,'1','Bodega 1',NULL,NULL,1279,0.00,1,'2019-02-05 00:38:32','2019-02-05 00:38:32','\0'),(1763,'1','Bodega 1',NULL,NULL,1280,2.00,1,'2019-02-05 00:38:32','2019-02-05 00:38:32','\0'),(1764,'1','Bodega 1',NULL,NULL,1281,13.00,1,'2019-02-05 00:38:32','2019-02-05 00:38:32','\0'),(1765,'1','Bodega 1',NULL,NULL,1282,2.00,1,'2019-02-05 00:38:32','2019-02-05 00:38:32','\0'),(1766,'1','Bodega 1',NULL,NULL,1283,68.00,1,'2019-02-05 00:38:32','2019-02-05 00:38:32','\0'),(1767,'1','Bodega 1',NULL,NULL,1284,46.00,1,'2019-02-05 00:38:32','2019-02-05 00:38:32','\0'),(1768,'1','Bodega 1',NULL,NULL,1285,5.00,1,'2019-02-05 00:38:32','2019-02-05 00:38:32','\0'),(1769,'1','Bodega 1',NULL,NULL,1286,9.00,1,'2019-02-05 00:38:32','2019-02-05 00:38:32','\0'),(1770,'1','Bodega 1',NULL,NULL,1287,74.00,1,'2019-02-05 00:38:32','2019-02-05 00:38:32','\0'),(1771,'1','Bodega 1',NULL,NULL,1288,11.00,1,'2019-02-05 00:38:32','2019-02-05 00:38:32','\0'),(1772,'1','Bodega 1',NULL,NULL,1289,10.00,1,'2019-02-05 00:38:32','2019-02-05 00:38:32','\0'),(1773,'1','Bodega 1',NULL,NULL,1290,1.00,1,'2019-02-05 00:38:32','2019-02-05 00:38:32','\0'),(1774,'1','Bodega 1',NULL,NULL,1291,3.00,1,'2019-02-05 00:38:32','2019-02-05 00:38:32','\0'),(1775,'1','Bodega 1',NULL,NULL,1292,3.00,1,'2019-02-05 00:38:32','2019-02-05 00:38:32','\0'),(1776,'1','Bodega 1',NULL,NULL,1293,1.00,1,'2019-02-05 00:38:32','2019-02-05 00:38:32','\0'),(1777,'1','Bodega 1',NULL,NULL,1294,2.00,1,'2019-02-05 00:38:32','2019-02-05 00:38:32','\0'),(1778,'1','Bodega 1',NULL,NULL,1295,0.00,1,'2019-02-05 00:38:32','2019-02-05 00:38:32','\0'),(1779,'1','Bodega 1',NULL,NULL,1296,15.00,1,'2019-02-05 00:38:32','2019-02-05 00:38:32','\0'),(1780,'1','Bodega 1',NULL,NULL,1297,68.00,1,'2019-02-05 00:38:32','2019-02-05 00:38:32','\0'),(1781,'1','Bodega 1',NULL,NULL,1298,0.00,1,'2019-02-05 00:38:32','2019-02-05 00:38:32','\0'),(1782,'1','Bodega 1',NULL,NULL,1299,0.00,1,'2019-02-05 00:38:32','2019-02-05 00:38:32','\0'),(1783,'1','Bodega 1',NULL,NULL,1300,34.00,1,'2019-02-05 00:38:32','2019-02-05 00:38:32','\0'),(1784,'1','Bodega 1',NULL,NULL,1301,15.00,1,'2019-02-05 00:38:32','2019-02-05 00:38:32','\0'),(1785,'1','Bodega 1',NULL,NULL,1302,14.00,1,'2019-02-05 00:38:32','2019-02-05 00:38:32','\0'),(1786,'1','Bodega 1',NULL,NULL,1303,20.00,1,'2019-02-05 00:38:32','2019-02-05 00:38:32','\0'),(1787,'1','Bodega 1',NULL,NULL,1304,7.00,1,'2019-02-05 00:38:32','2019-02-05 00:38:32','\0'),(1788,'1','Bodega 1',NULL,NULL,1305,40.00,1,'2019-02-05 00:38:32','2019-02-05 00:38:32','\0'),(1789,'1','Bodega 1',NULL,NULL,1306,3.00,1,'2019-02-05 00:38:32','2019-02-05 00:38:32','\0'),(1790,'1','Bodega 1',NULL,NULL,1307,19.00,1,'2019-02-05 00:38:32','2019-02-05 00:38:32','\0'),(1791,'1','Bodega 1',NULL,NULL,1308,0.00,1,'2019-02-05 00:38:32','2019-02-05 00:38:32','\0'),(1792,'1','Bodega 1',NULL,NULL,1309,0.00,1,'2019-02-05 00:38:32','2019-02-05 00:38:32','\0'),(1793,'1','Bodega 1',NULL,NULL,1310,0.00,1,'2019-02-05 00:38:32','2019-02-05 00:38:32','\0'),(1794,'1','Bodega 1',NULL,NULL,1311,27.00,1,'2019-02-05 00:38:32','2019-02-05 00:38:32','\0'),(1795,'1','Bodega 1',NULL,NULL,1312,10.00,1,'2019-02-05 00:38:32','2019-02-05 00:38:32','\0'),(1796,'1','Bodega 1',NULL,NULL,1313,0.00,1,'2019-02-05 00:38:32','2019-02-05 00:38:32','\0'),(1797,'1','Bodega 1',NULL,NULL,1314,39.00,1,'2019-02-05 00:38:32','2019-02-05 00:38:32','\0'),(1798,'1','Bodega 1',NULL,NULL,1315,21.00,1,'2019-02-05 00:38:32','2019-02-05 00:38:32','\0'),(1799,'1','Bodega 1',NULL,NULL,1316,77.00,1,'2019-02-05 00:38:32','2019-02-05 00:38:32','\0'),(1800,'1','Bodega 1',NULL,NULL,1317,50.00,1,'2019-02-05 00:38:32','2019-02-05 00:38:32','\0'),(1801,'1','Bodega 1',NULL,NULL,1318,9.00,1,'2019-02-05 00:38:32','2019-02-05 00:38:32','\0'),(1802,'1','Bodega 1',NULL,NULL,1319,28.00,1,'2019-02-05 00:38:32','2019-02-05 00:38:32','\0'),(1803,'1','Bodega 1',NULL,NULL,1320,8.00,1,'2019-02-05 00:38:32','2019-02-05 00:38:32','\0'),(1804,'1','Bodega 1',NULL,NULL,1321,0.00,1,'2019-02-05 00:38:32','2019-02-05 00:38:32','\0'),(1805,'1','Bodega 1',NULL,NULL,1322,7.00,1,'2019-02-05 00:38:32','2019-02-05 00:38:32','\0'),(1806,'1','Bodega 1',NULL,NULL,1323,50.00,1,'2019-02-05 00:38:32','2019-02-05 00:38:32','\0'),(1807,'1','Bodega 1',NULL,NULL,1324,8.00,1,'2019-02-05 00:38:32','2019-02-05 00:38:32','\0'),(1808,'1','Bodega 1',NULL,NULL,1325,0.00,1,'2019-02-05 00:38:32','2019-02-05 00:38:32','\0'),(1809,'1','Bodega 1',NULL,NULL,1326,2.00,1,'2019-02-05 00:38:32','2019-02-05 00:38:32','\0'),(1810,'1','Bodega 1',NULL,NULL,1327,1664.00,1,'2019-02-05 00:38:32','2019-02-05 00:38:32','\0'),(1811,'1','Bodega 1',NULL,NULL,1328,600.00,1,'2019-02-05 00:38:32','2019-02-05 00:38:32','\0'),(1812,'1','Bodega 1',NULL,NULL,1329,6.00,1,'2019-02-05 00:38:32','2019-02-05 00:38:32','\0'),(1813,'1','Bodega 1',NULL,NULL,1330,0.00,1,'2019-02-05 00:38:32','2019-02-05 00:38:32','\0'),(1814,'1','Bodega 1',NULL,NULL,1331,50.00,1,'2019-02-05 00:38:32','2019-02-05 00:38:32','\0'),(1815,'1','Bodega 1',NULL,NULL,1332,27.00,1,'2019-02-05 00:38:32','2019-02-05 00:38:32','\0'),(1816,'1','Bodega 1',NULL,NULL,1333,5.00,1,'2019-02-05 00:38:32','2019-02-05 00:38:32','\0'),(1817,'1','Bodega 1',NULL,NULL,1334,27.00,1,'2019-02-05 00:38:32','2019-02-05 00:38:32','\0'),(1818,'1','Bodega 1',NULL,NULL,1335,0.00,1,'2019-02-05 00:38:32','2019-02-05 00:38:32','\0'),(1819,'1','Bodega 1',NULL,NULL,1336,26.00,1,'2019-02-05 00:38:32','2019-02-05 00:38:32','\0'),(1820,'1','Bodega 1',NULL,NULL,1337,0.00,1,'2019-02-05 00:38:32','2019-02-05 00:38:32','\0'),(1821,'1','Bodega 1',NULL,NULL,1338,7.00,1,'2019-02-05 00:38:32','2019-02-05 00:38:32','\0'),(1822,'1','Bodega 1',NULL,NULL,1339,0.00,1,'2019-02-05 00:38:32','2019-02-05 00:38:32','\0'),(1823,'1','Bodega 1',NULL,NULL,1340,2.00,1,'2019-02-05 00:38:32','2019-02-05 00:38:32','\0'),(1824,'1','Bodega 1',NULL,NULL,1341,8.00,1,'2019-02-05 00:38:32','2019-02-05 00:38:32','\0'),(1825,'1','Bodega 1',NULL,NULL,1342,148.00,1,'2019-02-05 00:38:32','2019-02-05 00:38:32','\0'),(1826,'1','Bodega 1',NULL,NULL,1343,121.00,1,'2019-02-05 00:38:32','2019-02-05 00:38:32','\0'),(1827,'1','Bodega 1',NULL,NULL,1344,0.00,1,'2019-02-05 00:38:32','2019-02-05 00:38:32','\0'),(1828,'1','Bodega 1',NULL,NULL,1345,0.00,1,'2019-02-05 00:38:32','2019-02-05 00:38:32','\0'),(1829,'1','Bodega 1',NULL,NULL,1346,4.00,1,'2019-02-05 00:38:32','2019-02-05 00:38:32','\0'),(1830,'1','Bodega 1',NULL,NULL,1347,27.00,1,'2019-02-05 00:38:32','2019-02-05 00:38:32','\0'),(1831,'1','Bodega 1',NULL,NULL,1348,0.00,1,'2019-02-05 00:38:32','2019-02-05 00:38:32','\0'),(1832,'1','Bodega 1',NULL,NULL,1349,105.00,1,'2019-02-05 00:38:32','2019-02-05 00:38:32','\0'),(1833,'1','Bodega 1',NULL,NULL,1350,0.00,1,'2019-02-05 00:38:32','2019-02-05 00:38:32','\0'),(1834,'1','Bodega 1',NULL,NULL,1351,0.00,1,'2019-02-05 00:38:32','2019-02-05 00:38:32','\0'),(1835,'1','Bodega 1',NULL,NULL,1352,0.00,1,'2019-02-05 00:38:32','2019-02-05 00:38:32','\0'),(1836,'1','Bodega 1',NULL,NULL,1353,0.00,1,'2019-02-05 00:38:32','2019-02-05 00:38:32','\0'),(1837,'1','Bodega 1',NULL,NULL,1354,20.00,1,'2019-02-05 00:38:32','2019-02-05 00:38:32','\0'),(1838,'1','Bodega 1',NULL,NULL,1355,20.00,1,'2019-02-05 00:38:32','2019-02-05 00:38:32','\0'),(1839,'1','Bodega 1',NULL,NULL,1356,4.00,1,'2019-02-05 00:38:32','2019-02-05 00:38:32','\0'),(1840,'1','Bodega 1',NULL,NULL,1357,7.00,1,'2019-02-05 00:38:32','2019-02-05 00:38:32','\0'),(1841,'1','Bodega 1',NULL,NULL,1358,0.00,1,'2019-02-05 00:38:32','2019-02-05 00:38:32','\0'),(1842,'1','Bodega 1',NULL,NULL,1359,5.00,1,'2019-02-05 00:38:32','2019-02-05 00:38:32','\0'),(1843,'1','Bodega 1',NULL,NULL,1360,0.00,1,'2019-02-05 00:38:32','2019-02-05 00:38:32','\0'),(1844,'1','Bodega 1',NULL,NULL,1361,7.00,1,'2019-02-05 00:38:32','2019-02-05 00:38:32','\0'),(1845,'1','Bodega 1',NULL,NULL,1362,8.00,1,'2019-02-05 00:38:32','2019-02-05 00:38:32','\0'),(1846,'1','Bodega 1',NULL,NULL,1363,3.00,1,'2019-02-05 00:38:32','2019-02-05 00:38:32','\0'),(1847,'1','Bodega 1',NULL,NULL,1364,59.00,1,'2019-02-05 00:38:32','2019-02-05 00:38:32','\0'),(1848,'1','Bodega 1',NULL,NULL,1365,11.00,1,'2019-02-05 00:38:32','2019-02-05 00:38:32','\0'),(1849,'1','Bodega 1',NULL,NULL,1366,0.00,1,'2019-02-05 00:38:32','2019-02-05 00:38:32','\0'),(1850,'1','Bodega 1',NULL,NULL,1367,4050.00,1,'2019-02-05 00:38:32','2019-02-05 00:38:32','\0'),(1851,'1','Bodega 1',NULL,NULL,1368,1.00,1,'2019-02-05 00:38:32','2019-02-05 00:38:32','\0'),(1852,'1','Bodega 1',NULL,NULL,1369,100.00,1,'2019-02-05 00:38:32','2019-02-05 00:38:32','\0'),(1853,'1','Bodega 1',NULL,NULL,1370,0.00,1,'2019-02-05 00:38:32','2019-02-05 00:38:32','\0'),(1854,'1','Bodega 1',NULL,NULL,1371,20.00,1,'2019-02-05 00:38:32','2019-02-05 00:38:32','\0'),(1855,'1','Bodega 1',NULL,NULL,1372,6.00,1,'2019-02-05 00:38:32','2019-02-05 00:38:32','\0'),(1856,'1','Bodega 1',NULL,NULL,1373,5.00,1,'2019-02-05 00:38:32','2019-02-05 00:38:32','\0'),(1857,'1','Bodega 1',NULL,NULL,1374,840.00,1,'2019-02-05 00:38:32','2019-02-05 00:38:32','\0'),(1858,'1','Bodega 1',NULL,NULL,1375,0.00,1,'2019-02-05 00:38:32','2019-02-05 00:38:32','\0'),(1859,'1','Bodega 1',NULL,NULL,1376,27.00,1,'2019-02-05 00:38:32','2019-02-05 00:38:32','\0'),(1860,'1','Bodega 1',NULL,NULL,1377,4.00,1,'2019-02-05 00:38:32','2019-02-05 00:38:32','\0'),(1861,'1','Bodega 1',NULL,NULL,1378,42.00,1,'2019-02-05 00:38:32','2019-02-05 00:38:32','\0'),(1862,'1','Bodega 1',NULL,NULL,1379,9.00,1,'2019-02-05 00:38:32','2019-02-05 00:38:32','\0'),(1863,'1','Bodega 1',NULL,NULL,1380,4.00,1,'2019-02-05 00:38:32','2019-02-05 00:38:32','\0'),(1864,'1','Bodega 1',NULL,NULL,1381,10.00,1,'2019-02-05 00:38:32','2019-02-05 00:38:32','\0'),(1865,'1','Bodega 1',NULL,NULL,1382,0.00,1,'2019-02-05 00:38:32','2019-02-05 00:38:32','\0'),(1866,'1','Bodega 1',NULL,NULL,1383,40.00,1,'2019-02-05 00:38:32','2019-02-05 00:38:32','\0'),(1867,'1','Bodega 1',NULL,NULL,1384,3.00,1,'2019-02-05 00:38:32','2019-02-05 00:38:32','\0'),(1868,'1','Bodega 1',NULL,NULL,1385,0.00,1,'2019-02-05 00:38:32','2019-02-05 00:38:32','\0'),(1869,'1','Bodega 1',NULL,NULL,1386,5.00,1,'2019-02-05 00:38:32','2019-02-05 00:38:32','\0'),(1870,'1','Bodega 1',NULL,NULL,1387,6.00,1,'2019-02-05 00:38:32','2019-02-05 00:38:32','\0'),(1871,'1','Bodega 1',NULL,NULL,1388,0.00,1,'2019-02-05 00:38:32','2019-02-05 00:38:32','\0'),(1872,'1','Bodega 1',NULL,NULL,1389,30.00,1,'2019-02-05 00:38:32','2019-02-05 00:38:32','\0'),(1873,'1','Bodega 1',NULL,NULL,1390,5.00,1,'2019-02-05 00:38:32','2019-02-05 00:38:32','\0'),(1874,'1','Bodega 1',NULL,NULL,1391,6.00,1,'2019-02-05 00:38:32','2019-02-05 00:38:32','\0'),(1875,'1','Bodega 1',NULL,NULL,1392,0.00,1,'2019-02-05 00:38:32','2019-02-05 00:38:32','\0'),(1876,'1','Bodega 1',NULL,NULL,1393,0.00,1,'2019-02-05 00:38:32','2019-02-05 00:38:32','\0'),(1877,'1','Bodega 1',NULL,NULL,1394,1.00,1,'2019-02-05 00:38:32','2019-02-05 00:38:32','\0'),(1878,'1','Bodega 1',NULL,NULL,1395,0.00,1,'2019-02-05 00:38:32','2019-02-05 00:38:32','\0'),(1879,'1','Bodega 1',NULL,NULL,1396,6.00,1,'2019-02-05 00:38:32','2019-02-05 00:38:32','\0'),(1880,'1','Bodega 1',NULL,NULL,1397,6.00,1,'2019-02-05 00:38:32','2019-02-05 00:38:32','\0'),(1881,'1','Bodega 1',NULL,NULL,1398,14.00,1,'2019-02-05 00:38:32','2019-02-05 00:38:32','\0'),(1882,'1','Bodega 1',NULL,NULL,1399,17.00,1,'2019-02-05 00:38:32','2019-02-05 00:38:32','\0'),(1883,'1','Bodega 1',NULL,NULL,1400,29.00,1,'2019-02-05 00:38:32','2019-02-05 00:38:32','\0'),(1884,'1','Bodega 1',NULL,NULL,1401,6.00,1,'2019-02-05 00:38:32','2019-02-05 00:38:32','\0'),(1885,'1','Bodega 1',NULL,NULL,1402,59.00,1,'2019-02-05 00:38:32','2019-02-05 00:38:32','\0'),(1886,'1','Bodega 1',NULL,NULL,1403,59.00,1,'2019-02-13 04:11:54','2019-02-13 04:11:54','\0'),(1887,'1','Bodega 1',NULL,NULL,1404,16.00,1,'2019-02-05 00:38:32','2019-02-05 00:38:32','\0'),(1888,'1','Bodega 1',NULL,NULL,1405,12.00,1,'2019-02-05 00:38:32','2019-02-05 00:38:32','\0'),(1889,'1','Bodega 1',NULL,NULL,1406,0.00,1,'2019-02-05 00:38:32','2019-02-05 00:38:32','\0'),(1890,'1','Bodega 1',NULL,NULL,1407,12.00,1,'2019-02-05 00:38:32','2019-02-05 00:38:32','\0'),(1891,'1','Bodega 1',NULL,NULL,1408,1.00,1,'2019-02-05 00:38:32','2019-02-05 00:38:32','\0'),(1892,'1','Bodega 1',NULL,NULL,1409,0.00,1,'2019-02-05 00:38:32','2019-02-05 00:38:32','\0'),(1893,'1','Bodega 1',NULL,NULL,1410,0.00,1,'2019-02-05 00:38:32','2019-02-05 00:38:32','\0'),(1894,'1','Bodega 1',NULL,NULL,1411,5.00,1,'2019-02-05 00:38:32','2019-02-05 00:38:32','\0'),(1895,'1','Bodega 1',NULL,NULL,1412,0.00,1,'2019-02-05 00:38:32','2019-02-05 00:38:32','\0'),(1896,'1','Bodega 1',NULL,NULL,1413,0.00,1,'2019-02-05 00:38:32','2019-02-05 00:38:32','\0'),(1897,'1','Bodega 1',NULL,NULL,1414,0.00,1,'2019-02-05 00:38:32','2019-02-05 00:38:32','\0'),(1898,'1','Bodega 1',NULL,NULL,1415,15.00,1,'2019-02-05 00:38:32','2019-02-05 00:38:32','\0'),(1899,'1','Bodega 1',NULL,NULL,1416,16.00,1,'2019-02-05 00:38:32','2019-02-05 00:38:32','\0'),(1900,'1','Bodega 1',NULL,NULL,1417,21.00,1,'2019-02-05 00:38:32','2019-02-05 00:38:32','\0'),(1901,'1','Bodega 1',NULL,NULL,1418,26.00,1,'2019-02-05 00:38:32','2019-02-05 00:38:32','\0'),(1902,'1','Bodega 1',NULL,NULL,1419,9.00,1,'2019-02-05 00:38:32','2019-02-05 00:38:32','\0'),(1903,'1','Bodega 1',NULL,NULL,1420,1010.00,1,'2019-02-05 00:38:32','2019-02-05 00:38:32','\0'),(1904,'1','Bodega 1',NULL,NULL,1421,200.00,1,'2019-02-05 00:38:32','2019-02-05 00:38:32','\0'),(1905,'1','Bodega 1',NULL,NULL,1422,9.00,1,'2019-02-05 00:38:32','2019-02-05 00:38:32','\0'),(1906,'1','Bodega 1',NULL,NULL,1423,7.00,1,'2019-02-05 00:38:32','2019-02-05 00:38:32','\0'),(1907,'1','Bodega 1',NULL,NULL,1424,0.00,1,'2019-02-05 00:38:32','2019-02-05 00:38:32','\0'),(1908,'1','Bodega 1',NULL,NULL,1425,0.00,1,'2019-02-05 00:38:32','2019-02-05 00:38:32','\0'),(1909,'1','Bodega 1',NULL,NULL,1426,1.00,1,'2019-02-05 00:38:32','2019-02-05 00:38:32','\0'),(1910,'1','Bodega 1',NULL,NULL,1427,10.00,1,'2019-02-05 00:38:32','2019-02-05 00:38:32','\0'),(1911,'1','Bodega 1',NULL,NULL,1428,10.00,1,'2019-02-05 00:38:32','2019-02-05 00:38:32','\0'),(1912,'1','Bodega 1',NULL,NULL,1429,20.00,1,'2019-02-05 00:38:32','2019-02-05 00:38:32','\0'),(1913,'1','Bodega 1',NULL,NULL,1430,100.00,1,'2019-02-05 00:38:32','2019-02-05 00:38:32','\0'),(1914,'1','Bodega 1',NULL,NULL,1431,0.00,1,'2019-02-05 00:38:32','2019-02-05 00:38:32','\0'),(1915,'1','Bodega 1',NULL,NULL,1432,1.00,1,'2019-02-05 00:38:32','2019-02-05 00:38:32','\0'),(1916,'1','Bodega 1',NULL,NULL,1433,19.00,1,'2019-02-05 00:38:32','2019-02-05 00:38:32','\0'),(1917,'1','Bodega 1',NULL,NULL,1434,58.00,1,'2019-02-05 00:38:32','2019-02-05 00:38:32','\0'),(1918,'1','Bodega 1',NULL,NULL,1435,470.00,1,'2019-02-05 00:38:32','2019-02-05 00:38:32','\0'),(1919,'1','Bodega 1',NULL,NULL,1436,12.00,1,'2019-02-05 00:38:32','2019-02-05 00:38:32','\0'),(1920,'1','Bodega 1',NULL,NULL,1437,12.00,1,'2019-02-05 00:38:32','2019-02-05 00:38:32','\0'),(1921,'1','Bodega 1',NULL,NULL,1438,30.00,1,'2019-02-05 00:38:32','2019-02-05 00:38:32','\0'),(1922,'1','Bodega 1',NULL,NULL,1439,12.00,1,'2019-02-05 00:38:32','2019-02-05 00:38:32','\0'),(1923,'1','Bodega 1',NULL,NULL,1440,3.00,1,'2019-02-05 00:38:32','2019-02-05 00:38:32','\0'),(1924,'1','Bodega 1',NULL,NULL,1441,7.00,1,'2019-02-05 00:38:32','2019-02-05 00:38:32','\0'),(1925,'1','Bodega 1',NULL,NULL,1442,45.69,1,'2019-02-05 00:38:32','2019-02-05 00:38:32','\0'),(1926,'1','Bodega 1',NULL,NULL,1443,14.50,1,'2019-02-05 00:38:32','2019-02-05 00:38:32','\0'),(1927,'1','Bodega 1',NULL,NULL,1444,30.00,1,'2019-02-05 00:38:32','2019-02-05 00:38:32','\0'),(1928,'1','Bodega 1',NULL,NULL,1445,2.00,1,'2019-02-05 00:38:32','2019-02-05 00:38:32','\0'),(1929,'1','Bodega 1',NULL,NULL,1446,9.00,1,'2019-02-05 00:38:32','2019-02-05 00:38:32','\0'),(1930,'1','Bodega 1',NULL,NULL,1447,137.00,1,'2019-02-05 00:38:32','2019-02-05 00:38:32','\0'),(1931,'1','Bodega 1',NULL,NULL,1448,15.00,1,'2019-02-05 00:38:32','2019-02-05 00:38:32','\0'),(1932,'1','Bodega 1',NULL,NULL,1449,0.00,1,'2019-02-05 00:38:32','2019-02-05 00:38:32','\0'),(1933,'1','Bodega 1',NULL,NULL,1450,9.00,1,'2019-02-05 00:38:32','2019-02-05 00:38:32','\0'),(1934,'1','Bodega 1',NULL,NULL,1451,36.00,1,'2019-02-05 00:38:32','2019-02-05 00:38:32','\0'),(1935,'1','Bodega 1',NULL,NULL,1452,0.00,1,'2019-02-05 00:38:32','2019-02-05 00:38:32','\0'),(1936,'1','Bodega 1',NULL,NULL,1453,60.00,1,'2019-02-05 00:38:32','2019-02-05 00:38:32','\0'),(1937,'1','Bodega 1',NULL,NULL,1454,7.00,1,'2019-02-05 00:38:32','2019-02-05 00:38:32','\0'),(1938,'1','Bodega 1',NULL,NULL,1455,25.00,1,'2019-02-05 00:38:32','2019-02-05 00:38:32','\0'),(1939,'1','Bodega 1',NULL,NULL,1456,210.00,1,'2019-02-05 00:38:32','2019-02-05 00:38:32','\0'),(1940,'1','Bodega 1',NULL,NULL,1457,30.00,1,'2019-02-05 00:38:32','2019-02-05 00:38:32','\0'),(1941,'1','Bodega 1',NULL,NULL,1458,73.00,1,'2019-02-05 00:38:32','2019-02-05 00:38:32','\0'),(1942,'1','Bodega 1',NULL,NULL,1459,0.00,1,'2019-02-05 00:38:32','2019-02-05 00:38:32','\0'),(1943,'1','Bodega 1',NULL,NULL,1460,27.00,1,'2019-02-05 00:38:32','2019-02-05 00:38:32','\0'),(1944,'1','Bodega 1',NULL,NULL,1461,205.00,1,'2019-02-05 00:38:32','2019-02-05 00:38:32','\0'),(1945,'1','Bodega 1',NULL,NULL,1462,31.00,1,'2019-02-05 00:38:32','2019-02-05 00:38:32','\0'),(1946,'1','Bodega 1',NULL,NULL,1463,1069.00,1,'2019-02-13 04:11:54','2019-02-13 04:11:54','\0'),(1947,'1','Bodega 1',NULL,NULL,1464,0.00,1,'2019-02-05 00:38:32','2019-02-05 00:38:32','\0'),(1948,'1','Bodega 1',NULL,NULL,1465,0.00,1,'2019-02-05 00:38:32','2019-02-05 00:38:32','\0'),(1949,'1','Bodega 1',NULL,NULL,1466,0.00,1,'2019-02-05 00:38:32','2019-02-05 00:38:32','\0'),(1950,'1','Bodega 1',NULL,NULL,1467,10.00,1,'2019-02-05 00:38:32','2019-02-05 00:38:32','\0'),(1951,'1','Bodega 1',NULL,NULL,1468,25.00,1,'2019-02-05 00:38:32','2019-02-05 00:38:32','\0'),(1952,'1','Bodega 1',NULL,NULL,1469,27.00,1,'2019-02-05 00:38:32','2019-02-05 00:38:32','\0'),(1953,'1','Bodega 1',NULL,NULL,1470,0.00,1,'2019-02-05 00:38:32','2019-02-05 00:38:32','\0'),(1954,'1','Bodega 1',NULL,NULL,1471,4.00,1,'2019-02-05 00:38:32','2019-02-05 00:38:32','\0'),(1955,'1','Bodega 1',NULL,NULL,1472,15.00,1,'2019-02-05 00:38:32','2019-02-05 00:38:32','\0'),(1956,'1','Bodega 1',NULL,NULL,1473,30.00,1,'2019-02-05 00:38:32','2019-02-05 00:38:32','\0'),(1957,'1','Bodega 1',NULL,NULL,1474,27.00,1,'2019-02-05 00:38:32','2019-02-05 00:38:32','\0'),(1958,'1','Bodega 1',NULL,NULL,1475,10.00,1,'2019-02-05 00:38:32','2019-02-05 00:38:32','\0'),(1959,'1','Bodega 1',NULL,NULL,1476,11.00,1,'2019-02-05 00:38:32','2019-02-05 00:38:32','\0'),(1960,'1','Bodega 1',NULL,NULL,1477,972.00,1,'2019-02-05 00:38:32','2019-02-05 00:38:32','\0'),(1961,'1','Bodega 1',NULL,NULL,1478,5.00,1,'2019-02-05 00:38:32','2019-02-05 00:38:32','\0'),(1962,'1','Bodega 1',NULL,NULL,1479,25.00,1,'2019-02-05 00:38:32','2019-02-05 00:38:32','\0'),(1963,'1','Bodega 1',NULL,NULL,1480,8.00,1,'2019-02-05 00:38:32','2019-02-05 00:38:32','\0'),(1964,'1','Bodega 1',NULL,NULL,1481,4.00,1,'2019-02-05 00:38:32','2019-02-05 00:38:32','\0'),(1965,'1','Bodega 1',NULL,NULL,1482,32.00,1,'2019-02-05 00:38:32','2019-02-05 00:38:32','\0'),(1966,'1','Bodega 1',NULL,NULL,1483,0.00,1,'2019-02-05 00:38:32','2019-02-05 00:38:32','\0'),(1967,'1','Bodega 1',NULL,NULL,1484,3.00,1,'2019-02-05 00:38:32','2019-02-05 00:38:32','\0'),(1968,'1','Bodega 1',NULL,NULL,1485,12.00,1,'2019-02-05 00:38:32','2019-02-05 00:38:32','\0'),(1969,'1','Bodega 1',NULL,NULL,1486,33.00,1,'2019-02-05 00:38:32','2019-02-05 00:38:32','\0'),(1970,'1','Bodega 1',NULL,NULL,1487,5.00,1,'2019-02-05 00:38:32','2019-02-05 00:38:32','\0'),(1971,'1','Bodega 1',NULL,NULL,1488,4.00,1,'2019-02-05 00:38:32','2019-02-05 00:38:32','\0'),(1972,'1','Bodega 1',NULL,NULL,1489,17.00,1,'2019-02-05 00:38:32','2019-02-05 00:38:32','\0'),(1973,'1','Bodega 1',NULL,NULL,1490,24.00,1,'2019-02-05 00:38:32','2019-02-05 00:38:32','\0'),(1974,'1','Bodega 1',NULL,NULL,1491,24.00,1,'2019-02-05 00:38:32','2019-02-05 00:38:32','\0'),(1975,'1','Bodega 1',NULL,NULL,1492,11.00,1,'2019-02-05 00:38:32','2019-02-05 00:38:32','\0'),(1976,'1','Bodega 1',NULL,NULL,1493,38.00,1,'2019-02-05 00:38:32','2019-02-05 00:38:32','\0'),(1977,'1','Bodega 1',NULL,NULL,1494,11.00,1,'2019-02-05 00:38:32','2019-02-05 00:38:32','\0'),(1978,'1','Bodega 1',NULL,NULL,1495,15.00,1,'2019-02-05 00:38:32','2019-02-05 00:38:32','\0'),(1979,'1','Bodega 1',NULL,NULL,1496,7.13,1,'2019-02-05 00:38:32','2019-02-05 00:38:32','\0'),(1980,'1','Bodega 1',NULL,NULL,1497,505.00,1,'2019-02-05 00:38:32','2019-02-05 00:38:32','\0'),(1981,'1','Bodega 1',NULL,NULL,1498,1240.00,1,'2019-02-05 00:38:32','2019-02-05 00:38:32','\0'),(1982,'1','Bodega 1',NULL,NULL,1499,4.00,1,'2019-02-05 00:38:32','2019-02-05 00:38:32','\0'),(1983,'1','Bodega 1',NULL,NULL,1500,9.00,1,'2019-02-05 00:38:32','2019-02-05 00:38:32','\0'),(1984,'1','Bodega 1',NULL,NULL,1501,0.00,1,'2019-02-05 00:38:32','2019-02-05 00:38:32','\0'),(1985,'1','Bodega 1',NULL,NULL,1502,0.00,1,'2019-02-05 00:38:32','2019-02-05 00:38:32','\0'),(1986,'1','Bodega 1',NULL,NULL,1503,4.00,1,'2019-02-05 00:38:32','2019-02-05 00:38:32','\0'),(1987,'1','Bodega 1',NULL,NULL,1504,25.00,1,'2019-02-05 00:38:32','2019-02-05 00:38:32','\0'),(1988,'1','Bodega 1',NULL,NULL,1505,2.00,1,'2019-02-05 00:38:32','2019-02-05 00:38:32','\0'),(1989,'1','Bodega 1',NULL,NULL,1506,30.00,1,'2019-02-05 00:38:32','2019-02-05 00:38:32','\0'),(1990,'1','Bodega 1',NULL,NULL,1507,0.00,1,'2019-02-05 00:38:32','2019-02-05 00:38:32','\0'),(1991,'1','Bodega 1',NULL,NULL,1508,18.00,1,'2019-02-05 00:38:32','2019-02-05 00:38:32','\0'),(1992,'1','Bodega 1',NULL,NULL,1509,34.00,1,'2019-02-05 00:38:32','2019-02-05 00:38:32','\0'),(1993,'1','Bodega 1',NULL,NULL,1510,5.00,1,'2019-02-05 00:38:32','2019-02-05 00:38:32','\0'),(1994,'1','Bodega 1',NULL,NULL,1511,21.00,1,'2019-02-05 00:38:32','2019-02-05 00:38:32','\0'),(1995,'1','Bodega 1',NULL,NULL,1512,1.00,1,'2019-02-05 00:38:32','2019-02-05 00:38:32','\0'),(1996,'1','Bodega 1',NULL,NULL,1513,12.00,1,'2019-02-05 00:38:32','2019-02-05 00:38:32','\0'),(1997,'1','Bodega 1',NULL,NULL,1514,11.00,1,'2019-02-05 00:38:32','2019-02-05 00:38:32','\0'),(1998,'1','Bodega 1',NULL,NULL,1515,22.00,1,'2019-02-05 00:38:32','2019-02-05 00:38:32','\0'),(1999,'1','Bodega 1',NULL,NULL,1516,4.00,1,'2019-02-05 00:38:32','2019-02-05 00:38:32','\0'),(2000,'1','Bodega 1',NULL,NULL,1517,4.00,1,'2019-02-05 00:38:32','2019-02-05 00:38:32','\0'),(2001,'1','Bodega 1',NULL,NULL,1518,3.00,1,'2019-02-05 00:38:32','2019-02-05 00:38:32','\0'),(2002,'1','Bodega 1',NULL,NULL,1519,47.00,1,'2019-02-05 00:38:32','2019-02-05 00:38:32','\0'),(2003,'1','Bodega 1',NULL,NULL,1520,60.00,1,'2019-02-05 00:38:32','2019-02-05 00:38:32','\0'),(2004,'1','Bodega 1',NULL,NULL,1521,0.00,1,'2019-02-05 00:38:32','2019-02-05 00:38:32','\0'),(2005,'1','Bodega 1',NULL,NULL,1522,1235.00,1,'2019-02-05 00:38:32','2019-02-05 00:38:32','\0'),(2006,'1','Bodega 1',NULL,NULL,1523,4.00,1,'2019-02-05 00:38:32','2019-02-05 00:38:32','\0'),(2007,'1','Bodega 1',NULL,NULL,1524,10.00,1,'2019-02-05 00:38:32','2019-02-05 00:38:32','\0'),(2008,'1','Bodega 1',NULL,NULL,1525,0.00,1,'2019-02-05 00:38:32','2019-02-05 00:38:32','\0'),(2009,'1','Bodega 1',NULL,NULL,1526,6.00,1,'2019-02-05 00:38:32','2019-02-05 00:38:32','\0'),(2010,'1','Bodega 1',NULL,NULL,1527,0.00,1,'2019-02-05 00:38:32','2019-02-05 00:38:32','\0'),(2011,'1','Bodega 1',NULL,NULL,1528,4.00,1,'2019-02-05 00:38:32','2019-02-05 00:38:32','\0'),(2012,'1','Bodega 1',NULL,NULL,1529,0.00,1,'2019-02-05 00:38:32','2019-02-05 00:38:32','\0'),(2013,'1','Bodega 1',NULL,NULL,1530,0.00,1,'2019-02-05 00:38:32','2019-02-05 00:38:32','\0'),(2014,'1','Bodega 1',NULL,NULL,1531,6.00,1,'2019-02-05 00:38:32','2019-02-05 00:38:32','\0'),(2015,'1','Bodega 1',NULL,NULL,1532,20.00,1,'2019-02-05 00:38:32','2019-02-05 00:38:32','\0'),(2016,'1','Bodega 1',NULL,NULL,1533,0.00,1,'2019-02-05 00:38:32','2019-02-05 00:38:32','\0'),(2017,'1','Bodega 1',NULL,NULL,1534,0.00,1,'2019-02-05 00:38:32','2019-02-05 00:38:32','\0'),(2018,'1','Bodega 1',NULL,NULL,1535,10.00,1,'2019-02-05 00:38:32','2019-02-05 00:38:32','\0'),(2019,'1','Bodega 1',NULL,NULL,1536,3.00,1,'2019-02-05 00:38:32','2019-02-05 00:38:32','\0'),(2020,'1','Bodega 1',NULL,NULL,1537,0.00,1,'2019-02-05 00:38:32','2019-02-05 00:38:32','\0'),(2021,'1','Bodega 1',NULL,NULL,1538,1.00,1,'2019-02-05 00:38:32','2019-02-05 00:38:32','\0'),(2022,'1','Bodega 1',NULL,NULL,1539,0.00,1,'2019-02-05 00:38:32','2019-02-05 00:38:32','\0'),(2023,'1','Bodega 1',NULL,NULL,1540,0.00,1,'2019-02-05 00:38:32','2019-02-05 00:38:32','\0'),(2024,'1','Bodega 1',NULL,NULL,1541,6.00,1,'2019-02-05 00:38:32','2019-02-05 00:38:32','\0'),(2025,'1','Bodega 1',NULL,NULL,1542,60.00,1,'2019-02-05 00:38:32','2019-02-05 00:38:32','\0'),(2026,'1','Bodega 1',NULL,NULL,1543,3.00,1,'2019-02-05 00:38:32','2019-02-05 00:38:32','\0'),(2027,'1','Bodega 1',NULL,NULL,1544,49.00,1,'2019-02-05 00:38:32','2019-02-05 00:38:32','\0'),(2028,'1','Bodega 1',NULL,NULL,1545,22.00,1,'2019-02-05 00:38:32','2019-02-05 00:38:32','\0'),(2029,'1','Bodega 1',NULL,NULL,1546,13.00,1,'2019-02-05 00:38:32','2019-02-05 00:38:32','\0'),(2030,'1','Bodega 1',NULL,NULL,1547,28.00,1,'2019-02-05 00:38:32','2019-02-05 00:38:32','\0'),(2031,'1','Bodega 1',NULL,NULL,1548,0.00,1,'2019-02-05 00:38:32','2019-02-05 00:38:32','\0'),(2032,'1','Bodega 1',NULL,NULL,1549,36.00,1,'2019-02-05 00:38:32','2019-02-05 00:38:32','\0'),(2033,'1','Bodega 1',NULL,NULL,1550,102.00,1,'2019-02-05 00:38:32','2019-02-05 00:38:32','\0'),(2034,'1','Bodega 1',NULL,NULL,1551,17.00,1,'2019-02-05 00:38:32','2019-02-05 00:38:32','\0'),(2035,'1','Bodega 1',NULL,NULL,1552,43.00,1,'2019-02-05 00:38:32','2019-02-05 00:38:32','\0'),(2036,'1','Bodega 1',NULL,NULL,1553,445.00,1,'2019-02-05 00:38:32','2019-02-05 00:38:32','\0'),(2037,'1','Bodega 1',NULL,NULL,1554,36.00,1,'2019-02-05 00:38:32','2019-02-05 00:38:32','\0'),(2038,'1','Bodega 1',NULL,NULL,1555,7.00,1,'2019-02-05 00:38:32','2019-02-05 00:38:32','\0'),(2039,'1','Bodega 1',NULL,NULL,1556,0.00,1,'2019-02-05 00:38:32','2019-02-05 00:38:32','\0'),(2040,'1','Bodega 1',NULL,NULL,1557,2.00,1,'2019-02-05 00:38:32','2019-02-05 00:38:32','\0'),(2041,'1','Bodega 1',NULL,NULL,1558,8.00,1,'2019-02-05 00:38:32','2019-02-05 00:38:32','\0'),(2042,'1','Bodega 1',NULL,NULL,1559,2.00,1,'2019-02-05 00:38:32','2019-02-05 00:38:32','\0'),(2043,'1','Bodega 1',NULL,NULL,1560,30.00,1,'2019-02-05 00:38:32','2019-02-05 00:38:32','\0'),(2044,'1','Bodega 1',NULL,NULL,1561,49.00,1,'2019-02-05 00:38:32','2019-02-05 00:38:32','\0'),(2045,'1','Bodega 1',NULL,NULL,1562,4.00,1,'2019-02-05 00:38:32','2019-02-05 00:38:32','\0'),(2046,'1','Bodega 1',NULL,NULL,1563,0.00,1,'2019-02-05 00:38:32','2019-02-05 00:38:32','\0'),(2047,'1','Bodega 1',NULL,NULL,1564,0.00,1,'2019-02-05 00:38:32','2019-02-05 00:38:32','\0'),(2048,'1','Bodega 1',NULL,NULL,1565,18.00,1,'2019-02-05 00:38:32','2019-02-05 00:38:32','\0'),(2049,'1','Bodega 1',NULL,NULL,1566,2.00,1,'2019-02-05 00:38:32','2019-02-05 00:38:32','\0'),(2050,'1','Bodega 1',NULL,NULL,1567,7.00,1,'2019-02-05 00:38:32','2019-02-05 00:38:32','\0'),(2051,'1','Bodega 1',NULL,NULL,1568,2.00,1,'2019-02-05 00:38:32','2019-02-05 00:38:32','\0'),(2052,'1','Bodega 1',NULL,NULL,1569,0.00,1,'2019-02-05 00:38:32','2019-02-05 00:38:32','\0'),(2053,'1','Bodega 1',NULL,NULL,1570,32.00,1,'2019-02-05 00:38:32','2019-02-05 00:38:32','\0'),(2054,'1','Bodega 1',NULL,NULL,1571,0.00,1,'2019-02-05 00:38:32','2019-02-05 00:38:32','\0'),(2055,'1','Bodega 1',NULL,NULL,1572,70.00,1,'2019-02-05 00:38:32','2019-02-05 00:38:32','\0'),(2056,'1','Bodega 1',NULL,NULL,1573,11.00,1,'2019-02-05 00:38:32','2019-02-05 00:38:32','\0'),(2057,'1','Bodega 1',NULL,NULL,1574,5.00,1,'2019-02-05 00:38:32','2019-02-05 00:38:32','\0'),(2058,'1','Bodega 1',NULL,NULL,1575,0.00,1,'2019-02-05 00:38:32','2019-02-05 00:38:32','\0'),(2059,'1','Bodega 1',NULL,NULL,1576,633.00,1,'2019-02-05 00:38:32','2019-02-05 00:38:32','\0'),(2060,'1','Bodega 1',NULL,NULL,1577,538.00,1,'2019-02-05 00:38:32','2019-02-05 00:38:32','\0'),(2061,'1','Bodega 1',NULL,NULL,1578,4.00,1,'2019-02-05 00:38:32','2019-02-05 00:38:32','\0'),(2062,'1','Bodega 1',NULL,NULL,1579,73.00,1,'2019-02-05 00:38:32','2019-02-05 00:38:32','\0'),(2063,'1','Bodega 1',NULL,NULL,1580,11.00,1,'2019-02-05 00:38:32','2019-02-05 00:38:32','\0'),(2064,'1','Bodega 1',NULL,NULL,1581,12.00,1,'2019-02-05 00:38:32','2019-02-05 00:38:32','\0'),(2065,'1','Bodega 1',NULL,NULL,1582,41.00,1,'2019-02-05 00:38:32','2019-02-05 00:38:32','\0'),(2066,'1','Bodega 1',NULL,NULL,1583,2.00,1,'2019-02-05 00:38:32','2019-02-05 00:38:32','\0'),(2067,'1','Bodega 1',NULL,NULL,1584,50.00,1,'2019-02-05 00:38:32','2019-02-05 00:38:32','\0'),(2068,'1','Bodega 1',NULL,NULL,1585,7.00,1,'2019-02-05 00:38:32','2019-02-05 00:38:32','\0'),(2069,'1','Bodega 1',NULL,NULL,1586,7.00,1,'2019-02-05 00:38:32','2019-02-05 00:38:32','\0'),(2070,'1','Bodega 1',NULL,NULL,1587,3.00,1,'2019-02-05 00:38:32','2019-02-05 00:38:32','\0'),(2071,'1','Bodega 1',NULL,NULL,1588,94.00,1,'2019-02-05 00:38:32','2019-02-05 00:38:32','\0'),(2072,'1','Bodega 1',NULL,NULL,1589,40.00,1,'2019-02-05 00:38:32','2019-02-05 00:38:32','\0'),(2073,'1','Bodega 1',NULL,NULL,1590,0.00,1,'2019-02-05 00:38:32','2019-02-05 00:38:32','\0'),(2074,'1','Bodega 1',NULL,NULL,1591,0.00,1,'2019-02-05 00:38:32','2019-02-05 00:38:32','\0'),(2075,'1','Bodega 1',NULL,NULL,1592,0.00,1,'2019-02-05 00:38:32','2019-02-05 00:38:32','\0'),(2076,'1','Bodega 1',NULL,NULL,1593,2.00,1,'2019-02-05 00:38:32','2019-02-05 00:38:32','\0'),(2077,'1','Bodega 1',NULL,NULL,1594,6.00,1,'2019-02-05 00:38:32','2019-02-05 00:38:32','\0'),(2078,'1','Bodega 1',NULL,NULL,1595,2.00,1,'2019-02-05 00:38:32','2019-02-05 00:38:32','\0'),(2079,'1','Bodega 1',NULL,NULL,1596,12.00,1,'2019-02-05 00:38:32','2019-02-05 00:38:32','\0'),(2080,'1','Bodega 1',NULL,NULL,1597,22.00,1,'2019-02-05 00:38:32','2019-02-05 00:38:32','\0'),(2081,'1','Bodega 1',NULL,NULL,1598,21.00,1,'2019-02-05 00:38:32','2019-02-05 00:38:32','\0'),(2082,'1','Bodega 1',NULL,NULL,1599,7.00,1,'2019-02-05 00:38:32','2019-02-05 00:38:32','\0'),(2083,'1','Bodega 1',NULL,NULL,1600,15.00,1,'2019-02-05 00:38:32','2019-02-05 00:38:32','\0'),(2084,'1','Bodega 1',NULL,NULL,1601,21.00,1,'2019-02-05 00:38:32','2019-02-05 00:38:32','\0'),(2085,'1','Bodega 1',NULL,NULL,1602,18.00,1,'2019-02-05 00:38:32','2019-02-05 00:38:32','\0'),(2086,'1','Bodega 1',NULL,NULL,1603,2.00,1,'2019-02-05 00:38:32','2019-02-05 00:38:32','\0'),(2087,'1','Bodega 1',NULL,NULL,1604,11.00,1,'2019-02-05 00:38:32','2019-02-05 00:38:32','\0'),(2088,'1','Bodega 1',NULL,NULL,1605,0.00,1,'2019-02-05 00:38:32','2019-02-05 00:38:32','\0'),(2089,'1','Bodega 1',NULL,NULL,1606,16.00,1,'2019-02-05 00:38:32','2019-02-05 00:38:32','\0'),(2090,'1','Bodega 1',NULL,NULL,1607,7.00,1,'2019-02-05 00:38:32','2019-02-05 00:38:32','\0'),(2091,'1','Bodega 1',NULL,NULL,1608,0.00,1,'2019-02-05 00:38:32','2019-02-05 00:38:32','\0'),(2092,'1','Bodega 1',NULL,NULL,1609,16.00,1,'2019-02-05 00:38:32','2019-02-05 00:38:32','\0'),(2093,'1','Bodega 1',NULL,NULL,1610,29.00,1,'2019-02-05 00:38:32','2019-02-05 00:38:32','\0'),(2094,'1','Bodega 1',NULL,NULL,1611,0.00,1,'2019-02-05 00:38:32','2019-02-05 00:38:32','\0'),(2095,'1','Bodega 1',NULL,NULL,1612,0.00,1,'2019-02-05 00:38:32','2019-02-05 00:38:32','\0'),(2096,'1','Bodega 1',NULL,NULL,1613,11.00,1,'2019-02-05 00:38:32','2019-02-05 00:38:32','\0'),(2097,'1','Bodega 1',NULL,NULL,1614,0.00,1,'2019-02-05 00:38:32','2019-02-05 00:38:32','\0'),(2098,'1','Bodega 1',NULL,NULL,1615,3.00,1,'2019-02-05 00:38:32','2019-02-05 00:38:32','\0'),(2099,'1','Bodega 1',NULL,NULL,1616,4.00,1,'2019-02-05 00:38:32','2019-02-05 00:38:32','\0'),(2100,'1','Bodega 1',NULL,NULL,1617,1.00,1,'2019-02-05 00:38:32','2019-02-05 00:38:32','\0'),(2101,'1','Bodega 1',NULL,NULL,1618,0.00,1,'2019-02-05 00:38:32','2019-02-05 00:38:32','\0'),(2102,'1','Bodega 1',NULL,NULL,1619,82.00,1,'2019-02-05 00:38:32','2019-02-05 00:38:32','\0'),(2103,'1','Bodega 1',NULL,NULL,1620,50.00,1,'2019-02-05 00:38:32','2019-02-05 00:38:32','\0'),(2104,'1','Bodega 1',NULL,NULL,1621,8.00,1,'2019-02-05 00:38:32','2019-02-05 00:38:32','\0'),(2105,'1','Bodega 1',NULL,NULL,1622,45.00,1,'2019-02-05 00:38:32','2019-02-05 00:38:32','\0'),(2106,'1','Bodega 1',NULL,NULL,1623,95.00,1,'2019-02-05 00:38:32','2019-02-05 00:38:32','\0'),(2107,'1','Bodega 1',NULL,NULL,1624,73.00,1,'2019-02-05 00:38:32','2019-02-05 00:38:32','\0'),(2108,'1','Bodega 1',NULL,NULL,1625,14.00,1,'2019-02-05 00:38:32','2019-02-05 00:38:32','\0'),(2109,'1','Bodega 1',NULL,NULL,1626,47.00,1,'2019-02-05 00:38:32','2019-02-05 00:38:32','\0'),(2110,'1','Bodega 1',NULL,NULL,1627,61.00,1,'2019-02-05 00:38:32','2019-02-05 00:38:32','\0'),(2111,'1','Bodega 1',NULL,NULL,1628,63.00,1,'2019-02-05 00:38:32','2019-02-05 00:38:32','\0'),(2112,'1','Bodega 1',NULL,NULL,1629,7.00,1,'2019-02-05 00:38:32','2019-02-05 00:38:32','\0'),(2113,'1','Bodega 1',NULL,NULL,1630,31.00,1,'2019-02-05 00:38:32','2019-02-05 00:38:32','\0'),(2114,'1','Bodega 1',NULL,NULL,1631,9.00,1,'2019-02-05 00:38:32','2019-02-05 00:38:32','\0'),(2115,'1','Bodega 1',NULL,NULL,1632,6.00,1,'2019-02-05 00:38:32','2019-02-05 00:38:32','\0'),(2116,'1','Bodega 1',NULL,NULL,1633,36.00,1,'2019-02-05 00:38:32','2019-02-05 00:38:32','\0'),(2117,'1','Bodega 1',NULL,NULL,1634,17795.00,1,'2019-02-05 00:38:32','2019-02-05 00:38:32','\0'),(2118,'1','Bodega 1',NULL,NULL,1635,0.00,1,'2019-02-05 00:38:32','2019-02-05 00:38:32','\0'),(2119,'1','Bodega 1',NULL,NULL,1636,7.00,1,'2019-02-05 00:38:32','2019-02-05 00:38:32','\0'),(2120,'1','Bodega 1',NULL,NULL,1637,25.00,1,'2019-02-05 00:38:32','2019-02-05 00:38:32','\0'),(2121,'1','Bodega 1',NULL,NULL,1638,10.00,1,'2019-02-05 00:38:32','2019-02-05 00:38:32','\0'),(2122,'1','Bodega 1',NULL,NULL,1639,20.00,1,'2019-02-05 00:38:32','2019-02-05 00:38:32','\0'),(2123,'1','Bodega 1',NULL,NULL,1640,4.00,1,'2019-02-05 00:38:32','2019-02-05 00:38:32','\0'),(2124,'1','Bodega 1',NULL,NULL,1641,5.00,1,'2019-02-05 00:38:32','2019-02-05 00:38:32','\0'),(2125,'1','Bodega 1',NULL,NULL,1642,10.00,1,'2019-02-05 00:38:32','2019-02-05 00:38:32','\0'),(2126,'1','Bodega 1',NULL,NULL,1643,1.50,1,'2019-02-05 00:38:32','2019-02-05 00:38:32','\0'),(2127,'1','Bodega 1',NULL,NULL,1644,87.78,1,'2019-02-05 00:38:32','2019-02-05 00:38:32','\0'),(2128,'1','Bodega 1',NULL,NULL,1645,23.00,1,'2019-02-05 00:38:32','2019-02-05 00:38:32','\0'),(2129,'1','Bodega 1',NULL,NULL,1646,27.00,1,'2019-02-05 00:38:32','2019-02-05 00:38:32','\0'),(2130,'1','Bodega 1',NULL,NULL,1647,0.00,1,'2019-02-05 00:38:32','2019-02-05 00:38:32','\0'),(2131,'1','Bodega 1',NULL,NULL,1648,14.00,1,'2019-02-05 00:38:32','2019-02-05 00:38:32','\0'),(2132,'1','Bodega 1',NULL,NULL,1649,5.00,1,'2019-02-05 00:38:32','2019-02-05 00:38:32','\0'),(2133,'1','Bodega 1',NULL,NULL,1650,0.00,1,'2019-02-05 00:38:32','2019-02-05 00:38:32','\0'),(2134,'1','Bodega 1',NULL,NULL,1651,0.00,1,'2019-02-05 00:38:32','2019-02-05 00:38:32','\0'),(2135,'1','Bodega 1',NULL,NULL,1652,3.00,1,'2019-02-05 00:38:32','2019-02-05 00:38:32','\0'),(2136,'1','Bodega 1',NULL,NULL,1653,36.00,1,'2019-02-05 00:38:32','2019-02-05 00:38:32','\0'),(2137,'1','Bodega 1',NULL,NULL,1654,0.00,1,'2019-02-05 00:38:32','2019-02-05 00:38:32','\0'),(2138,'1','Bodega 1',NULL,NULL,1655,5.00,1,'2019-02-05 00:38:32','2019-02-05 00:38:32','\0'),(2139,'1','Bodega 1',NULL,NULL,1656,71.00,1,'2019-02-05 00:38:32','2019-02-05 00:38:32','\0'),(2140,'1','Bodega 1',NULL,NULL,1657,0.00,1,'2019-02-05 00:38:32','2019-02-05 00:38:32','\0'),(2141,'1','Bodega 1',NULL,NULL,1658,32.00,1,'2019-02-05 00:38:32','2019-02-05 00:38:32','\0'),(2142,'1','Bodega 1',NULL,NULL,1659,5.00,1,'2019-02-05 00:38:32','2019-02-05 00:38:32','\0'),(2143,'1','Bodega 1',NULL,NULL,1660,0.00,1,'2019-02-05 00:38:32','2019-02-05 00:38:32','\0'),(2144,'1','Bodega 1',NULL,NULL,1661,5.00,1,'2019-02-05 00:38:32','2019-02-05 00:38:32','\0'),(2145,'1','Bodega 1',NULL,NULL,1662,0.00,1,'2019-02-05 00:38:32','2019-02-05 00:38:32','\0'),(2146,'1','Bodega 1',NULL,NULL,1663,12.00,1,'2019-02-05 00:38:32','2019-02-05 00:38:32','\0'),(2147,'1','Bodega 1',NULL,NULL,1664,0.00,1,'2019-02-05 00:38:32','2019-02-05 00:38:32','\0'),(2148,'1','Bodega 1',NULL,NULL,1665,12.00,1,'2019-02-05 00:38:32','2019-02-05 00:38:32','\0'),(2149,'1','Bodega 1',NULL,NULL,1666,4.00,1,'2019-02-05 00:38:32','2019-02-05 00:38:32','\0'),(2150,'1','Bodega 1',NULL,NULL,1667,0.00,1,'2019-02-05 00:38:32','2019-02-05 00:38:32','\0'),(2151,'1','Bodega 1',NULL,NULL,1668,68.00,1,'2019-02-05 00:38:32','2019-02-05 00:38:32','\0'),(2152,'1','Bodega 1',NULL,NULL,1669,14.00,1,'2019-02-05 00:38:32','2019-02-05 00:38:32','\0'),(2153,'1','Bodega 1',NULL,NULL,1670,2.00,1,'2019-02-05 00:38:32','2019-02-05 00:38:32','\0'),(2154,'1','Bodega 1',NULL,NULL,1671,5.00,1,'2019-02-05 00:38:32','2019-02-05 00:38:32','\0'),(2155,'1','Bodega 1',NULL,NULL,1672,15.00,1,'2019-02-05 00:38:32','2019-02-05 00:38:32','\0'),(2156,'1','Bodega 1',NULL,NULL,1673,4.00,1,'2019-02-05 00:38:32','2019-02-05 00:38:32','\0'),(2157,'1','Bodega 1',NULL,NULL,1674,3.00,1,'2019-02-05 00:38:32','2019-02-05 00:38:32','\0'),(2158,'1','Bodega 1',NULL,NULL,1675,9.00,1,'2019-02-05 00:38:32','2019-02-05 00:38:32','\0'),(2159,'1','Bodega 1',NULL,NULL,1676,71.00,1,'2019-02-05 00:38:32','2019-02-05 00:38:32','\0'),(2160,'1','Bodega 1',NULL,NULL,1677,10.00,1,'2019-02-05 00:38:32','2019-02-05 00:38:32','\0'),(2161,'1','Bodega 1',NULL,NULL,1678,1.00,1,'2019-02-05 00:38:32','2019-02-05 00:38:32','\0'),(2162,'1','Bodega 1',NULL,NULL,1679,2.00,1,'2019-02-05 00:38:32','2019-02-05 00:38:32','\0'),(2163,'1','Bodega 1',NULL,NULL,1680,19.00,1,'2019-02-05 00:38:32','2019-02-05 00:38:32','\0'),(2164,'1','Bodega 1',NULL,NULL,1681,2.00,1,'2019-02-05 00:38:32','2019-02-05 00:38:32','\0'),(2165,'1','Bodega 1',NULL,NULL,1682,0.00,1,'2019-02-05 00:38:32','2019-02-05 00:38:32','\0'),(2166,'1','Bodega 1',NULL,NULL,1683,11.00,1,'2019-02-05 00:38:32','2019-02-05 00:38:32','\0'),(2167,'1','Bodega 1',NULL,NULL,1684,6.00,1,'2019-02-05 00:38:32','2019-02-05 00:38:32','\0'),(2168,'1','Bodega 1',NULL,NULL,1685,0.00,1,'2019-02-05 00:38:32','2019-02-05 00:38:32','\0'),(2169,'1','Bodega 1',NULL,NULL,1686,14.00,1,'2019-02-05 00:38:32','2019-02-05 00:38:32','\0'),(2170,'1','Bodega 1',NULL,NULL,1687,6.00,1,'2019-02-05 00:38:32','2019-02-05 00:38:32','\0'),(2171,'1','Bodega 1',NULL,NULL,1688,10.00,1,'2019-02-05 00:38:32','2019-02-05 00:38:32','\0'),(2172,'1','Bodega 1',NULL,NULL,1689,28.00,1,'2019-02-05 00:38:32','2019-02-05 00:38:32','\0'),(2173,'1','Bodega 1',NULL,NULL,1690,16.00,1,'2019-02-05 00:38:32','2019-02-05 00:38:32','\0'),(2174,'1','Bodega 1',NULL,NULL,1691,19.00,1,'2019-02-05 00:38:32','2019-02-05 00:38:32','\0'),(2175,'1','Bodega 1',NULL,NULL,1692,0.00,1,'2019-02-05 00:38:32','2019-02-05 00:38:32','\0'),(2176,'1','Bodega 1',NULL,NULL,1693,1.00,1,'2019-02-05 00:38:32','2019-02-05 00:38:32','\0'),(2177,'1','Bodega 1',NULL,NULL,1694,28.00,1,'2019-02-05 00:38:32','2019-02-05 00:38:32','\0'),(2178,'1','Bodega 1',NULL,NULL,1695,57.00,1,'2019-02-05 00:38:32','2019-02-05 00:38:32','\0'),(2179,'1','Bodega 1',NULL,NULL,1696,0.00,1,'2019-02-05 00:38:32','2019-02-05 00:38:32','\0'),(2180,'1','Bodega 1',NULL,NULL,1697,8.00,1,'2019-02-05 00:38:32','2019-02-05 00:38:32','\0'),(2181,'1','Bodega 1',NULL,NULL,1698,28.00,1,'2019-02-05 00:38:32','2019-02-05 00:38:32','\0'),(2182,'1','Bodega 1',NULL,NULL,1699,0.00,1,'2019-02-05 00:38:32','2019-02-05 00:38:32','\0'),(2183,'1','Bodega 1',NULL,NULL,1700,5.00,1,'2019-02-05 00:38:32','2019-02-05 00:38:32','\0'),(2184,'1','Bodega 1',NULL,NULL,1701,4.00,1,'2019-02-05 00:38:32','2019-02-05 00:38:32','\0'),(2185,'1','Bodega 1',NULL,NULL,1702,0.00,1,'2019-02-05 00:38:32','2019-02-05 00:38:32','\0'),(2186,'1','Bodega 1',NULL,NULL,1703,12.00,1,'2019-02-05 00:38:32','2019-02-05 00:38:32','\0'),(2187,'1','Bodega 1',NULL,NULL,1704,15.00,1,'2019-02-05 00:38:32','2019-02-05 00:38:32','\0'),(2188,'1','Bodega 1',NULL,NULL,1705,14.00,1,'2019-02-05 00:38:32','2019-02-05 00:38:32','\0'),(2189,'1','Bodega 1',NULL,NULL,1706,23.00,1,'2019-02-05 00:38:32','2019-02-05 00:38:32','\0'),(2190,'1','Bodega 1',NULL,NULL,1707,12.00,1,'2019-02-05 00:38:32','2019-02-05 00:38:32','\0'),(2191,'1','Bodega 1',NULL,NULL,1708,1.00,1,'2019-02-05 00:38:32','2019-02-05 00:38:32','\0'),(2192,'1','Bodega 1',NULL,NULL,1709,17.00,1,'2019-02-05 00:38:32','2019-02-05 00:38:32','\0'),(2193,'1','Bodega 1',NULL,NULL,1710,12.00,1,'2019-02-05 00:38:32','2019-02-05 00:38:32','\0'),(2194,'1','Bodega 1',NULL,NULL,1711,1.00,1,'2019-02-05 00:38:32','2019-02-05 00:38:32','\0'),(2195,'1','Bodega 1',NULL,NULL,1712,5.00,1,'2019-02-05 00:38:32','2019-02-05 00:38:32','\0'),(2196,'1','Bodega 1',NULL,NULL,1713,0.00,1,'2019-02-05 00:38:32','2019-02-05 00:38:32','\0'),(2197,'1','Bodega 1',NULL,NULL,1714,3.00,1,'2019-02-05 00:38:32','2019-02-05 00:38:32','\0'),(2198,'1','Bodega 1',NULL,NULL,1715,5.00,1,'2019-02-05 00:38:32','2019-02-05 00:38:32','\0'),(2199,'1','Bodega 1',NULL,NULL,1716,0.00,1,'2019-02-05 00:38:32','2019-02-05 00:38:32','\0'),(2200,'1','Bodega 1',NULL,NULL,1717,2.00,1,'2019-02-05 00:38:32','2019-02-05 00:38:32','\0'),(2201,'1','Bodega 1',NULL,NULL,1718,7.00,1,'2019-02-05 00:38:32','2019-02-05 00:38:32','\0'),(2202,'1','Bodega 1',NULL,NULL,1719,16.00,1,'2019-02-05 00:38:32','2019-02-05 00:38:32','\0'),(2203,'1','Bodega 1',NULL,NULL,1720,0.00,1,'2019-02-05 00:38:32','2019-02-05 00:38:32','\0'),(2204,'1','Bodega 1',NULL,NULL,1721,4.00,1,'2019-02-05 00:38:32','2019-02-05 00:38:32','\0'),(2205,'1','Bodega 1',NULL,NULL,1722,4.00,1,'2019-02-05 00:38:32','2019-02-05 00:38:32','\0'),(2206,'1','Bodega 1',NULL,NULL,1723,27.00,1,'2019-02-05 00:38:32','2019-02-05 00:38:32','\0'),(2207,'1','Bodega 1',NULL,NULL,1724,276.00,1,'2019-02-05 00:38:32','2019-02-05 00:38:32','\0'),(2208,'1','Bodega 1',NULL,NULL,1725,19.00,1,'2019-02-05 00:38:32','2019-02-05 00:38:32','\0'),(2209,'1','Bodega 1',NULL,NULL,1726,0.00,1,'2019-02-05 00:38:32','2019-02-05 00:38:32','\0'),(2210,'1','Bodega 1',NULL,NULL,1727,3.00,1,'2019-02-05 00:38:32','2019-02-05 00:38:32','\0'),(2211,'1','Bodega 1',NULL,NULL,1728,0.00,1,'2019-02-05 00:38:32','2019-02-05 00:38:32','\0'),(2212,'1','Bodega 1',NULL,NULL,1729,45.00,1,'2019-02-05 00:38:32','2019-02-05 00:38:32','\0'),(2213,'1','Bodega 1',NULL,NULL,1730,24.00,1,'2019-02-05 00:38:32','2019-02-05 00:38:32','\0'),(2214,'1','Bodega 1',NULL,NULL,1731,0.00,1,'2019-02-05 00:38:32','2019-02-05 00:38:32','\0'),(2215,'1','Bodega 1',NULL,NULL,1732,5.00,1,'2019-02-05 00:38:32','2019-02-05 00:38:32','\0'),(2216,'1','Bodega 1',NULL,NULL,1733,0.00,1,'2019-02-05 00:38:32','2019-02-05 00:38:32','\0'),(2217,'1','Bodega 1',NULL,NULL,1734,0.00,1,'2019-02-05 00:38:32','2019-02-05 00:38:32','\0'),(2218,'1','Bodega 1',NULL,NULL,1735,6.00,1,'2019-02-05 00:38:32','2019-02-05 00:38:32','\0'),(2219,'1','Bodega 1',NULL,NULL,1736,98.00,1,'2019-02-05 00:38:32','2019-02-05 00:38:32','\0'),(2220,'1','Bodega 1',NULL,NULL,1737,115.00,1,'2019-02-05 00:38:32','2019-02-05 00:38:32','\0'),(2221,'1','Bodega 1',NULL,NULL,1738,0.00,1,'2019-02-05 00:38:32','2019-02-05 00:38:32','\0'),(2222,'1','Bodega 1',NULL,NULL,1739,0.00,1,'2019-02-05 00:38:32','2019-02-05 00:38:32','\0'),(2223,'1','Bodega 1',NULL,NULL,1740,18.00,1,'2019-02-05 00:38:32','2019-02-05 00:38:32','\0'),(2224,'1','Bodega 1',NULL,NULL,1741,81.00,1,'2019-02-05 00:38:32','2019-02-05 00:38:32','\0'),(2225,'1','Bodega 1',NULL,NULL,1742,17.00,1,'2019-02-05 00:38:32','2019-02-05 00:38:32','\0'),(2226,'1','Bodega 1',NULL,NULL,1743,11.00,1,'2019-02-05 00:38:32','2019-02-05 00:38:32','\0'),(2227,'1','Bodega 1',NULL,NULL,1744,4.00,1,'2019-02-05 00:38:32','2019-02-05 00:38:32','\0'),(2228,'1','Bodega 1',NULL,NULL,1745,5.00,1,'2019-02-05 00:38:32','2019-02-05 00:38:32','\0'),(2229,'1','Bodega 1',NULL,NULL,1746,0.00,1,'2019-02-05 00:38:32','2019-02-05 00:38:32','\0'),(2230,'1','Bodega 1',NULL,NULL,1747,11.00,1,'2019-02-05 00:38:32','2019-02-05 00:38:32','\0'),(2231,'1','Bodega 1',NULL,NULL,1748,0.00,1,'2019-02-05 00:38:32','2019-02-05 00:38:32','\0'),(2232,'1','Bodega 1',NULL,NULL,1749,9.00,1,'2019-02-05 00:38:32','2019-02-05 00:38:32','\0'),(2233,'1','Bodega 1',NULL,NULL,1750,7.00,1,'2019-02-05 00:38:32','2019-02-05 00:38:32','\0'),(2234,'1','Bodega 1',NULL,NULL,1751,2.00,1,'2019-02-05 00:38:32','2019-02-05 00:38:32','\0'),(2235,'1','Bodega 1',NULL,NULL,1752,7.00,1,'2019-02-05 00:38:32','2019-02-05 00:38:32','\0'),(2236,'1','Bodega 1',NULL,NULL,1753,19.00,1,'2019-02-05 00:38:32','2019-02-05 00:38:32','\0'),(2237,'1','Bodega 1',NULL,NULL,1754,2.00,1,'2019-02-05 00:38:32','2019-02-05 00:38:32','\0'),(2238,'1','Bodega 1',NULL,NULL,1755,5.00,1,'2019-02-05 00:38:32','2019-02-05 00:38:32','\0'),(2239,'1','Bodega 1',NULL,NULL,1756,78.00,1,'2019-02-05 00:38:32','2019-02-05 00:38:32','\0'),(2240,'1','Bodega 1',NULL,NULL,1757,0.00,1,'2019-02-05 00:38:32','2019-02-05 00:38:32','\0'),(2241,'1','Bodega 1',NULL,NULL,1758,0.00,1,'2019-02-05 00:38:32','2019-02-05 00:38:32','\0'),(2242,'1','Bodega 1',NULL,NULL,1759,2.00,1,'2019-02-05 00:38:32','2019-02-05 00:38:32','\0'),(2243,'1','Bodega 1',NULL,NULL,1760,16.00,1,'2019-02-05 00:38:32','2019-02-05 00:38:32','\0'),(2244,'1','Bodega 1',NULL,NULL,1761,237.00,1,'2019-02-05 00:38:32','2019-02-05 00:38:32','\0'),(2245,'1','Bodega 1',NULL,NULL,1762,8.00,1,'2019-02-05 00:38:32','2019-02-05 00:38:32','\0'),(2246,'1','Bodega 1',NULL,NULL,1763,3.00,1,'2019-02-05 00:38:32','2019-02-05 00:38:32','\0'),(2247,'1','Bodega 1',NULL,NULL,1764,17.00,1,'2019-02-05 00:38:32','2019-02-05 00:38:32','\0'),(2248,'1','Bodega 1',NULL,NULL,1765,4.00,1,'2019-02-05 00:38:32','2019-02-05 00:38:32','\0'),(2249,'1','Bodega 1',NULL,NULL,1766,11.00,1,'2019-02-05 00:38:32','2019-02-05 00:38:32','\0'),(2250,'1','Bodega 1',NULL,NULL,1767,0.00,1,'2019-02-05 00:38:32','2019-02-05 00:38:32','\0'),(2251,'1','Bodega 1',NULL,NULL,1768,10.00,1,'2019-02-05 00:38:32','2019-02-05 00:38:32','\0'),(2252,'1','Bodega 1',NULL,NULL,1769,14.00,1,'2019-02-05 00:38:32','2019-02-05 00:38:32','\0'),(2253,'1','Bodega 1',NULL,NULL,1770,17.00,1,'2019-02-05 00:38:32','2019-02-05 00:38:32','\0'),(2254,'1','Bodega 1',NULL,NULL,1771,0.00,1,'2019-02-05 00:38:32','2019-02-05 00:38:32','\0'),(2255,'1','Bodega 1',NULL,NULL,1772,33.00,1,'2019-02-05 00:38:32','2019-02-05 00:38:32','\0'),(2256,'1','Bodega 1',NULL,NULL,1773,16.00,1,'2019-02-05 00:38:32','2019-02-05 00:38:32','\0'),(2257,'1','Bodega 1',NULL,NULL,1774,390.00,1,'2019-02-05 00:38:32','2019-02-05 00:38:32','\0'),(2258,'1','Bodega 1',NULL,NULL,1775,9.00,1,'2019-02-05 00:38:32','2019-02-05 00:38:32','\0'),(2259,'1','Bodega 1',NULL,NULL,1776,1.00,1,'2019-02-05 00:38:32','2019-02-05 00:38:32','\0'),(2260,'1','Bodega 1',NULL,NULL,1777,8.00,1,'2019-02-05 00:38:32','2019-02-05 00:38:32','\0'),(2261,'1','Bodega 1',NULL,NULL,1778,1.00,1,'2019-02-05 00:38:32','2019-02-05 00:38:32','\0'),(2262,'1','Bodega 1',NULL,NULL,1779,10.00,1,'2019-02-05 00:38:32','2019-02-05 00:38:32','\0'),(2263,'1','Bodega 1',NULL,NULL,1780,62.00,1,'2019-02-05 00:38:32','2019-02-05 00:38:32','\0'),(2264,'1','Bodega 1',NULL,NULL,1781,0.00,1,'2019-02-05 00:38:32','2019-02-05 00:38:32','\0'),(2265,'1','Bodega 1',NULL,NULL,1782,27.00,1,'2019-02-05 00:38:32','2019-02-05 00:38:32','\0'),(2266,'1','Bodega 1',NULL,NULL,1783,19.00,1,'2019-02-05 00:38:32','2019-02-05 00:38:32','\0'),(2267,'1','Bodega 1',NULL,NULL,1784,1.00,1,'2019-02-05 00:38:32','2019-02-05 00:38:32','\0'),(2268,'1','Bodega 1',NULL,NULL,1785,0.00,1,'2019-02-05 00:38:32','2019-02-05 00:38:32','\0'),(2269,'1','Bodega 1',NULL,NULL,1786,78.00,1,'2019-02-05 00:38:32','2019-02-05 00:38:32','\0'),(2270,'1','Bodega 1',NULL,NULL,1787,0.00,1,'2019-02-05 00:38:32','2019-02-05 00:38:32','\0'),(2271,'1','Bodega 1',NULL,NULL,1788,24.00,1,'2019-02-05 00:38:32','2019-02-05 00:38:32','\0'),(2272,'1','Bodega 1',NULL,NULL,1789,131.00,1,'2019-02-05 00:38:32','2019-02-05 00:38:32','\0'),(2273,'1','Bodega 1',NULL,NULL,1790,6600.00,1,'2019-02-05 00:38:32','2019-02-05 00:38:32','\0'),(2274,'1','Bodega 1',NULL,NULL,1791,14.00,1,'2019-02-05 00:38:32','2019-02-05 00:38:32','\0'),(2275,'1','Bodega 1',NULL,NULL,1792,102.00,1,'2019-02-05 00:38:32','2019-02-05 00:38:32','\0'),(2276,'1','Bodega 1',NULL,NULL,1793,96.00,1,'2019-02-05 00:38:32','2019-02-05 00:38:32','\0'),(2277,'1','Bodega 1',NULL,NULL,1794,186.00,1,'2019-02-05 00:38:32','2019-02-05 00:38:32','\0'),(2278,'1','Bodega 1',NULL,NULL,1795,0.00,1,'2019-02-05 00:38:32','2019-02-05 00:38:32','\0'),(2279,'1','Bodega 1',NULL,NULL,1796,25.00,1,'2019-02-05 00:38:32','2019-02-05 00:38:32','\0'),(2280,'1','Bodega 1',NULL,NULL,1797,35.00,1,'2019-02-05 00:38:32','2019-02-05 00:38:32','\0'),(2281,'1','Bodega 1',NULL,NULL,1798,167.00,1,'2019-02-05 00:38:32','2019-02-05 00:38:32','\0'),(2282,'1','Bodega 1',NULL,NULL,1799,1.00,1,'2019-02-05 00:38:32','2019-02-05 00:38:32','\0'),(2283,'1','Bodega 1',NULL,NULL,1800,40.00,1,'2019-02-05 00:38:32','2019-02-05 00:38:32','\0'),(2284,'1','Bodega 1',NULL,NULL,1801,84.00,1,'2019-02-05 00:38:32','2019-02-05 00:38:32','\0'),(2285,'1','Bodega 1',NULL,NULL,1802,79.00,1,'2019-02-05 00:38:32','2019-02-05 00:38:32','\0'),(2286,'1','Bodega 1',NULL,NULL,1803,31.00,1,'2019-02-05 00:38:32','2019-02-05 00:38:32','\0'),(2287,'1','Bodega 1',NULL,NULL,1804,44.00,1,'2019-02-05 00:38:32','2019-02-05 00:38:32','\0'),(2288,'1','Bodega 1',NULL,NULL,1805,66.00,1,'2019-02-05 00:38:32','2019-02-05 00:38:32','\0'),(2289,'1','Bodega 1',NULL,NULL,1806,40.00,1,'2019-02-05 00:38:32','2019-02-05 00:38:32','\0'),(2290,'1','Bodega 1',NULL,NULL,1807,68.00,1,'2019-02-05 00:38:32','2019-02-05 00:38:32','\0'),(2291,'1','Bodega 1',NULL,NULL,1808,11.00,1,'2019-02-05 00:38:32','2019-02-05 00:38:32','\0'),(2292,'1','Bodega 1',NULL,NULL,1809,47.00,1,'2019-02-05 00:38:32','2019-02-05 00:38:32','\0'),(2293,'1','Bodega 1',NULL,NULL,1810,21.00,1,'2019-02-05 00:38:32','2019-02-05 00:38:32','\0'),(2294,'1','Bodega 1',NULL,NULL,1811,3.00,1,'2019-02-05 00:38:32','2019-02-05 00:38:32','\0'),(2295,'1','Bodega 1',NULL,NULL,1812,58.00,1,'2019-02-05 00:38:32','2019-02-05 00:38:32','\0'),(2296,'1','Bodega 1',NULL,NULL,1813,23.00,1,'2019-02-05 00:38:32','2019-02-05 00:38:32','\0'),(2297,'1','Bodega 1',NULL,NULL,1814,2.00,1,'2019-02-05 00:38:32','2019-02-05 00:38:32','\0'),(2298,'1','Bodega 1',NULL,NULL,1815,0.00,1,'2019-02-05 00:38:32','2019-02-05 00:38:32','\0'),(2299,'1','Bodega 1',NULL,NULL,1816,7.00,1,'2019-02-05 00:38:32','2019-02-05 00:38:32','\0'),(2300,'1','Bodega 1',NULL,NULL,1817,0.00,1,'2019-02-05 00:38:32','2019-02-05 00:38:32','\0'),(2301,'1','Bodega 1',NULL,NULL,1818,21.00,1,'2019-02-05 00:38:32','2019-02-05 00:38:32','\0'),(2302,'1','Bodega 1',NULL,NULL,1819,15.00,1,'2019-02-05 00:38:32','2019-02-05 00:38:32','\0'),(2303,'1','Bodega 1',NULL,NULL,1820,25.00,1,'2019-02-05 00:38:32','2019-02-05 00:38:32','\0'),(2304,'1','Bodega 1',NULL,NULL,1821,4.00,1,'2019-02-05 00:38:32','2019-02-05 00:38:32','\0'),(2305,'1','Bodega 1',NULL,NULL,1822,13.00,1,'2019-02-05 00:38:32','2019-02-05 00:38:32','\0'),(2306,'1','Bodega 1',NULL,NULL,1823,3725.00,1,'2019-02-05 00:38:32','2019-02-05 00:38:32','\0'),(2307,'1','Bodega 1',NULL,NULL,1824,19.00,1,'2019-02-05 00:38:32','2019-02-05 00:38:32','\0'),(2308,'1','Bodega 1',NULL,NULL,1825,0.00,1,'2019-02-05 00:38:32','2019-02-05 00:38:32','\0'),(2309,'1','Bodega 1',NULL,NULL,1826,8.00,1,'2019-02-05 00:38:32','2019-02-05 00:38:32','\0'),(2310,'1','Bodega 1',NULL,NULL,1827,0.00,1,'2019-02-05 00:38:32','2019-02-05 00:38:32','\0'),(2311,'1','Bodega 1',NULL,NULL,1828,5.00,1,'2019-02-05 00:38:32','2019-02-05 00:38:32','\0'),(2312,'1','Bodega 1',NULL,NULL,1829,6.00,1,'2019-02-05 00:38:32','2019-02-05 00:38:32','\0'),(2313,'1','Bodega 1',NULL,NULL,1830,0.00,1,'2019-02-05 00:38:32','2019-02-05 00:38:32','\0'),(2314,'1','Bodega 1',NULL,NULL,1831,40.00,1,'2019-02-05 00:38:32','2019-02-05 00:38:32','\0'),(2315,'1','Bodega 1',NULL,NULL,1832,10.00,1,'2019-02-05 00:38:32','2019-02-05 00:38:32','\0'),(2316,'1','Bodega 1',NULL,NULL,1833,2.00,1,'2019-02-05 00:38:32','2019-02-05 00:38:32','\0'),(2317,'1','Bodega 1',NULL,NULL,1834,22.00,1,'2019-02-05 00:38:32','2019-02-05 00:38:32','\0'),(2320,'1','',NULL,NULL,1848,50.00,1,'2019-02-18 01:01:29','2019-02-18 01:01:29','\0'),(2324,'2','',NULL,NULL,1057,60.00,1,'2019-02-18 01:41:52','2019-02-18 01:41:52','\0'),(2325,'3','',NULL,NULL,1057,50.00,2,'2019-02-18 01:49:08','2019-02-18 01:49:08','\0'),(2326,'1','',NULL,NULL,1849,60.00,1,'2019-02-18 01:59:39','2019-02-18 01:59:39','\0'),(2327,'1','',NULL,NULL,1851,50.00,1,'2019-02-18 02:02:19','2019-02-18 02:02:19','\0');
/*!40000 ALTER TABLE `lot` ENABLE KEYS */;
UNLOCK TABLES;

--
-- Table structure for table `measurement_unit`
--

DROP TABLE IF EXISTS `measurement_unit`;
/*!40101 SET @saved_cs_client     = @@character_set_client */;
/*!40101 SET character_set_client = utf8 */;
CREATE TABLE `measurement_unit` (
  `id` bigint(20) NOT NULL AUTO_INCREMENT,
  `name` varchar(45) NOT NULL,
  `creation_date` timestamp NOT NULL DEFAULT CURRENT_TIMESTAMP ON UPDATE CURRENT_TIMESTAMP,
  `modify_date` timestamp NOT NULL DEFAULT CURRENT_TIMESTAMP ON UPDATE CURRENT_TIMESTAMP,
  `archived` bit(1) NOT NULL DEFAULT b'0',
  PRIMARY KEY (`id`)
) ENGINE=InnoDB AUTO_INCREMENT=21 DEFAULT CHARSET=utf8;
/*!40101 SET character_set_client = @saved_cs_client */;

--
-- Dumping data for table `measurement_unit`
--

LOCK TABLES `measurement_unit` WRITE;
/*!40000 ALTER TABLE `measurement_unit` DISABLE KEYS */;
INSERT INTO `measurement_unit` VALUES (1,'Barra','2019-02-01 10:10:26','2019-02-01 10:10:26','\0'),(2,'Bolsa','2019-02-01 10:10:26','2019-02-01 10:10:26','\0'),(3,'Botella','2019-02-01 10:10:26','2019-02-01 10:10:26','\0'),(4,'Caja','2019-02-01 10:10:26','2019-02-01 10:10:26','\0'),(5,'Cajas','2019-02-01 10:10:26','2019-02-01 10:10:26','\0'),(6,'Galón','2019-02-01 10:10:26','2019-02-01 10:10:26','\0'),(7,'Garrafa','2019-02-01 10:10:26','2019-02-01 10:10:26','\0'),(8,'Gramos','2019-02-01 10:10:26','2019-02-01 10:10:26','\0'),(9,'Kilo','2019-02-01 10:11:30','2019-02-01 10:11:30','\0'),(10,'Lata','2019-02-01 10:11:30','2019-02-01 10:11:30','\0'),(11,'Libra','2019-02-01 10:11:30','2019-02-01 10:11:30','\0'),(12,'Paca','2019-02-01 10:11:30','2019-02-01 10:11:30','\0'),(13,'Paquete','2019-02-01 10:11:30','2019-02-01 10:11:30','\0'),(14,'Pimpina','2019-02-01 10:11:30','2019-02-01 10:11:30','\0'),(15,'Pote','2019-02-01 10:11:30','2019-02-01 10:11:30','\0'),(16,'Sobre','2019-02-01 10:11:30','2019-02-01 10:11:30','\0'),(17,'Tarro','2019-02-01 10:11:30','2019-02-01 10:11:30','\0'),(18,'Tubo','2019-02-01 10:11:52','2019-02-01 10:11:52','\0'),(19,'Unidad','2019-02-01 10:11:52','2019-02-01 10:11:52','\0'),(20,'Vaso','2019-02-01 10:11:52','2019-02-01 10:11:52','\0');
/*!40000 ALTER TABLE `measurement_unit` ENABLE KEYS */;
UNLOCK TABLES;

--
-- Table structure for table `measurement_unit_product`
--

DROP TABLE IF EXISTS `measurement_unit_product`;
/*!40101 SET @saved_cs_client     = @@character_set_client */;
/*!40101 SET character_set_client = utf8 */;
CREATE TABLE `measurement_unit_product` (
  `id` bigint(20) NOT NULL AUTO_INCREMENT,
  `product_id` bigint(20) DEFAULT NULL,
  `measurement_unit_id` bigint(20) DEFAULT NULL,
  `purchase_price` decimal(16,2) DEFAULT NULL,
  `purchase_tax` decimal(16,2) DEFAULT NULL,
  `utility` decimal(16,2) DEFAULT NULL,
  `sale_price` decimal(16,2) DEFAULT NULL,
  `sale_tax` decimal(16,2) DEFAULT NULL,
  `final_price` decimal(16,2) DEFAULT NULL,
  `creation_date` timestamp NULL DEFAULT CURRENT_TIMESTAMP ON UPDATE CURRENT_TIMESTAMP,
  `modify_date` timestamp NULL DEFAULT CURRENT_TIMESTAMP ON UPDATE CURRENT_TIMESTAMP,
  `archived` bit(1) DEFAULT b'0',
  PRIMARY KEY (`id`),
  KEY `measurement_unit_idx` (`measurement_unit_id`),
  KEY `product_idx` (`product_id`),
  KEY `mu_product_idx` (`product_id`,`measurement_unit_id`),
  CONSTRAINT `measurement_unit` FOREIGN KEY (`measurement_unit_id`) REFERENCES `measurement_unit` (`id`) ON DELETE NO ACTION ON UPDATE NO ACTION,
  CONSTRAINT `product` FOREIGN KEY (`product_id`) REFERENCES `product` (`id`) ON DELETE NO ACTION ON UPDATE NO ACTION
) ENGINE=InnoDB AUTO_INCREMENT=22 DEFAULT CHARSET=latin1;
/*!40101 SET character_set_client = @saved_cs_client */;

--
-- Dumping data for table `measurement_unit_product`
--

LOCK TABLES `measurement_unit_product` WRITE;
/*!40000 ALTER TABLE `measurement_unit_product` DISABLE KEYS */;
INSERT INTO `measurement_unit_product` VALUES (1,1837,1,5000.00,20.00,50.00,6050.00,0.00,6050.00,'2019-02-17 23:29:44','2019-02-17 23:29:44','\0'),(2,1838,1,50.00,20.00,10.00,70.00,0.00,70.00,'2019-02-17 23:52:14','2019-02-17 23:52:14','\0'),(3,1839,2,5000.00,0.00,0.00,5000.00,0.00,5000.00,'2019-02-18 00:28:33','2019-02-18 00:28:33','\0'),(4,1840,1,1.00,0.00,0.00,1.00,0.00,1.00,'2019-02-18 00:33:01','2019-02-18 00:33:01','\0'),(5,1841,1,600.00,0.00,0.00,600.00,0.00,600.00,'2019-02-18 00:36:03','2019-02-18 00:36:03','\0'),(6,1842,4,500.00,0.00,0.00,500.00,0.00,500.00,'2019-02-18 00:39:36','2019-02-18 00:39:36','\0'),(7,1843,2,5000.00,0.00,0.00,5000.00,0.00,5000.00,'2019-02-18 00:43:36','2019-02-18 00:43:36','\0'),(8,1846,4,6000.00,0.00,0.00,6000.00,0.00,6000.00,'2019-02-18 00:57:46','2019-02-18 00:57:46','\0'),(9,1846,4,6000.00,0.00,0.00,6000.00,0.00,6000.00,'2019-02-18 00:58:01','2019-02-18 00:58:01','\0'),(10,1848,8,600.00,0.00,0.00,600.00,0.00,600.00,'2019-02-18 01:01:09','2019-02-18 01:01:09','\0'),(11,1848,8,600.00,0.00,0.00,600.00,0.00,600.00,'2019-02-18 01:01:32','2019-02-18 01:01:32','\0'),(12,1848,8,600.00,0.00,0.00,600.00,0.00,600.00,'2019-02-18 01:01:34','2019-02-18 01:01:34','\0'),(13,1848,8,600.00,0.00,0.00,600.00,0.00,600.00,'2019-02-18 01:01:36','2019-02-18 01:01:36','\0'),(14,1848,8,600.00,0.00,0.00,600.00,0.00,600.00,'2019-02-18 01:01:57','2019-02-18 01:01:57','\0'),(16,1057,3,5000.00,5.00,500.00,11000.00,0.00,11000.00,'2019-02-20 03:00:31','2019-02-20 03:00:31','\0'),(18,1849,4,600.00,0.00,0.00,600.00,0.00,600.00,'2019-02-18 01:58:59','2019-02-18 01:58:59','\0'),(19,1850,2,60.00,0.00,0.00,60.00,0.00,60.00,'2019-02-18 02:00:32','2019-02-18 02:00:32','\0'),(20,1851,4,9000.00,0.00,0.00,9000.00,0.00,9000.00,'2019-02-18 02:02:09','2019-02-18 02:02:09','\0'),(21,1853,6,8000.00,0.00,0.00,8000.00,0.00,8000.00,'2019-02-18 02:16:58','2019-02-18 02:16:58','\0');
/*!40000 ALTER TABLE `measurement_unit_product` ENABLE KEYS */;
UNLOCK TABLES;

--
-- Table structure for table `menu`
--

DROP TABLE IF EXISTS `menu`;
/*!40101 SET @saved_cs_client     = @@character_set_client */;
/*!40101 SET character_set_client = utf8 */;
CREATE TABLE `menu` (
  `id` bigint(20) NOT NULL AUTO_INCREMENT,
  `name` varchar(50) NOT NULL,
  `creation_date` timestamp NOT NULL DEFAULT CURRENT_TIMESTAMP ON UPDATE CURRENT_TIMESTAMP,
  `modify_date` timestamp NOT NULL DEFAULT CURRENT_TIMESTAMP ON UPDATE CURRENT_TIMESTAMP,
  `archived` bit(1) NOT NULL DEFAULT b'0',
  PRIMARY KEY (`id`)
) ENGINE=InnoDB AUTO_INCREMENT=27 DEFAULT CHARSET=latin1;
/*!40101 SET character_set_client = @saved_cs_client */;

--
-- Dumping data for table `menu`
--

LOCK TABLES `menu` WRITE;
/*!40000 ALTER TABLE `menu` DISABLE KEYS */;
INSERT INTO `menu` VALUES (1,'Productos','2019-01-24 00:39:42','2019-01-24 00:39:42','\0'),(2,'Inventario','2019-01-24 00:39:42','2019-01-24 00:39:42','\0'),(3,'Movimientos','2019-01-24 00:39:42','2019-01-24 00:39:42','\0'),(4,'Compras','2019-01-24 00:39:42','2019-01-24 00:39:42','\0'),(5,'Bodegas','2019-01-24 00:39:42','2019-01-24 00:39:42','\0'),(6,'Ventas','2019-01-24 00:39:42','2019-01-24 00:39:42','\0'),(7,'Reportes','2019-01-24 00:39:42','2019-01-24 00:39:42','\0'),(8,'Proveedores','2019-01-24 00:39:42','2019-01-24 00:39:42','\0'),(9,'Clientes','2019-01-24 00:39:42','2019-01-24 00:39:42','\0'),(10,'Facturas de Compra','2019-01-24 01:58:43','2019-01-24 01:58:43','\0'),(11,'Facturas de Venta','2019-01-24 01:58:43','2019-01-24 01:58:43','\0'),(12,'Reporte de Ventas','2019-01-24 01:58:43','2019-01-24 01:58:43','\0'),(13,'Reporte de Compras','2019-01-24 01:58:43','2019-01-24 01:58:43','\0'),(14,'Personas','2019-01-24 02:43:22','2019-01-24 02:43:22','\0'),(15,'Facturas','2019-01-24 02:47:28','2019-01-24 02:47:28','\0'),(16,'Administración','2019-01-24 23:40:47','2019-01-24 23:40:47','\0'),(17,'Usuarios','2019-01-24 23:40:57','2019-01-24 23:40:57','\0'),(18,'Roles','2019-02-03 00:36:31','2019-02-03 00:36:31','\0'),(19,'Reporte de Productos','2019-02-03 00:36:31','2019-02-03 00:36:31','\0'),(20,'Conciliaciones','2019-02-03 00:36:31','2019-02-03 00:36:31','\0'),(21,'Cuadre vendedor','2019-02-07 23:28:41','2019-02-07 23:28:41','\0'),(22,'Recaudos','2019-02-05 08:53:01','2019-02-05 08:53:01','\0'),(23,'Egresos','2019-02-07 15:37:00','2019-02-07 22:07:27','\0'),(24,'Cuadre administrador','2019-02-07 18:28:04','2019-02-07 23:28:50','\0'),(25,'Devoluciones','2019-02-21 02:20:02','2019-02-21 02:20:02','\0');
/*!40000 ALTER TABLE `menu` ENABLE KEYS */;
UNLOCK TABLES;

--
-- Table structure for table `municipios`
--

DROP TABLE IF EXISTS `municipios`;
/*!40101 SET @saved_cs_client     = @@character_set_client */;
/*!40101 SET character_set_client = utf8 */;
CREATE TABLE `municipios` (
  `id_municipio` int(6) unsigned NOT NULL AUTO_INCREMENT,
  `municipio` varchar(255) NOT NULL DEFAULT '',
  `estado` int(1) unsigned NOT NULL,
  `departamento_id` int(2) unsigned NOT NULL,
  PRIMARY KEY (`id_municipio`),
  KEY `departamento_id` (`departamento_id`)
) ENGINE=InnoDB DEFAULT CHARSET=latin1;
/*!40101 SET character_set_client = @saved_cs_client */;

--
-- Dumping data for table `municipios`
--

LOCK TABLES `municipios` WRITE;
/*!40000 ALTER TABLE `municipios` DISABLE KEYS */;
/*!40000 ALTER TABLE `municipios` ENABLE KEYS */;
UNLOCK TABLES;

--
-- Table structure for table `payment_document_type`
--

DROP TABLE IF EXISTS `payment_document_type`;
/*!40101 SET @saved_cs_client     = @@character_set_client */;
/*!40101 SET character_set_client = utf8 */;
CREATE TABLE `payment_document_type` (
  `id` bigint(20) NOT NULL AUTO_INCREMENT,
  `document_type` bigint(20) DEFAULT NULL,
  `payment_type` bigint(20) DEFAULT NULL,
  `creation_date` timestamp NULL DEFAULT CURRENT_TIMESTAMP ON UPDATE CURRENT_TIMESTAMP,
  `modify_date` timestamp NULL DEFAULT CURRENT_TIMESTAMP ON UPDATE CURRENT_TIMESTAMP,
  `archived` bit(1) DEFAULT b'0',
  PRIMARY KEY (`id`),
  KEY `payment_type_idx` (`payment_type`),
  KEY `document_type_idx` (`document_type`),
  CONSTRAINT `document_type` FOREIGN KEY (`document_type`) REFERENCES `document_type` (`id`) ON DELETE NO ACTION ON UPDATE NO ACTION,
  CONSTRAINT `payment_type` FOREIGN KEY (`payment_type`) REFERENCES `payment_type` (`id`) ON DELETE NO ACTION ON UPDATE NO ACTION
) ENGINE=InnoDB AUTO_INCREMENT=9 DEFAULT CHARSET=latin1;
/*!40101 SET character_set_client = @saved_cs_client */;

--
-- Dumping data for table `payment_document_type`
--

LOCK TABLES `payment_document_type` WRITE;
/*!40000 ALTER TABLE `payment_document_type` DISABLE KEYS */;
INSERT INTO `payment_document_type` VALUES (1,1,1,'2019-02-13 03:32:31','2019-02-13 03:32:31','\0'),(2,1,2,'2019-02-13 03:32:31','2019-02-13 03:32:31','\0'),(3,1,3,'2019-02-13 03:32:31','2019-02-13 03:32:31','\0'),(4,3,1,'2019-02-13 03:32:31','2019-02-13 03:32:31','\0'),(5,3,2,'2019-02-13 03:32:31','2019-02-13 03:32:31','\0'),(6,3,3,'2019-02-13 03:32:31','2019-02-13 03:32:31','\0'),(7,2,1,'2019-02-13 03:33:04','2019-02-13 03:33:04','\0'),(8,2,2,'2019-02-13 03:33:04','2019-02-13 03:33:04','\0');
/*!40000 ALTER TABLE `payment_document_type` ENABLE KEYS */;
UNLOCK TABLES;

--
-- Table structure for table `payment_method`
--

DROP TABLE IF EXISTS `payment_method`;
/*!40101 SET @saved_cs_client     = @@character_set_client */;
/*!40101 SET character_set_client = utf8 */;
CREATE TABLE `payment_method` (
  `id` bigint(20) NOT NULL AUTO_INCREMENT,
  `code` varchar(45) NOT NULL,
  `name` varchar(45) NOT NULL,
  `creation_date` timestamp NOT NULL DEFAULT CURRENT_TIMESTAMP ON UPDATE CURRENT_TIMESTAMP,
  `modify_date` timestamp NOT NULL DEFAULT CURRENT_TIMESTAMP ON UPDATE CURRENT_TIMESTAMP,
  `archived` bit(1) NOT NULL DEFAULT b'0',
  PRIMARY KEY (`id`)
) ENGINE=InnoDB AUTO_INCREMENT=6 DEFAULT CHARSET=utf8;
/*!40101 SET character_set_client = @saved_cs_client */;

--
-- Dumping data for table `payment_method`
--

LOCK TABLES `payment_method` WRITE;
/*!40000 ALTER TABLE `payment_method` DISABLE KEYS */;
INSERT INTO `payment_method` VALUES (1,'CASH','Efectivo','2018-12-12 15:37:15','2018-12-12 15:37:15','\0'),(2,'BANK_TRANSFER','Transferencia bancaria','2018-12-12 15:37:16','2018-12-12 15:37:16','\0'),(3,'BANK_DEPOSIT','Consignación bancaria','2018-12-12 15:37:16','2018-12-12 15:37:16','\0'),(4,'ONLINE','Pago en línea','2018-12-12 15:37:16','2018-12-12 15:37:16','\0'),(5,'CREDITO','Crédito','2019-01-21 15:03:11','2019-01-21 20:03:16','\0');
/*!40000 ALTER TABLE `payment_method` ENABLE KEYS */;
UNLOCK TABLES;

--
-- Table structure for table `payment_type`
--

DROP TABLE IF EXISTS `payment_type`;
/*!40101 SET @saved_cs_client     = @@character_set_client */;
/*!40101 SET character_set_client = utf8 */;
CREATE TABLE `payment_type` (
  `id` bigint(20) NOT NULL AUTO_INCREMENT,
  `code` varchar(45) NOT NULL,
  `name` varchar(45) NOT NULL,
  `creation_date` timestamp NOT NULL DEFAULT CURRENT_TIMESTAMP ON UPDATE CURRENT_TIMESTAMP,
  `modify_date` timestamp NOT NULL DEFAULT CURRENT_TIMESTAMP ON UPDATE CURRENT_TIMESTAMP,
  `archived` bit(1) NOT NULL DEFAULT b'0',
  PRIMARY KEY (`id`)
) ENGINE=InnoDB AUTO_INCREMENT=4 DEFAULT CHARSET=utf8;
/*!40101 SET character_set_client = @saved_cs_client */;

--
-- Dumping data for table `payment_type`
--

LOCK TABLES `payment_type` WRITE;
/*!40000 ALTER TABLE `payment_type` DISABLE KEYS */;
INSERT INTO `payment_type` VALUES (1,'PAID','Contado','2019-02-13 03:06:39','2019-02-13 03:06:39','\0'),(2,'CREDIT','Crédito','2019-02-08 03:00:04','2019-02-08 03:00:04','\0'),(3,'PREPAY','Adelantado','2019-02-08 03:00:04','2019-02-08 03:00:04','\0');
/*!40000 ALTER TABLE `payment_type` ENABLE KEYS */;
UNLOCK TABLES;

--
-- Table structure for table `permission`
--

DROP TABLE IF EXISTS `permission`;
/*!40101 SET @saved_cs_client     = @@character_set_client */;
/*!40101 SET character_set_client = utf8 */;
CREATE TABLE `permission` (
  `id` bigint(20) NOT NULL AUTO_INCREMENT,
  `creation_date` timestamp NOT NULL DEFAULT CURRENT_TIMESTAMP ON UPDATE CURRENT_TIMESTAMP,
  `modify_date` timestamp NOT NULL DEFAULT CURRENT_TIMESTAMP ON UPDATE CURRENT_TIMESTAMP,
  `archived` bit(1) NOT NULL DEFAULT b'0',
  `view` bit(1) NOT NULL DEFAULT b'0',
  `edit` bit(1) NOT NULL DEFAULT b'0',
  `delete` bit(1) NOT NULL DEFAULT b'0',
  `menu_id` bigint(20) NOT NULL,
  `role_id` bigint(20) NOT NULL,
  PRIMARY KEY (`id`),
  KEY `fk_permission_menu_idx` (`menu_id`),
  KEY `fk_permission_role_idx` (`role_id`),
  CONSTRAINT `fk_permission_menu` FOREIGN KEY (`menu_id`) REFERENCES `menu` (`id`),
  CONSTRAINT `fk_permission_role` FOREIGN KEY (`role_id`) REFERENCES `role` (`id`)
) ENGINE=InnoDB AUTO_INCREMENT=113 DEFAULT CHARSET=latin1;
/*!40101 SET character_set_client = @saved_cs_client */;

--
-- Dumping data for table `permission`
--

LOCK TABLES `permission` WRITE;
/*!40000 ALTER TABLE `permission` DISABLE KEYS */;
INSERT INTO `permission` VALUES (1,'2019-01-24 00:43:39','2019-01-24 00:43:39','\0','','','',1,1),(2,'2019-01-24 00:43:39','2019-01-24 00:43:39','\0','','','',2,1),(3,'2019-01-24 00:43:39','2019-01-24 00:43:39','\0','','','',3,1),(4,'2019-01-24 00:43:39','2019-01-24 00:43:39','\0','','','',4,1),(5,'2019-01-24 00:43:39','2019-01-24 00:43:39','\0','','','',5,1),(6,'2019-01-24 00:43:39','2019-01-24 00:43:39','\0','','','',6,1),(7,'2019-01-24 00:43:39','2019-01-24 00:43:39','\0','','','',7,1),(8,'2019-01-24 00:43:39','2019-01-24 00:43:39','\0','','','',8,1),(9,'2019-01-24 00:43:39','2019-01-24 00:43:39','\0','','','',9,1),(10,'2019-01-24 02:15:20','2019-01-24 02:15:20','\0','','','',13,1),(11,'2019-01-24 02:15:20','2019-01-24 02:15:20','\0','','','',12,1),(12,'2019-01-24 02:15:20','2019-01-24 02:15:20','\0','','','',11,1),(13,'2019-01-24 02:15:20','2019-01-24 02:15:20','\0','','','',10,1),(14,'2019-01-24 02:43:41','2019-01-24 02:43:41','\0','','','',14,1),(15,'2019-01-24 02:47:37','2019-01-24 02:47:37','\0','','','',15,1),(16,'2019-01-24 23:48:14','2019-01-24 23:48:14','\0','','','',16,1),(17,'2019-01-24 23:48:27','2019-01-24 23:48:27','\0','','','',17,1),(18,'2019-01-25 18:34:29','2019-01-25 18:34:29','\0','','','\0',1,2),(19,'2019-01-25 18:34:29','2019-01-25 18:34:29','\0','','','\0',2,2),(20,'2019-01-25 18:34:29','2019-01-25 18:34:29','\0','','','\0',3,2),(21,'2019-01-25 18:34:29','2019-01-25 18:34:29','\0','','','\0',4,2),(22,'2019-01-25 18:34:29','2019-01-25 18:34:29','\0','','','\0',5,2),(23,'2019-01-25 18:34:29','2019-01-25 18:34:29','\0','','','\0',6,2),(24,'2019-01-25 18:34:29','2019-01-25 18:34:29','\0','','','\0',7,2),(25,'2019-01-25 18:34:29','2019-01-25 18:34:29','\0','','','\0',8,2),(26,'2019-01-25 18:34:29','2019-01-25 18:34:29','\0','','','\0',9,2),(27,'2019-01-25 18:34:29','2019-01-25 18:34:29','\0','','','\0',10,2),(28,'2019-01-25 18:34:29','2019-01-25 18:34:29','\0','','','\0',11,2),(29,'2019-01-25 18:34:29','2019-01-25 18:34:29','\0','','','\0',12,2),(30,'2019-01-25 18:34:29','2019-01-25 18:34:29','\0','','','\0',13,2),(31,'2019-01-25 18:34:29','2019-01-25 18:34:29','\0','','','\0',14,2),(32,'2019-01-25 18:34:29','2019-01-25 18:34:29','\0','','','\0',15,2),(35,'2019-01-25 18:34:29','2019-01-25 18:34:29','\0','','','\0',1,3),(36,'2019-01-25 18:34:29','2019-01-25 18:34:29','\0','','','\0',2,3),(37,'2019-01-25 18:34:29','2019-01-25 18:34:29','\0','','','\0',3,3),(38,'2019-01-25 18:34:29','2019-01-25 18:34:29','\0','','','\0',4,3),(39,'2019-01-25 18:34:29','2019-01-25 18:34:29','\0','','','\0',5,3),(40,'2019-01-25 18:34:29','2019-01-25 18:34:29','\0','','','\0',6,3),(42,'2019-01-25 18:34:29','2019-01-25 18:34:29','\0','','','\0',8,3),(43,'2019-01-25 18:34:29','2019-01-25 18:34:29','\0','','','\0',9,3),(44,'2019-01-25 18:34:29','2019-01-25 18:34:29','\0','','','\0',10,3),(45,'2019-01-25 18:34:29','2019-01-25 18:34:29','\0','','','\0',11,3),(48,'2019-01-25 18:34:29','2019-01-25 18:34:29','\0','','','\0',14,3),(49,'2019-01-25 18:34:29','2019-01-25 18:34:29','\0','','','\0',15,3),(52,'2019-01-25 18:34:29','2019-01-25 18:34:29','\0','','','',1,4),(53,'2019-01-25 18:34:29','2019-01-25 18:34:29','\0','','','',2,4),(54,'2019-01-25 18:34:29','2019-01-25 18:34:29','\0','','','',3,4),(55,'2019-01-25 18:34:29','2019-01-25 18:34:29','\0','','','',4,4),(56,'2019-01-25 18:34:29','2019-01-25 18:34:29','\0','','','',5,4),(57,'2019-01-25 18:34:29','2019-01-25 18:34:29','\0','','','',6,4),(58,'2019-01-25 18:34:29','2019-01-25 18:34:29','\0','','','',7,4),(59,'2019-01-25 18:34:29','2019-01-25 18:34:29','\0','','','',8,4),(60,'2019-01-25 18:34:29','2019-01-25 18:34:29','\0','','','',9,4),(61,'2019-01-25 18:34:29','2019-01-25 18:34:29','\0','','','',10,4),(62,'2019-01-25 18:34:29','2019-01-25 18:34:29','\0','','','',11,4),(63,'2019-01-25 18:34:29','2019-01-25 18:34:29','\0','','','',12,4),(64,'2019-01-25 18:34:29','2019-01-25 18:34:29','\0','','','',13,4),(65,'2019-01-25 18:34:29','2019-01-25 18:34:29','\0','','','',14,4),(66,'2019-01-25 18:34:29','2019-01-25 18:34:29','\0','','','',15,4),(67,'2019-01-25 18:34:29','2019-01-25 18:34:29','\0','','','',16,4),(68,'2019-01-25 18:34:29','2019-01-25 18:34:29','\0','','','',17,4),(69,'2019-02-03 00:45:33','2019-02-03 00:45:33','\0','','','',18,1),(70,'2019-02-03 00:45:33','2019-02-03 00:45:33','\0','','','',18,1),(71,'2019-02-03 00:45:33','2019-02-03 00:45:33','\0','','','',18,4),(72,'2019-02-03 00:45:33','2019-02-03 00:45:33','\0','','','',19,1),(73,'2019-02-03 00:45:33','2019-02-03 00:45:33','\0','','','',19,2),(74,'2019-02-03 00:45:33','2019-02-03 00:45:33','\0','','','',19,4),(75,'2019-02-03 00:45:34','2019-02-03 00:45:34','\0','','','',20,1),(76,'2019-02-03 00:45:34','2019-02-03 00:45:34','\0','','','',20,2),(77,'2019-02-03 00:45:34','2019-02-03 00:45:34','\0','','','',20,3),(78,'2019-02-03 00:45:34','2019-02-03 00:45:34','\0','','','',20,4),(79,'2019-02-03 00:45:34','2019-02-03 00:45:34','\0','','','',21,1),(80,'2019-02-03 00:45:34','2019-02-03 00:45:34','\0','','','',21,2),(81,'2019-02-03 00:45:34','2019-02-03 00:45:34','\0','','','',21,3),(82,'2019-02-03 00:45:35','2019-02-03 00:45:35','\0','','','',21,4),(83,'2019-02-03 00:45:35','2019-02-03 00:45:35','\0','','','',18,1),(84,'2019-02-03 00:45:35','2019-02-03 00:45:35','\0','','','',18,4),(85,'2019-02-03 00:45:35','2019-02-03 00:45:35','\0','','','',19,1),(86,'2019-02-03 00:45:35','2019-02-03 00:45:35','\0','','','',19,2),(87,'2019-02-03 00:45:35','2019-02-03 00:45:35','\0','','','',19,4),(88,'2019-02-03 00:45:35','2019-02-03 00:45:35','\0','','','',20,1),(89,'2019-02-03 00:45:36','2019-02-03 00:45:36','\0','','','',20,2),(90,'2019-02-03 00:45:36','2019-02-03 00:45:36','\0','','','',20,3),(91,'2019-02-03 00:45:36','2019-02-03 00:45:36','\0','','','',20,4),(92,'2019-02-03 00:45:36','2019-02-03 00:45:36','\0','','','',21,1),(93,'2019-02-03 00:45:36','2019-02-03 00:45:36','\0','','','',21,2),(94,'2019-02-03 00:45:37','2019-02-03 00:45:37','\0','','','',21,3),(95,'2019-02-03 00:45:37','2019-02-03 00:45:37','\0','','','',21,4),(96,'2019-02-05 08:57:07','2019-02-05 08:57:07','\0','','','',22,1),(97,'2019-02-05 08:57:06','2019-02-05 08:57:06','\0','','','',22,2),(98,'2019-02-05 08:57:07','2019-02-05 08:57:07','\0','','','',22,3),(99,'2019-02-05 08:57:07','2019-02-05 08:57:07','\0','','','',22,4),(100,'2019-02-07 22:07:47','2019-02-07 22:07:47','\0','\0','\0','\0',23,1),(101,'2019-02-07 22:21:25','2019-02-07 22:21:25','\0','','','',23,2),(102,'2019-02-07 22:21:19','2019-02-07 22:21:19','\0','','','\0',23,3),(103,'2019-02-07 22:21:12','2019-02-07 22:21:12','\0','','','',23,4),(105,'2019-02-07 23:29:48','2019-02-07 23:29:48','\0','','','\0',24,1),(106,'2019-02-07 23:29:44','2019-02-07 23:29:44','\0','','','\0',24,2),(107,'2019-02-07 23:29:40','2019-02-07 23:29:40','\0','','','\0',24,3),(108,'2019-02-07 23:29:38','2019-02-07 23:29:38','\0','','','',24,4),(109,'2019-02-21 02:22:14','2019-02-21 02:22:14','\0','','','',25,1),(110,'2019-02-21 02:22:14','2019-02-21 02:22:14','\0','','','',25,2),(111,'2019-02-21 02:22:14','2019-02-21 02:22:14','\0','','','',25,3),(112,'2019-02-21 02:22:14','2019-02-21 02:22:14','\0','','','',25,4);
/*!40000 ALTER TABLE `permission` ENABLE KEYS */;
UNLOCK TABLES;

--
-- Table structure for table `person`
--

DROP TABLE IF EXISTS `person`;
/*!40101 SET @saved_cs_client     = @@character_set_client */;
/*!40101 SET character_set_client = utf8 */;
CREATE TABLE `person` (
  `id` bigint(20) NOT NULL AUTO_INCREMENT,
  `document_type` varchar(45) NOT NULL,
  `document_number` varchar(45) NOT NULL,
  `name` varchar(45) NOT NULL,
  `last_name` varchar(45) DEFAULT NULL,
  `type` varchar(45) NOT NULL,
  `contact_name` varchar(50) DEFAULT NULL,
  `address` varchar(100) DEFAULT '',
  `city_id` bigint(20) DEFAULT NULL,
  `neighborhood` varchar(45) DEFAULT NULL,
  `mobile` varchar(20) DEFAULT '',
  `phone` varchar(20) DEFAULT '',
  `email` varchar(50) DEFAULT '',
  `web_site` varchar(250) DEFAULT '',
  `bank_account_id` bigint(20) DEFAULT NULL,
  `creation_date` timestamp NOT NULL DEFAULT CURRENT_TIMESTAMP ON UPDATE CURRENT_TIMESTAMP,
  `modify_date` timestamp NOT NULL DEFAULT CURRENT_TIMESTAMP ON UPDATE CURRENT_TIMESTAMP,
  `archived` bit(1) NOT NULL,
  PRIMARY KEY (`id`,`archived`),
  UNIQUE KEY `identification_number_UNIQUE` (`document_number`),
  KEY `person_city` (`city_id`),
  KEY `person_bank_account_idx` (`bank_account_id`),
  CONSTRAINT `person_bank_account` FOREIGN KEY (`bank_account_id`) REFERENCES `bank_account` (`id`),
  CONSTRAINT `person_city` FOREIGN KEY (`city_id`) REFERENCES `city` (`id`)
) ENGINE=InnoDB AUTO_INCREMENT=42 DEFAULT CHARSET=utf8 COMMENT='Tabla para el almacenamiento de clientes, proveedores, terceros o cualquier tipo de persona';
/*!40101 SET character_set_client = @saved_cs_client */;

--
-- Dumping data for table `person`
--

LOCK TABLES `person` WRITE;
/*!40000 ALTER TABLE `person` DISABLE KEYS */;
INSERT INTO `person` VALUES (6,'CC','09876','Lina Maria','Florez Mejia','SUPPLIER','Lina Maria Flórez Mejia','Calle 75C # 114 -18',NULL,NULL,'3002007694','','','ab',2,'2019-01-21 06:54:40','2019-01-21 06:54:40',''),(7,'CC','104567608','LINAf','F','SUPPLIER','TEST','TEST',173,NULL,'3000','21','55','www.ee',NULL,'2019-01-21 20:04:58','2019-01-21 20:04:58',''),(14,'CC','14579','Other','Test','USER',NULL,'',NULL,NULL,'','','','',NULL,'2019-01-21 06:54:40','2019-01-21 06:54:40',''),(20,'CC','145795','Alex','Quiroz','USER',NULL,NULL,NULL,NULL,NULL,NULL,NULL,NULL,NULL,'2019-01-29 16:46:45','2019-01-29 16:46:45','\0'),(21,'CC','123','Eider','Samia','USER',NULL,NULL,NULL,NULL,NULL,NULL,NULL,NULL,NULL,'2019-01-29 16:46:58','2019-01-29 16:46:58','\0'),(22,'CC','1234','Diana','Carbo','USER',NULL,NULL,NULL,NULL,NULL,NULL,NULL,NULL,NULL,'2019-01-29 16:47:07','2019-01-29 16:47:07','\0'),(23,'CC','1234567','Jhon','Castellanos','USER',NULL,NULL,NULL,NULL,NULL,NULL,NULL,NULL,NULL,'2019-01-29 16:47:15','2019-01-29 16:47:15','\0'),(24,'CC','104567','dummy','dummy','SUPPLIER','','',155,'preuba barrio','','','','www.misitio',NULL,'2019-01-21 20:04:47','2019-01-21 20:04:47',''),(25,'CC','prueba','prueba','prueba','SUPPLIER','','',NULL,NULL,'','','','',NULL,'2019-01-21 20:05:07','2019-01-21 20:05:07',''),(26,'NIT','723357276','DISTRIBUCIONES PLASTICAS','DE LA COSTA','SUPPLIER','','CALLE 11 N.5-30',155,NULL,'3158576880','','dpc0816@hotmail.com','',NULL,'2019-01-21 07:25:41','2019-01-21 07:25:41','\0'),(27,'NIT','901148822','COMERCIALIZA','HFC SAS','SUPPLIER','','CALLE 68B N.68-73',155,NULL,'','3694584','','',NULL,'2019-01-21 07:25:41','2019-01-21 07:25:41','\0'),(28,'CE','9002665212','DISPROPAN','CARIBE LTDA','SUPPLIER','','CL 37B N.6-81',155,NULL,'3106327541','3448485','disprocaribeltda@hotmail.com','',NULL,'2019-01-21 07:25:41','2019-01-21 07:25:41','\0'),(29,'NIT','8020242522','SDP','SOCIEDAD SAS','SUPPLIER','','CALLE 54 N.41-62',155,NULL,'3104152059','3795559','sdpsociedadltda@hotmail.com','',NULL,'2019-01-21 07:25:41','2019-01-21 07:25:41','\0'),(30,'NIT','8903041304','ALIMENTOS CARNICOS SAS','','SUPPLIER','','',NULL,NULL,'','3369200','','',NULL,'2019-01-16 21:48:23','2019-01-16 21:48:23','\0'),(31,'NIT','901040004-9','DISTRICOMERCIO','DEL ATLANTICO SAS','SUPPLIER','','CALLE 27 D N.35-55',173,NULL,'3748222','3234870','','',NULL,'2019-01-21 07:26:25','2019-01-21 07:26:25','\0'),(32,'NIT','900615748-5','INDUSTRIAS ALIMENTICIAS','SABROSISIMA SAS','SUPPLIER','','CALLE 17 N.23-51',155,'','3740788','3045708026','','',3,'2019-02-04 22:27:25','2019-02-04 22:27:25','\0'),(33,'NIT','8781652-1','SAN FRANCISCO DISTRIBUCIONES ','','SUPPLIER','','CALLE  47 N. 1B2-17',155,NULL,'3006387541','3398861','sanfranciscodistribucionessas@gmail.com','',NULL,'2019-01-21 07:25:41','2019-01-21 07:25:41','\0'),(34,'NIT','890301884-5','COLOMBINA SAS','','SUPPLIER','','CALLE 2B N.13SUR-31',173,NULL,'','3531311','','',NULL,'2019-01-21 07:26:25','2019-01-21 07:26:25','\0'),(35,'NIT','8901036975','LA PARISIENNE','','SUPPLIER','','CRA 52 N.75-152',155,NULL,'','3770777','info@laparisienne.com.co','www.laparisienne.com.co',NULL,'2019-01-21 07:25:41','2019-01-21 07:25:41','\0'),(36,'NIT','800181923-0','INDUSTRIAL DE ALIMENTOS INDAL SAS','','SUPPLIER','','CALLE 41 N.52-28',155,NULL,'','3493005','','',NULL,'2019-01-21 07:25:41','2019-01-21 07:25:41','\0'),(37,'NIT','800245795-0','PARMALAT COLOMBIA LTDA','','SUPPLIER','','CALLE 30 N.22-96 BODEGA 7',155,'','','3473724','','',NULL,'2019-01-21 07:25:41','2019-01-21 07:25:41','\0'),(38,'NIT','900391505-9','INVERSIONES SERRANO MILLAN SAS','CARNES FRIAS SANTA CRUZ','SUPPLIER','','CALLE 32 N.38-101',155,'','','3721488','','',NULL,'2019-01-21 07:25:41','2019-01-21 07:25:41','\0'),(39,'NIT','890904478-6','COOPERATIVA COLANTA','','SUPPLIER','','CALLE 74 N.64A-51',NULL,'MEDELLIN','','4457000','','',NULL,'2019-01-18 19:50:51','2019-01-18 19:50:51','\0'),(40,'NIT','900330819-5','T&T DISTRIBUCIONES COLOMBIA SAS','','SUPPLIER','','PARQUE IND  ZILOMG KM9 VIA JUAN MINA',155,'GALAPA','','3282454','','',NULL,'2019-01-21 07:25:41','2019-01-21 07:25:41','\0'),(41,'CC','8796','Cliente de prueba','prueba','CUSTOMER','','',NULL,'','','','','',NULL,'2019-02-04 21:56:54','2019-02-04 21:56:54','\0');
/*!40000 ALTER TABLE `person` ENABLE KEYS */;
UNLOCK TABLES;

--
-- Table structure for table `product`
--

DROP TABLE IF EXISTS `product`;
/*!40101 SET @saved_cs_client     = @@character_set_client */;
/*!40101 SET character_set_client = utf8 */;
CREATE TABLE `product` (
  `id` bigint(20) NOT NULL AUTO_INCREMENT,
  `code` varchar(45) NOT NULL,
  `name` varchar(45) NOT NULL,
  `description` varchar(100) DEFAULT NULL,
  `category_id` bigint(20) DEFAULT NULL,
  `type_id` bigint(20) DEFAULT NULL,
  `measurement_unit_id` bigint(20) DEFAULT NULL,
  `brand` varchar(45) DEFAULT NULL,
  `ean_code` varchar(45) DEFAULT NULL,
  `sale_price` decimal(16,5) DEFAULT NULL,
  `purchase_price` decimal(16,5) DEFAULT NULL,
  `sale_tax` decimal(16,2) DEFAULT NULL,
  `purchase_tax` decimal(16,2) DEFAULT NULL,
  `utility` decimal(16,2) DEFAULT NULL,
  `stock` decimal(16,2) DEFAULT NULL,
  `stock_date` timestamp NULL DEFAULT NULL,
  `creation_date` timestamp NOT NULL DEFAULT CURRENT_TIMESTAMP ON UPDATE CURRENT_TIMESTAMP,
  `modify_date` timestamp NOT NULL DEFAULT CURRENT_TIMESTAMP ON UPDATE CURRENT_TIMESTAMP,
  `archived` bit(1) NOT NULL DEFAULT b'0',
  PRIMARY KEY (`id`),
  UNIQUE KEY `code_UNIQUE` (`code`),
  KEY `category_id_idx` (`category_id`),
  KEY `product_type_fk_idx` (`type_id`),
  KEY `measurement_unit_fk_idx` (`measurement_unit_id`),
  CONSTRAINT `category_fk` FOREIGN KEY (`category_id`) REFERENCES `product_category` (`id`),
  CONSTRAINT `measurement_unit_fk` FOREIGN KEY (`measurement_unit_id`) REFERENCES `measurement_unit` (`id`),
  CONSTRAINT `product_type_fk` FOREIGN KEY (`type_id`) REFERENCES `product_type` (`id`)
) ENGINE=InnoDB AUTO_INCREMENT=1854 DEFAULT CHARSET=utf8;
/*!40101 SET character_set_client = @saved_cs_client */;

--
-- Dumping data for table `product`
--

LOCK TABLES `product` WRITE;
/*!40000 ALTER TABLE `product` DISABLE KEYS */;
INSERT INTO `product` VALUES (1057,'1','ACEITE 1000 CC','ACEITE 1000 CC',7,NULL,3,NULL,'',4500.00000,3600.00000,NULL,NULL,900.00,199.00,'2019-02-20 02:59:29','2019-02-20 02:59:29','2019-02-20 02:59:29','\0'),(1058,'2','ACEITE 3000 CM','ACEITE 3000 CM',7,NULL,3,NULL,NULL,13500.00000,10800.00000,NULL,NULL,2700.00,0.00,'2019-02-13 04:32:57','2019-02-13 04:32:57','2019-02-13 04:32:57','\0'),(1059,'3','ACEITE 5000CM','ACEITE 5000CM',7,NULL,3,NULL,NULL,23500.00000,18800.00000,NULL,NULL,4700.00,1.00,'2019-02-01 12:30:21','2019-02-01 12:30:21','2019-02-01 12:30:21','\0'),(1060,'4','ACEITE VEGETAL SUELTO','ACEITE VEGETAL SUELTO',7,NULL,14,NULL,'',3900.00000,3120.00000,0.00,19.00,780.00,0.00,'2019-02-13 04:32:58','2019-02-13 04:32:58','2019-02-13 04:32:58','\0'),(1061,'5','ACEITUNA','ACEITUNA',7,NULL,10,NULL,NULL,4800.00000,3840.00000,NULL,NULL,960.00,1.00,'2019-02-01 12:30:21','2019-02-01 12:30:21','2019-02-01 12:30:21','\0'),(1062,'6','ADORNO FUTBOL','ADORNO FUTBOL',12,NULL,19,NULL,NULL,5000.00000,4000.00000,NULL,NULL,1000.00,0.00,'2019-02-01 12:30:21','2019-02-01 12:30:21','2019-02-01 12:30:21','\0'),(1063,'7','AGOGO CAJAS','AGOGO CAJAS',9,NULL,5,NULL,NULL,4700.00000,3760.00000,NULL,NULL,940.00,34.00,'2019-02-01 12:30:21','2019-02-01 12:30:21','2019-02-01 12:30:21','\0'),(1064,'8','AGOGO PAQUETE','AGOGO PAQUETE',9,NULL,13,NULL,NULL,4500.00000,3600.00000,NULL,NULL,900.00,22.00,'2019-02-12 03:05:29','2019-02-12 03:05:29','2019-02-12 03:05:29','\0'),(1065,'9','AGOGO UND','AGOGO UND',9,NULL,19,NULL,NULL,100.55454,80.00000,NULL,NULL,20.00,95.00,'2019-02-13 04:18:35','2019-02-13 04:18:39','2019-02-13 04:18:39','\0'),(1066,'10','AJI PICANTE JR 2000 GRAMOS','AJI PICANTE JR 2000 GRAMOS',14,NULL,3,NULL,NULL,7500.00000,6000.00000,NULL,NULL,1500.00,10.00,'2019-02-01 12:30:21','2019-02-01 12:30:21','2019-02-01 12:30:21','\0'),(1067,'11','AJI PICANTE JR 370','AJI PICANTE JR 370',14,NULL,3,NULL,NULL,1800.00000,1440.00000,NULL,NULL,360.00,9.00,'2019-02-13 04:18:47','2019-02-13 04:18:58','2019-02-13 04:18:58','\0'),(1068,'12','AJI PICANTE JR PEQUEÑO 180','AJI PICANTE JR PEQUEÑO 180',14,NULL,3,NULL,NULL,1200.00000,960.00000,NULL,NULL,240.00,7.00,'2019-02-01 12:30:21','2019-02-01 12:30:21','2019-02-01 12:30:21','\0'),(1069,'13','ALCAPARRA','ALCAPARRA',7,NULL,10,NULL,NULL,3700.00000,2960.00000,NULL,NULL,740.00,1.00,'2019-02-01 12:30:21','2019-02-01 12:30:21','2019-02-01 12:30:21','\0'),(1070,'14','ALMENDRA','ALMENDRA',11,NULL,NULL,NULL,NULL,0.00000,0.00000,NULL,NULL,0.00,0.00,'2019-02-01 12:30:21','2019-02-01 12:30:21','2019-02-01 12:30:21','\0'),(1071,'15','ALMUERSITO','ALMUERSITO',9,NULL,13,NULL,NULL,4000.00000,3200.00000,NULL,NULL,800.00,0.00,'2019-02-01 12:30:21','2019-02-01 12:30:21','2019-02-01 12:30:21','\0'),(1072,'16','ANDIHOJALDRE','ANDIHOJALDRE',11,NULL,19,NULL,NULL,2800.00000,2240.00000,NULL,NULL,560.00,31.00,'2019-02-01 12:30:21','2019-02-01 12:30:21','2019-02-01 12:30:21','\0'),(1073,'17','ANIS ESTRELLADO','ANIS ESTRELLADO',11,NULL,8,NULL,NULL,70000.00000,56000.00000,NULL,NULL,14000.00,484.00,'2019-02-13 04:56:58','2019-02-13 04:56:58','2019-02-13 04:56:58','\0'),(1074,'18','AREQUIPE 6X5KL BALDE','AREQUIPE 6X5KL BALDE',11,NULL,19,NULL,NULL,26500.00000,21200.00000,NULL,NULL,5300.00,4.00,'2019-02-01 12:30:21','2019-02-01 12:30:21','2019-02-01 12:30:21','\0'),(1075,'19','AREQUIPE BAL','AREQUIPE BAL',11,NULL,19,NULL,NULL,5500.00000,4400.00000,NULL,NULL,1100.00,1.00,'2019-02-01 12:30:21','2019-02-01 12:30:21','2019-02-01 12:30:21','\0'),(1076,'20','AREQUIPE TETERITO','AREQUIPE TETERITO',9,NULL,3,NULL,NULL,3300.00000,2640.00000,NULL,NULL,660.00,0.00,'2019-02-01 12:30:21','2019-02-01 12:30:21','2019-02-01 12:30:21','\0'),(1077,'21','ASTRA REPOSTERA ','ASTRA REPOSTERA ',11,NULL,8,NULL,NULL,6900.00000,5520.00000,NULL,NULL,1380.00,12.50,'2019-02-12 03:05:29','2019-02-12 03:05:29','2019-02-12 03:05:29','\0'),(1078,'22','ATUM VAN CAMPS','ATUM VAN CAMPS',7,NULL,10,NULL,NULL,0.00000,0.00000,NULL,NULL,0.00,4.00,'2019-02-01 12:30:21','2019-02-01 12:30:21','2019-02-01 12:30:21','\0'),(1079,'23','AVENA KLARENS','AVENA KLARENS',10,NULL,2,NULL,NULL,1000.00000,800.00000,NULL,NULL,200.00,7.00,'2019-02-01 12:30:21','2019-02-01 12:30:21','2019-02-01 12:30:21','\0'),(1080,'24','AZUCAR','AZUCAR',11,NULL,11,NULL,NULL,2200.00000,1760.00000,NULL,NULL,440.00,817.00,'2019-02-13 04:18:15','2019-02-13 04:18:30','2019-02-13 04:18:30','\0'),(1081,'25','AZUCAR  MICROPULVERIZADA','AZUCAR  MICROPULVERIZADA',11,NULL,8,NULL,NULL,12000.00000,9600.00000,NULL,NULL,2400.00,3350.00,'2019-02-01 12:30:21','2019-02-01 12:30:21','2019-02-01 12:30:21','\0'),(1082,'26','AZUCAR PULVERIZADA','AZUCAR PULVERIZADA',11,NULL,19,NULL,NULL,6000.00000,4800.00000,NULL,NULL,1200.00,19.00,'2019-02-01 12:30:21','2019-02-01 12:30:21','2019-02-01 12:30:21','\0'),(1083,'27','BANDE HONDA N25','BANDE HONDA N25',8,NULL,19,NULL,NULL,450.00000,360.00000,NULL,NULL,90.00,63.00,'2019-02-01 12:30:21','2019-02-01 12:30:21','2019-02-01 12:30:21','\0'),(1084,'28','BANDEJA  PLANA  N10','BANDEJA  PLANA  N10',8,NULL,19,NULL,NULL,150.00000,120.00000,NULL,NULL,30.00,299.00,'2019-02-13 04:18:30','2019-02-13 04:18:35','2019-02-13 04:18:35','\0'),(1085,'29','BANDEJA  PLANA N 4','BANDEJA  PLANA N 4',8,NULL,19,NULL,NULL,150.00000,120.00000,NULL,NULL,30.00,97.00,'2019-02-01 12:30:21','2019-02-01 12:30:21','2019-02-01 12:30:21','\0'),(1086,'30','BANDEJA  PLANA N25','BANDEJA  PLANA N25',8,NULL,19,NULL,NULL,400.00000,320.00000,NULL,NULL,80.00,490.00,'2019-02-01 12:30:21','2019-02-01 12:30:21','2019-02-01 12:30:21','\0'),(1087,'31','BANDEJA  PLANO N1','BANDEJA  PLANO N1',8,NULL,19,NULL,NULL,60.00000,48.00000,NULL,NULL,12.00,200.00,'2019-02-01 12:30:21','2019-02-01 12:30:21','2019-02-01 12:30:21','\0'),(1088,'32','BANDEJA HONDA 1 1/2','BANDEJA HONDA 1 1/2',8,NULL,19,NULL,NULL,70.00000,56.00000,NULL,NULL,14.00,500.00,'2019-02-01 12:30:21','2019-02-01 12:30:21','2019-02-01 12:30:21','\0'),(1089,'33','BANDEJA N17','BANDEJA N17',8,NULL,19,NULL,NULL,80.00000,64.00000,NULL,NULL,16.00,200.00,'2019-02-01 12:30:21','2019-02-01 12:30:21','2019-02-01 12:30:21','\0'),(1090,'34','BANDEJA N7','BANDEJA N7',8,NULL,19,NULL,NULL,100.00000,80.00000,NULL,NULL,20.00,463.00,'2019-02-01 12:30:21','2019-02-01 12:30:21','2019-02-01 12:30:21','\0'),(1091,'35','BANDEJA N8','BANDEJA N8',8,NULL,19,NULL,NULL,190.00000,152.00000,NULL,NULL,38.00,389.00,'2019-02-01 12:30:21','2019-02-01 12:30:21','2019-02-01 12:30:21','\0'),(1092,'36','BARRA CEREAL TOSH','BARRA CEREAL TOSH',9,NULL,19,NULL,NULL,800.00000,640.00000,NULL,NULL,160.00,19.00,'2019-02-01 12:30:21','2019-02-01 12:30:21','2019-02-01 12:30:21','\0'),(1093,'37','BARRIETE PAQUETE','BARRIETE PAQUETE',9,NULL,13,NULL,NULL,0.00000,0.00000,NULL,NULL,0.00,0.00,'2019-02-01 12:30:21','2019-02-01 12:30:21','2019-02-01 12:30:21','\0'),(1094,'38','BARRILETE UNIDAD','BARRILETE UNIDAD',9,NULL,19,NULL,NULL,100.00000,80.00000,NULL,NULL,20.00,0.00,'2019-02-01 12:30:21','2019-02-01 12:30:21','2019-02-01 12:30:21','\0'),(1095,'39','BASE PUDIN','BASE PUDIN',12,NULL,13,NULL,NULL,0.00000,0.00000,NULL,NULL,0.00,1.00,'2019-02-01 12:30:21','2019-02-01 12:30:21','2019-02-01 12:30:21','\0'),(1096,'40','BESO DE NEGRA UNIDAD','BESO DE NEGRA UNIDAD',9,NULL,19,NULL,NULL,1000.00000,800.00000,NULL,NULL,200.00,23.00,'2019-02-01 12:30:21','2019-02-01 12:30:21','2019-02-01 12:30:21','\0'),(1097,'41','BIAGE BLANCO PAQUETE','BIAGE BLANCO PAQUETE',9,NULL,13,NULL,NULL,4200.00000,3360.00000,NULL,NULL,840.00,12.00,'2019-02-01 12:30:21','2019-02-01 12:30:21','2019-02-01 12:30:21','\0'),(1098,'42','BIAGE CHOCOLATE PAQUETE','BIAGE CHOCOLATE PAQUETE',9,NULL,13,NULL,NULL,4200.00000,3360.00000,NULL,NULL,840.00,10.00,'2019-02-01 12:30:21','2019-02-01 12:30:21','2019-02-01 12:30:21','\0'),(1099,'43','BIAGE PAQUETE','BIAGE PAQUETE',9,NULL,13,NULL,NULL,4000.00000,3200.00000,NULL,NULL,800.00,22.00,'2019-02-01 12:30:21','2019-02-01 12:30:21','2019-02-01 12:30:21','\0'),(1100,'44','BIAGE UNIDAD','BIAGE UNIDAD',9,NULL,19,NULL,NULL,100.00000,80.00000,NULL,NULL,20.00,0.00,'2019-02-01 12:30:21','2019-02-01 12:30:21','2019-02-01 12:30:21','\0'),(1101,'45','BICARBONATO','BICARBONATO',11,NULL,8,NULL,NULL,5000.00000,4000.00000,NULL,NULL,1000.00,3500.00,'2019-02-01 12:30:21','2019-02-01 12:30:21','2019-02-01 12:30:21','\0'),(1102,'46','BLONDA CUADRADA 1LB','BLONDA CUADRADA 1LB',8,NULL,19,NULL,NULL,300.00000,240.00000,NULL,NULL,60.00,30.00,'2019-02-01 12:30:21','2019-02-01 12:30:21','2019-02-01 12:30:21','\0'),(1103,'47','BLONDA CUADRADA 3LB','BLONDA CUADRADA 3LB',8,NULL,19,NULL,NULL,800.00000,640.00000,NULL,NULL,160.00,0.00,'2019-02-01 12:30:21','2019-02-01 12:30:21','2019-02-01 12:30:21','\0'),(1104,'48','BLONDA DE 1 1/2','BLONDA DE 1 1/2',8,NULL,19,NULL,NULL,700.00000,560.00000,NULL,NULL,140.00,400.00,'2019-02-01 12:30:21','2019-02-01 12:30:21','2019-02-01 12:30:21','\0'),(1105,'49','BLONDA DE 1 LIBRA','BLONDA DE 1 LIBRA',8,NULL,19,NULL,NULL,600.00000,480.00000,NULL,NULL,120.00,0.00,'2019-02-01 12:30:21','2019-02-01 12:30:21','2019-02-01 12:30:21','\0'),(1106,'50','BLONDA REDONDA 1/2 LB','BLONDA REDONDA 1/2 LB',8,NULL,19,NULL,NULL,400.00000,320.00000,NULL,NULL,80.00,196.00,'2019-02-01 12:30:21','2019-02-01 12:30:21','2019-02-01 12:30:21','\0'),(1107,'51','BLONDA REDONDA 1LB','BLONDA REDONDA 1LB',8,NULL,19,NULL,NULL,600.00000,480.00000,NULL,NULL,120.00,3.00,'2019-02-01 12:30:21','2019-02-01 12:30:21','2019-02-01 12:30:21','\0'),(1108,'52','BLONDA REDONDA 2LB','BLONDA REDONDA 2LB',8,NULL,19,NULL,NULL,800.00000,640.00000,NULL,NULL,160.00,221.00,'2019-02-01 12:30:21','2019-02-01 12:30:21','2019-02-01 12:30:21','\0'),(1109,'53','BLONDA REDONDA 3LB','BLONDA REDONDA 3LB',8,NULL,19,NULL,NULL,1000.00000,800.00000,NULL,NULL,200.00,0.00,'2019-02-01 12:30:21','2019-02-01 12:30:21','2019-02-01 12:30:21','\0'),(1110,'54','BLONDA REDONDA 4 ONZAS','BLONDA REDONDA 4 ONZAS',8,NULL,19,NULL,NULL,200.00000,160.00000,NULL,NULL,40.00,0.00,'2019-02-01 12:30:21','2019-02-01 12:30:21','2019-02-01 12:30:21','\0'),(1111,'55','BOCADILLO 180 GRAMOS','BOCADILLO 180 GRAMOS',11,NULL,19,NULL,NULL,1800.00000,1440.00000,NULL,NULL,360.00,12.00,'2019-02-01 12:30:21','2019-02-01 12:30:21','2019-02-01 12:30:21','\0'),(1112,'56','BOCADILLO LONJA','BOCADILLO LONJA',11,NULL,19,NULL,NULL,5000.00000,4000.00000,NULL,NULL,1000.00,5.00,'2019-02-01 12:30:21','2019-02-01 12:30:21','2019-02-01 12:30:21','\0'),(1113,'57','BOCADILLO UNIDAD','BOCADILLO UNIDAD',9,NULL,19,NULL,NULL,300.00000,240.00000,NULL,NULL,60.00,10.00,'2019-02-01 12:30:21','2019-02-01 12:30:21','2019-02-01 12:30:21','\0'),(1114,'58','BOLA CHICLE PAQUETE','BOLA CHICLE PAQUETE',9,NULL,13,NULL,NULL,4000.00000,3200.00000,NULL,NULL,800.00,25.00,'2019-02-01 12:30:21','2019-02-01 12:30:21','2019-02-01 12:30:21','\0'),(1115,'59','BOLA CHICLE UNIDAD','BOLA CHICLE UNIDAD',9,NULL,19,NULL,NULL,100.00000,80.00000,NULL,NULL,20.00,0.00,'2019-02-01 12:30:21','2019-02-01 12:30:21','2019-02-01 12:30:21','\0'),(1116,'60','BOLAS 5 KL MANIGUETA','BOLAS 5 KL MANIGUETA',8,NULL,13,NULL,NULL,2700.00000,2160.00000,NULL,NULL,540.00,9.00,'2019-02-01 12:30:21','2019-02-01 12:30:21','2019-02-01 12:30:21','\0'),(1117,'61','BOLI GELATINA GRANDE','BOLI GELATINA GRANDE',10,NULL,13,NULL,NULL,5500.00000,4400.00000,NULL,NULL,1100.00,5.00,'2019-02-01 12:30:21','2019-02-01 12:30:21','2019-02-01 12:30:21','\0'),(1118,'62','BOLI GELATINA PEQUENA','BOLI GELATINA PEQUENA',10,NULL,13,NULL,NULL,4000.00000,3200.00000,NULL,NULL,800.00,6.00,'2019-02-01 12:30:21','2019-02-01 12:30:21','2019-02-01 12:30:21','\0'),(1119,'63','BOLI YOGOURTH','BOLI YOGOURTH',10,NULL,13,NULL,NULL,4000.00000,3200.00000,NULL,NULL,800.00,24.00,'2019-02-01 12:30:21','2019-02-01 12:30:21','2019-02-01 12:30:21','\0'),(1120,'64','BOLIQUESO UNIDAD','BOLIQUESO UNIDAD',9,NULL,19,NULL,NULL,700.00000,560.00000,NULL,NULL,140.00,13.00,'2019-02-01 12:30:21','2019-02-01 12:30:21','2019-02-01 12:30:21','\0'),(1121,'65','BOLIQUESO X 12','BOLIQUESO X 12',9,NULL,13,NULL,NULL,10800.00000,8640.00000,NULL,NULL,2160.00,2.00,'2019-02-01 12:30:21','2019-02-01 12:30:21','2019-02-01 12:30:21','\0'),(1122,'66','BOLITAS DE TAMARINDO','BOLITAS DE TAMARINDO',9,NULL,19,NULL,NULL,100.00000,80.00000,NULL,NULL,20.00,21.00,'2019-02-01 12:30:21','2019-02-01 12:30:21','2019-02-01 12:30:21','\0'),(1123,'67','BOLSA  TRANSPARENTE 18X30','BOLSA  TRANSPARENTE 18X30',8,NULL,13,NULL,NULL,3500.00000,2800.00000,NULL,NULL,700.00,0.00,'2019-02-01 12:30:21','2019-02-01 12:30:21','2019-02-01 12:30:21','\0'),(1124,'68','BOLSA 10 KL MANIGUETA','BOLSA 10 KL MANIGUETA',8,NULL,13,NULL,NULL,3700.00000,2960.00000,NULL,NULL,740.00,10.00,'2019-02-01 12:30:21','2019-02-01 12:30:21','2019-02-01 12:30:21','\0'),(1125,'69','BOLSA 10X14 COLOR','BOLSA 10X14 COLOR',8,NULL,13,NULL,NULL,1600.00000,1280.00000,NULL,NULL,320.00,25.00,'2019-02-01 12:30:21','2019-02-01 12:30:21','2019-02-01 12:30:21','\0'),(1126,'70','BOLSA 10X16 COLOR','BOLSA 10X16 COLOR',8,NULL,13,NULL,NULL,1600.00000,1280.00000,NULL,NULL,320.00,0.00,'2019-02-01 12:30:21','2019-02-01 12:30:21','2019-02-01 12:30:21','\0'),(1127,'71','BOLSA 12X12 COLOR','BOLSA 12X12 COLOR',8,NULL,13,NULL,NULL,2000.00000,1600.00000,NULL,NULL,400.00,0.00,'2019-02-01 12:30:21','2019-02-01 12:30:21','2019-02-01 12:30:21','\0'),(1128,'72','BOLSA 15 KL MANIGUETA','BOLSA 15 KL MANIGUETA',8,NULL,13,NULL,NULL,4200.00000,3360.00000,NULL,NULL,840.00,21.00,'2019-02-01 12:30:21','2019-02-01 12:30:21','2019-02-01 12:30:21','\0'),(1129,'73','BOLSA 2 KL MANIGUETA','BOLSA 2 KL MANIGUETA',8,NULL,13,NULL,NULL,1300.00000,1040.00000,NULL,NULL,260.00,26.00,'2019-02-01 12:30:21','2019-02-01 12:30:21','2019-02-01 12:30:21','\0'),(1130,'74','BOLSA 20 KL MANIGUETA','BOLSA 20 KL MANIGUETA',8,NULL,13,NULL,NULL,6000.00000,4800.00000,NULL,NULL,1200.00,12.00,'2019-02-01 12:30:21','2019-02-01 12:30:21','2019-02-01 12:30:21','\0'),(1131,'75','BOLSA 25 KL MANIGUETA X 100','BOLSA 25 KL MANIGUETA X 100',8,NULL,13,NULL,NULL,8500.00000,6800.00000,NULL,NULL,1700.00,12.00,'2019-02-01 12:30:21','2019-02-01 12:30:21','2019-02-01 12:30:21','\0'),(1132,'76','BOLSA 25 KL MANIGUETA X 50','BOLSA 25 KL MANIGUETA X 50',8,NULL,13,NULL,NULL,4500.00000,3600.00000,NULL,NULL,900.00,19.00,'2019-02-01 12:30:21','2019-02-01 12:30:21','2019-02-01 12:30:21','\0'),(1133,'77','BOLSA 3 KL MANIGUETA','BOLSA 3 KL MANIGUETA',8,NULL,13,NULL,NULL,1700.00000,1360.00000,NULL,NULL,340.00,16.00,'2019-02-01 12:30:21','2019-02-01 12:30:21','2019-02-01 12:30:21','\0'),(1134,'78','BOLSA 5X8 COLOR','BOLSA 5X8 COLOR',8,NULL,13,NULL,NULL,500.00000,400.00000,NULL,NULL,100.00,81.00,'2019-02-01 12:30:21','2019-02-01 12:30:21','2019-02-01 12:30:21','\0'),(1135,'79','BOLSA 6 X12 COLOR','BOLSA 6 X12 COLOR',8,NULL,13,NULL,NULL,600.00000,480.00000,NULL,NULL,120.00,0.00,'2019-02-01 12:30:21','2019-02-01 12:30:21','2019-02-01 12:30:21','\0'),(1136,'80','BOLSA 6X9 COLOR','BOLSA 6X9 COLOR',8,NULL,13,NULL,NULL,550.00000,440.00000,NULL,NULL,110.00,129.00,'2019-02-01 12:30:21','2019-02-01 12:30:21','2019-02-01 12:30:21','\0'),(1137,'81','BOLSA 7X10 COLOR','BOLSA 7X10 COLOR',8,NULL,13,NULL,NULL,700.00000,560.00000,NULL,NULL,140.00,64.00,'2019-02-01 12:30:21','2019-02-01 12:30:21','2019-02-01 12:30:21','\0'),(1138,'82','BOLSA 8X12 COLOR','BOLSA 8X12 COLOR',8,NULL,13,NULL,NULL,1200.00000,960.00000,NULL,NULL,240.00,99.00,'2019-02-01 12:30:21','2019-02-01 12:30:21','2019-02-01 12:30:21','\0'),(1139,'83','BOLSA 9x14 COLOR','BOLSA 9x14 COLOR',8,NULL,13,NULL,NULL,1400.00000,1120.00000,NULL,NULL,280.00,0.00,'2019-02-01 12:30:21','2019-02-01 12:30:21','2019-02-01 12:30:21','\0'),(1140,'84','BOLSA ALUMINCA MEDIO POLLO FRESH','BOLSA ALUMINCA MEDIO POLLO FRESH',8,NULL,13,NULL,NULL,2000.00000,1600.00000,NULL,NULL,400.00,22.00,'2019-02-01 12:30:21','2019-02-01 12:30:21','2019-02-01 12:30:21','\0'),(1141,'85','BOLSA BASURA','BOLSA BASURA',8,NULL,13,NULL,NULL,1800.00000,1440.00000,NULL,NULL,360.00,75.00,'2019-02-01 12:30:21','2019-02-01 12:30:21','2019-02-01 12:30:21','\0'),(1142,'86','BOLSA BASURA NN','BOLSA BASURA NN',8,NULL,13,NULL,NULL,3800.00000,3040.00000,NULL,NULL,760.00,30.00,'2019-02-01 12:30:21','2019-02-01 12:30:21','2019-02-01 12:30:21','\0'),(1143,'87','BOLSA BLANCA 5X8','BOLSA BLANCA 5X8',8,NULL,13,NULL,NULL,500.00000,400.00000,NULL,NULL,100.00,50.00,'2019-02-01 12:30:21','2019-02-01 12:30:21','2019-02-01 12:30:21','\0'),(1144,'88','BOLSA BLANCA 6 X 9','BOLSA BLANCA 6 X 9',8,NULL,13,NULL,NULL,600.00000,480.00000,NULL,NULL,120.00,123.00,'2019-02-01 12:30:21','2019-02-01 12:30:21','2019-02-01 12:30:21','\0'),(1145,'89','BOLSA BLANCA 7 X 10','BOLSA BLANCA 7 X 10',8,NULL,13,NULL,NULL,700.00000,560.00000,NULL,NULL,140.00,41.00,'2019-02-01 12:30:21','2019-02-01 12:30:21','2019-02-01 12:30:21','\0'),(1146,'90','BOLSA BOLI CORTO','BOLSA BOLI CORTO',8,NULL,13,NULL,NULL,350.00000,280.00000,NULL,NULL,70.00,136.00,'2019-02-01 12:30:21','2019-02-01 12:30:21','2019-02-01 12:30:21','\0'),(1147,'91','BOLSA BOLI LARGO','BOLSA BOLI LARGO',8,NULL,13,NULL,NULL,400.00000,320.00000,NULL,NULL,80.00,51.00,'2019-02-01 12:30:21','2019-02-01 12:30:21','2019-02-01 12:30:21','\0'),(1148,'92','BOLSA CHICHERA','BOLSA CHICHERA',8,NULL,13,NULL,NULL,500.00000,400.00000,NULL,NULL,100.00,2.00,'2019-02-01 12:30:21','2019-02-01 12:30:21','2019-02-01 12:30:21','\0'),(1149,'93','BOLSA COLOR 8X18','BOLSA COLOR 8X18',8,NULL,13,NULL,NULL,1200.00000,960.00000,NULL,NULL,240.00,20.00,'2019-02-01 12:30:21','2019-02-01 12:30:21','2019-02-01 12:30:21','\0'),(1150,'94','BOLSA HIELO JUMBO SILICONA','BOLSA HIELO JUMBO SILICONA',8,NULL,19,NULL,NULL,1000.00000,800.00000,NULL,NULL,200.00,166.00,'2019-02-01 12:30:21','2019-02-01 12:30:21','2019-02-01 12:30:21','\0'),(1151,'95','BOLSA HIELO PEQUEÑO','BOLSA HIELO PEQUEÑO',8,NULL,13,NULL,NULL,650.00000,520.00000,NULL,NULL,130.00,31.00,'2019-02-01 12:30:21','2019-02-01 12:30:21','2019-02-01 12:30:21','\0'),(1152,'96','BOLSA LUMINICA L 17','BOLSA LUMINICA L 17',8,NULL,13,NULL,NULL,1500.00000,1200.00000,NULL,NULL,300.00,13.00,'2019-02-01 12:30:21','2019-02-01 12:30:21','2019-02-01 12:30:21','\0'),(1153,'97','BOLSA LUMINICA L 19','BOLSA LUMINICA L 19',8,NULL,13,NULL,NULL,2000.00000,1600.00000,NULL,NULL,400.00,64.00,'2019-02-01 12:30:21','2019-02-01 12:30:21','2019-02-01 12:30:21','\0'),(1154,'98','BOLSA LUMINICA L 20','BOLSA LUMINICA L 20',8,NULL,13,NULL,NULL,2200.00000,1760.00000,NULL,NULL,440.00,18.00,'2019-02-01 12:30:21','2019-02-01 12:30:21','2019-02-01 12:30:21','\0'),(1155,'99','BOLSA LUMINICA L 23','BOLSA LUMINICA L 23',8,NULL,13,NULL,NULL,0.00000,0.00000,NULL,NULL,0.00,9.00,'2019-02-01 12:30:21','2019-02-01 12:30:21','2019-02-01 12:30:21','\0'),(1156,'100','BOLSA LUMINICA L 26','BOLSA LUMINICA L 26',8,NULL,13,NULL,NULL,0.00000,0.00000,NULL,NULL,0.00,0.00,'2019-02-01 12:30:21','2019-02-01 12:30:21','2019-02-01 12:30:21','\0'),(1157,'101','BOLSA PAN FRANCES','BOLSA PAN FRANCES',8,NULL,13,NULL,NULL,3000.00000,2400.00000,NULL,NULL,600.00,6.00,'2019-02-01 12:30:21','2019-02-01 12:30:21','2019-02-01 12:30:21','\0'),(1158,'102','BOLSA PAPEL 1/2LB','BOLSA PAPEL 1/2LB',8,NULL,19,NULL,NULL,1800.00000,1440.00000,NULL,NULL,360.00,50.00,'2019-02-01 12:30:21','2019-02-01 12:30:21','2019-02-01 12:30:21','\0'),(1159,'103','BOLSA PAPEL 1LB','BOLSA PAPEL 1LB',8,NULL,13,NULL,NULL,2200.00000,1760.00000,NULL,NULL,440.00,7.00,'2019-02-01 12:30:21','2019-02-01 12:30:21','2019-02-01 12:30:21','\0'),(1160,'104','BOLSA PAPEL 2LB','BOLSA PAPEL 2LB',8,NULL,13,NULL,NULL,2800.00000,2240.00000,NULL,NULL,560.00,19.50,'2019-02-01 12:30:21','2019-02-01 12:30:21','2019-02-01 12:30:21','\0'),(1161,'105','BOLSA PAPEL 3LB','BOLSA PAPEL 3LB',8,NULL,13,NULL,NULL,3800.00000,3040.00000,NULL,NULL,760.00,4.50,'2019-02-01 12:30:21','2019-02-01 12:30:21','2019-02-01 12:30:21','\0'),(1162,'106','BOLSA PAPEL 6 LB','BOLSA PAPEL 6 LB',8,NULL,13,NULL,NULL,6200.00000,4960.00000,NULL,NULL,1240.00,10.00,'2019-02-01 12:30:21','2019-02-01 12:30:21','2019-02-01 12:30:21','\0'),(1163,'107','BOLSA PASTILLERA 4X8','BOLSA PASTILLERA 4X8',8,NULL,13,NULL,NULL,350.00000,280.00000,NULL,NULL,70.00,47.00,'2019-02-01 12:30:21','2019-02-01 12:30:21','2019-02-01 12:30:21','\0'),(1164,'108','BOLSA SABOR SABOR 7X10','BOLSA SABOR SABOR 7X10',8,NULL,13,NULL,NULL,2200.00000,1760.00000,NULL,NULL,440.00,1.00,'2019-02-01 12:30:21','2019-02-01 12:30:21','2019-02-01 12:30:21','\0'),(1165,'109','BOLSA TRANSPARENTE 10X14','BOLSA TRANSPARENTE 10X14',8,NULL,13,NULL,NULL,1600.00000,1280.00000,NULL,NULL,320.00,34.00,'2019-02-01 12:30:21','2019-02-01 12:30:21','2019-02-01 12:30:21','\0'),(1166,'110','BOLSA TRANSPARENTE 10X16','BOLSA TRANSPARENTE 10X16',8,NULL,13,NULL,NULL,2200.00000,1760.00000,NULL,NULL,440.00,22.00,'2019-02-01 12:30:21','2019-02-01 12:30:21','2019-02-01 12:30:21','\0'),(1167,'111','BOLSA TRANSPARENTE 12X18','BOLSA TRANSPARENTE 12X18',8,NULL,13,NULL,NULL,3500.00000,2800.00000,NULL,NULL,700.00,12.00,'2019-02-01 12:30:21','2019-02-01 12:30:21','2019-02-01 12:30:21','\0'),(1168,'112','BOLSA TRANSPARENTE 12X18','BOLSA TRANSPARENTE 12X18',8,NULL,13,NULL,NULL,2000.00000,1600.00000,NULL,NULL,400.00,9.00,'2019-02-01 12:30:21','2019-02-01 12:30:21','2019-02-01 12:30:21','\0'),(1169,'113','BOLSA TRANSPARENTE 14X20','BOLSA TRANSPARENTE 14X20',8,NULL,13,NULL,NULL,3500.00000,2800.00000,NULL,NULL,700.00,18.00,'2019-02-01 12:30:21','2019-02-01 12:30:21','2019-02-01 12:30:21','\0'),(1170,'114','BOLSA TRANSPARENTE 15X22','BOLSA TRANSPARENTE 15X22',8,NULL,13,NULL,NULL,3800.00000,3040.00000,NULL,NULL,760.00,34.00,'2019-02-01 12:30:21','2019-02-01 12:30:21','2019-02-01 12:30:21','\0'),(1171,'115','BOLSA TRANSPARENTE 18X30','BOLSA TRANSPARENTE 18X30',8,NULL,13,NULL,NULL,3500.00000,2800.00000,NULL,NULL,700.00,26.00,'2019-02-04 23:04:16','2019-02-05 04:04:16','2019-02-05 04:04:16','\0'),(1172,'116','BOLSA TRANSPARENTE 5X8','BOLSA TRANSPARENTE 5X8',8,NULL,13,NULL,NULL,500.00000,400.00000,NULL,NULL,100.00,71.00,'2019-02-01 12:30:21','2019-02-01 12:30:21','2019-02-01 12:30:21','\0'),(1173,'117','BOLSA TRANSPARENTE 6X9','BOLSA TRANSPARENTE 6X9',8,NULL,13,NULL,NULL,700.00000,560.00000,NULL,NULL,140.00,40.00,'2019-02-01 12:30:21','2019-02-01 12:30:21','2019-02-01 12:30:21','\0'),(1174,'118','BOLSA TRANSPARENTE 8X12','BOLSA TRANSPARENTE 8X12',8,NULL,13,NULL,NULL,1200.00000,960.00000,NULL,NULL,240.00,83.00,'2019-02-01 12:30:21','2019-02-01 12:30:21','2019-02-01 12:30:21','\0'),(1175,'119','BOLSA TRANSPARENTE 8X18','BOLSA TRANSPARENTE 8X18',8,NULL,13,NULL,NULL,2000.00000,1600.00000,NULL,NULL,400.00,24.00,'2019-02-01 12:30:21','2019-02-01 12:30:21','2019-02-01 12:30:21','\0'),(1176,'120','BOLSA TRANSPARENTE 9X14','BOLSA TRANSPARENTE 9X14',8,NULL,13,NULL,NULL,1700.00000,1360.00000,NULL,NULL,340.00,50.00,'2019-02-01 12:30:21','2019-02-01 12:30:21','2019-02-01 12:30:21','\0'),(1177,'121','BOLSA TTRANSPARENTE 7X10','BOLSA TTRANSPARENTE 7X10',8,NULL,13,NULL,NULL,900.00000,720.00000,NULL,NULL,180.00,28.00,'2019-02-01 12:30:21','2019-02-01 12:30:21','2019-02-01 12:30:21','\0'),(1178,'122','BOMBOM PIMPOM PAQUETE','BOMBOM PIMPOM PAQUETE',9,NULL,13,NULL,NULL,4200.00000,3360.00000,NULL,NULL,840.00,47.00,'2019-02-01 12:30:21','2019-02-01 12:30:21','2019-02-01 12:30:21','\0'),(1179,'123','BOMBOM PIMPOM UNIDAD','BOMBOM PIMPOM UNIDAD',9,NULL,19,NULL,NULL,200.00000,160.00000,NULL,NULL,40.00,24.00,'2019-02-01 12:30:21','2019-02-01 12:30:21','2019-02-01 12:30:21','\0'),(1180,'124','BOMBOM YOGUETA PAQUETE','BOMBOM YOGUETA PAQUETE',9,NULL,13,NULL,NULL,0.00000,0.00000,NULL,NULL,0.00,5.00,'2019-02-01 12:30:21','2019-02-01 12:30:21','2019-02-01 12:30:21','\0'),(1181,'125','BOMBOM YOGUETA UNIDAD','BOMBOM YOGUETA UNIDAD',9,NULL,19,NULL,NULL,250.00000,200.00000,NULL,NULL,50.00,17.00,'2019-02-01 12:30:21','2019-02-01 12:30:21','2019-02-01 12:30:21','\0'),(1182,'126','BOMBOMBUM PAQUETE','BOMBOMBUM PAQUETE',9,NULL,13,NULL,NULL,4400.00000,3520.00000,NULL,NULL,880.00,53.00,'2019-02-01 12:30:21','2019-02-01 12:30:21','2019-02-01 12:30:21','\0'),(1183,'127','BOMBOMBUM UNIDAD','BOMBOMBUM UNIDAD',9,NULL,19,NULL,NULL,200.00000,160.00000,NULL,NULL,40.00,52.00,'2019-02-01 12:30:21','2019-02-01 12:30:21','2019-02-01 12:30:21','\0'),(1184,'128','BOTELLA AGUA CRISTALINA','BOTELLA AGUA CRISTALINA',5,NULL,3,NULL,NULL,300.00000,240.00000,NULL,NULL,60.00,22.00,'2019-02-01 12:30:21','2019-02-01 12:30:21','2019-02-01 12:30:21','\0'),(1185,'129','BREVAS X 310','BREVAS X 310',11,NULL,19,NULL,NULL,7800.00000,6240.00000,NULL,NULL,1560.00,2.00,'2019-02-01 12:30:21','2019-02-01 12:30:21','2019-02-01 12:30:21','\0'),(1186,'130','BUBALU CAJA','BUBALU CAJA',9,NULL,5,NULL,NULL,6200.00000,4960.00000,NULL,NULL,1240.00,7.00,'2019-02-01 12:30:21','2019-02-01 12:30:21','2019-02-01 12:30:21','\0'),(1187,'131','BUBALU UNIDAD','BUBALU UNIDAD',9,NULL,19,NULL,NULL,100.00000,80.00000,NULL,NULL,20.00,100.00,'2019-02-01 12:30:21','2019-02-01 12:30:21','2019-02-01 12:30:21','\0'),(1188,'132','BUTIFARRA CUNIT','BUTIFARRA CUNIT',6,NULL,13,NULL,NULL,7200.00000,5760.00000,NULL,NULL,1440.00,10.00,'2019-02-01 12:30:21','2019-02-01 12:30:21','2019-02-01 12:30:21','\0'),(1189,'133','BUTIFARRA CUNIT','BUTIFARRA CUNIT',7,NULL,19,NULL,NULL,7200.00000,5760.00000,NULL,NULL,1440.00,10.00,'2019-02-01 12:30:21','2019-02-01 12:30:21','2019-02-01 12:30:21','\0'),(1190,'134','BUTIFARRA PARICIEN','BUTIFARRA PARICIEN',6,NULL,13,NULL,NULL,7000.00000,5600.00000,NULL,NULL,1400.00,0.00,'2019-02-01 12:30:21','2019-02-01 12:30:21','2019-02-01 12:30:21','\0'),(1191,'135','C1','C1',8,NULL,19,NULL,NULL,120.00000,96.00000,NULL,NULL,24.00,2070.00,'2019-02-01 12:30:21','2019-02-01 12:30:21','2019-02-01 12:30:21','\0'),(1192,'136','CAJ PUDIN 1 LB SENCILLA','CAJ PUDIN 1 LB SENCILLA',13,NULL,19,NULL,NULL,1400.00000,1120.00000,NULL,NULL,280.00,34.00,'2019-02-01 12:30:21','2019-02-01 12:30:21','2019-02-01 12:30:21','\0'),(1193,'137','CAJ PUDIN 1LB MALETA','CAJ PUDIN 1LB MALETA',13,NULL,19,NULL,NULL,1600.00000,1280.00000,NULL,NULL,320.00,95.00,'2019-02-01 12:30:21','2019-02-01 12:30:21','2019-02-01 12:30:21','\0'),(1194,'138','CAJA PIZZ LARGE','CAJA PIZZ LARGE',7,NULL,19,NULL,NULL,1250.00000,1000.00000,NULL,NULL,250.00,124.00,'2019-02-01 12:30:21','2019-02-01 12:30:21','2019-02-01 12:30:21','\0'),(1195,'139','CAJA PIZZ MEDIUN','CAJA PIZZ MEDIUN',7,NULL,19,NULL,NULL,1100.00000,880.00000,NULL,NULL,220.00,31.00,'2019-02-01 12:30:21','2019-02-01 12:30:21','2019-02-01 12:30:21','\0'),(1196,'140','CAJA PIZZ SMOLL','CAJA PIZZ SMOLL',7,NULL,19,NULL,NULL,900.00000,720.00000,NULL,NULL,180.00,45.00,'2019-02-01 12:30:21','2019-02-01 12:30:21','2019-02-01 12:30:21','\0'),(1197,'141','CAJA PIZZA PERSONAL','CAJA PIZZA PERSONAL',7,NULL,19,NULL,NULL,800.00000,640.00000,NULL,NULL,160.00,17.00,'2019-02-01 12:30:21','2019-02-01 12:30:21','2019-02-01 12:30:21','\0'),(1198,'142','CAJA PUDIN 1/2','CAJA PUDIN 1/2',13,NULL,19,NULL,NULL,1100.00000,880.00000,NULL,NULL,220.00,30.00,'2019-02-01 12:30:21','2019-02-01 12:30:21','2019-02-01 12:30:21','\0'),(1199,'143','CAJA PUDIN 2LB','CAJA PUDIN 2LB',13,NULL,19,NULL,NULL,2600.00000,2080.00000,NULL,NULL,520.00,26.00,'2019-02-01 12:30:21','2019-02-01 12:30:21','2019-02-01 12:30:21','\0'),(1200,'144','CAJA PUDIN LIBRA Y MEDIA ','CAJA PUDIN LIBRA Y MEDIA ',13,NULL,19,NULL,NULL,1600.00000,1280.00000,NULL,NULL,320.00,16.00,'2019-02-01 12:30:21','2019-02-01 12:30:21','2019-02-01 12:30:21','\0'),(1201,'145','CAJA SUPER ACIDO SHA','CAJA SUPER ACIDO SHA',9,NULL,5,NULL,NULL,6000.00000,4800.00000,NULL,NULL,1200.00,16.00,'2019-02-01 12:30:21','2019-02-01 12:30:21','2019-02-01 12:30:21','\0'),(1202,'146','CANELA ASTILLADA','CANELA ASTILLADA',11,NULL,8,NULL,NULL,90000.00000,72000.00000,NULL,NULL,18000.00,670.00,'2019-02-01 12:30:21','2019-02-01 12:30:21','2019-02-01 12:30:21','\0'),(1203,'147','CARNE HAMBUR CUNIT X 10 UND','CARNE HAMBUR CUNIT X 10 UND',7,NULL,13,NULL,NULL,9600.00000,7680.00000,NULL,NULL,1920.00,8.00,'2019-02-01 12:30:21','2019-02-01 12:30:21','2019-02-01 12:30:21','\0'),(1204,'148','CARNE HAMBUR PARISIEN','CARNE HAMBUR PARISIEN',6,NULL,13,NULL,NULL,0.00000,0.00000,NULL,NULL,0.00,0.00,'2019-02-01 12:30:21','2019-02-01 12:30:21','2019-02-01 12:30:21','\0'),(1205,'149','CARNE HAMBURGUESA MONTEFRIO','CARNE HAMBURGUESA MONTEFRIO',7,NULL,13,NULL,NULL,7500.00000,6000.00000,NULL,NULL,1500.00,3.00,'2019-02-01 12:30:21','2019-02-01 12:30:21','2019-02-01 12:30:21','\0'),(1206,'150','CARNE HAMBURGUESA SANTA CRUZ','CARNE HAMBURGUESA SANTA CRUZ',7,NULL,13,NULL,NULL,6000.00000,4800.00000,NULL,NULL,1200.00,6.00,'2019-02-01 12:30:21','2019-02-01 12:30:21','2019-02-01 12:30:21','\0'),(1207,'151','CAZADORA CUNIT','CAZADORA CUNIT',6,NULL,13,NULL,NULL,8000.00000,6400.00000,NULL,NULL,1600.00,2.00,'2019-02-01 12:30:21','2019-02-01 12:30:21','2019-02-01 12:30:21','\0'),(1208,'152','CEREZA ENTERA 125','CEREZA ENTERA 125',11,NULL,19,NULL,NULL,3700.00000,2960.00000,NULL,NULL,740.00,26.00,'2019-02-01 12:30:21','2019-02-01 12:30:21','2019-02-01 12:30:21','\0'),(1209,'153','CEREZA ENTERA 4000 UNIDAD','CEREZA ENTERA 4000 UNIDAD',11,NULL,8,NULL,NULL,200.00000,160.00000,NULL,NULL,40.00,3500.00,'2019-02-01 12:30:21','2019-02-01 12:30:21','2019-02-01 12:30:21','\0'),(1210,'154','CERVERONI CUNIT','CERVERONI CUNIT',7,NULL,19,NULL,NULL,16000.00000,12800.00000,NULL,NULL,3200.00,0.00,'2019-02-01 12:30:21','2019-02-01 12:30:21','2019-02-01 12:30:21','\0'),(1211,'155','CHAMPIÑON 400 GR','CHAMPIÑON 400 GR',7,NULL,10,NULL,NULL,0.00000,0.00000,NULL,NULL,0.00,2.00,'2019-02-01 12:30:21','2019-02-01 12:30:21','2019-02-01 12:30:21','\0'),(1212,'156','CHAMPIÑON TAJADO','CHAMPIÑON TAJADO',11,NULL,19,NULL,NULL,4700.00000,3760.00000,NULL,NULL,940.00,2.00,'2019-02-01 12:30:21','2019-02-01 12:30:21','2019-02-01 12:30:21','\0'),(1213,'157','CHANTILLI KILO','CHANTILLI KILO',13,NULL,2,NULL,NULL,27000.00000,21600.00000,NULL,NULL,5400.00,2.00,'2019-02-01 12:30:21','2019-02-01 12:30:21','2019-02-01 12:30:21','\0'),(1214,'158','CHESTRIS PAQUETE','CHESTRIS PAQUETE',9,NULL,13,NULL,NULL,10800.00000,8640.00000,NULL,NULL,2160.00,0.00,'2019-02-01 12:30:21','2019-02-01 12:30:21','2019-02-01 12:30:21','\0'),(1215,'159','CHESTRIS UNIDAD','CHESTRIS UNIDAD',9,NULL,19,NULL,NULL,1000.00000,800.00000,NULL,NULL,200.00,4.00,'2019-02-01 12:30:21','2019-02-01 12:30:21','2019-02-01 12:30:21','\0'),(1216,'160','CHETOS GRANDES','CHETOS GRANDES',9,NULL,13,NULL,NULL,1000.00000,800.00000,NULL,NULL,200.00,18.00,'2019-02-01 12:30:21','2019-02-01 12:30:21','2019-02-01 12:30:21','\0'),(1217,'161','CHIC OKALOKA','CHIC OKALOKA',9,NULL,19,NULL,NULL,500.00000,400.00000,NULL,NULL,100.00,0.00,'2019-02-01 12:30:21','2019-02-01 12:30:21','2019-02-01 12:30:21','\0'),(1218,'162','CHICHARRON','CHICHARRON',9,NULL,13,NULL,NULL,0.00000,0.00000,NULL,NULL,0.00,0.00,'2019-02-01 12:30:21','2019-02-01 12:30:21','2019-02-01 12:30:21','\0'),(1219,'163','CHICHARRON PAQUETE','CHICHARRON PAQUETE',9,NULL,13,NULL,NULL,2800.00000,2240.00000,NULL,NULL,560.00,9.00,'2019-02-01 12:30:21','2019-02-01 12:30:21','2019-02-01 12:30:21','\0'),(1220,'164','CHICLE SUPER ACIDO','CHICLE SUPER ACIDO',9,NULL,19,NULL,NULL,100.00000,80.00000,NULL,NULL,20.00,0.00,'2019-02-01 12:30:21','2019-02-01 12:30:21','2019-02-01 12:30:21','\0'),(1221,'165','CHICLE SUPER ACIDO CAJA','CHICLE SUPER ACIDO CAJA',9,NULL,5,NULL,NULL,5500.00000,4400.00000,NULL,NULL,1100.00,8.00,'2019-02-01 12:30:21','2019-02-01 12:30:21','2019-02-01 12:30:21','\0'),(1222,'166','CHICLEES ADAMS CAJA','CHICLEES ADAMS CAJA',9,NULL,5,NULL,NULL,7800.00000,6240.00000,NULL,NULL,1560.00,5.00,'2019-02-01 12:30:21','2019-02-01 12:30:21','2019-02-01 12:30:21','\0'),(1223,'167','CHICLES ADAMS','CHICLES ADAMS',9,NULL,19,NULL,NULL,100.00000,80.00000,NULL,NULL,20.00,89.00,'2019-02-01 12:30:21','2019-02-01 12:30:21','2019-02-01 12:30:21','\0'),(1224,'168','CHIP CHO BCO','CHIP CHO BCO',11,NULL,8,NULL,NULL,19500.00000,15600.00000,NULL,NULL,3900.00,1620.00,'2019-02-01 12:30:21','2019-02-01 12:30:21','2019-02-01 12:30:21','\0'),(1225,'169','CHIP CHOCOLA','CHIP CHOCOLA',11,NULL,8,NULL,NULL,19000.00000,15200.00000,NULL,NULL,3800.00,620.00,'2019-02-01 12:30:21','2019-02-01 12:30:21','2019-02-01 12:30:21','\0'),(1226,'170','CHISTRI PAQUETE','CHISTRI PAQUETE',9,NULL,13,NULL,NULL,10800.00000,8640.00000,NULL,NULL,2160.00,4.00,'2019-02-01 12:30:21','2019-02-01 12:30:21','2019-02-01 12:30:21','\0'),(1227,'171','CHISTRI UNIDAD','CHISTRI UNIDAD',9,NULL,19,NULL,NULL,1000.00000,800.00000,NULL,NULL,200.00,0.00,'2019-02-01 12:30:21','2019-02-01 12:30:21','2019-02-01 12:30:21','\0'),(1228,'172','CHOCLITOS','CHOCLITOS',9,NULL,19,NULL,NULL,600.00000,480.00000,NULL,NULL,120.00,4.00,'2019-02-01 12:30:21','2019-02-01 12:30:21','2019-02-01 12:30:21','\0'),(1229,'173','CHOCO KRISPYS SOBRE','CHOCO KRISPYS SOBRE',9,NULL,16,NULL,NULL,1000.00000,800.00000,NULL,NULL,200.00,9.00,'2019-02-01 12:30:21','2019-02-01 12:30:21','2019-02-01 12:30:21','\0'),(1230,'174','CHOCOBALL PAQUTE','CHOCOBALL PAQUTE',9,NULL,13,NULL,NULL,3500.00000,2800.00000,NULL,NULL,700.00,0.00,'2019-02-01 12:30:21','2019-02-01 12:30:21','2019-02-01 12:30:21','\0'),(1231,'175','CHOCOBALL UNIDAD','CHOCOBALL UNIDAD',9,NULL,19,NULL,NULL,100.00000,80.00000,NULL,NULL,20.00,0.00,'2019-02-01 12:30:21','2019-02-01 12:30:21','2019-02-01 12:30:21','\0'),(1232,'176','CHOCOBREAK BLANCO PAQUETE','CHOCOBREAK BLANCO PAQUETE',9,NULL,13,NULL,NULL,5000.00000,4000.00000,NULL,NULL,1000.00,5.00,'2019-02-01 12:30:21','2019-02-01 12:30:21','2019-02-01 12:30:21','\0'),(1233,'177','CHOCOBREAK BLANCO UNIDAD','CHOCOBREAK BLANCO UNIDAD',9,NULL,19,NULL,NULL,200.00000,160.00000,NULL,NULL,40.00,0.00,'2019-02-01 12:30:21','2019-02-01 12:30:21','2019-02-01 12:30:21','\0'),(1234,'178','CHOCOBREAK ROJO','CHOCOBREAK ROJO',9,NULL,13,NULL,NULL,3500.00000,2800.00000,NULL,NULL,700.00,8.00,'2019-02-01 12:30:21','2019-02-01 12:30:21','2019-02-01 12:30:21','\0'),(1235,'179','CHOCODISK SOBRE','CHOCODISK SOBRE',9,NULL,16,NULL,NULL,500.00000,400.00000,NULL,NULL,100.00,8.00,'2019-02-01 12:30:21','2019-02-01 12:30:21','2019-02-01 12:30:21','\0'),(1236,'180','CHOCOJEF COCO PAQUETE','CHOCOJEF COCO PAQUETE',9,NULL,13,NULL,NULL,7000.00000,5600.00000,NULL,NULL,1400.00,0.00,'2019-02-01 12:30:21','2019-02-01 12:30:21','2019-02-01 12:30:21','\0'),(1237,'181','CHOCOJEF COCO UNIDAD','CHOCOJEF COCO UNIDAD',9,NULL,19,NULL,NULL,1200.00000,960.00000,NULL,NULL,240.00,12.00,'2019-02-01 12:30:21','2019-02-01 12:30:21','2019-02-01 12:30:21','\0'),(1238,'182','CHOCOLATE GOL UNIDAD','CHOCOLATE GOL UNIDAD',9,NULL,19,NULL,NULL,800.00000,640.00000,NULL,NULL,160.00,2.00,'2019-02-01 12:30:21','2019-02-01 12:30:21','2019-02-01 12:30:21','\0'),(1239,'183','CHOCOLATE GOLD CAJA','CHOCOLATE GOLD CAJA',9,NULL,5,NULL,NULL,14000.00000,11200.00000,NULL,NULL,2800.00,2.00,'2019-02-01 12:30:21','2019-02-01 12:30:21','2019-02-01 12:30:21','\0'),(1240,'184','CHOCOLATINA JEF','CHOCOLATINA JEF',9,NULL,19,NULL,NULL,400.00000,320.00000,NULL,NULL,80.00,100.00,'2019-02-01 12:30:21','2019-02-01 12:30:21','2019-02-01 12:30:21','\0'),(1241,'185','CHOCOLATINA JEF 30 GR UNIDAD','CHOCOLATINA JEF 30 GR UNIDAD',9,NULL,19,NULL,NULL,500.00000,400.00000,NULL,NULL,100.00,0.00,'2019-02-01 12:30:21','2019-02-01 12:30:21','2019-02-01 12:30:21','\0'),(1242,'186','CHOCOLATINA JEF 30 GR X 50','CHOCOLATINA JEF 30 GR X 50',9,NULL,13,NULL,NULL,19000.00000,15200.00000,NULL,NULL,3800.00,0.00,'2019-02-01 12:30:21','2019-02-01 12:30:21','2019-02-01 12:30:21','\0'),(1243,'187','CHOCOLATINA JEF BURBUJA PAQUETE','CHOCOLATINA JEF BURBUJA PAQUETE',9,NULL,13,NULL,NULL,4900.00000,3920.00000,NULL,NULL,980.00,0.00,'2019-02-01 12:30:21','2019-02-01 12:30:21','2019-02-01 12:30:21','\0'),(1244,'188','CHOCOLATINA JEF BURBUJA UNIDAD','CHOCOLATINA JEF BURBUJA UNIDAD',9,NULL,19,NULL,NULL,500.00000,400.00000,NULL,NULL,100.00,18.00,'2019-02-01 12:30:21','2019-02-01 12:30:21','2019-02-01 12:30:21','\0'),(1245,'189','CHOCOLATINA JET SURTIDA X 24','CHOCOLATINA JET SURTIDA X 24',9,NULL,19,NULL,NULL,3750.00000,3000.00000,NULL,NULL,750.00,3.00,'2019-02-01 12:30:21','2019-02-01 12:30:21','2019-02-01 12:30:21','\0'),(1246,'190','CHOCOLATINA JET UNIDAD','CHOCOLATINA JET UNIDAD',9,NULL,19,NULL,NULL,200.00000,160.00000,NULL,NULL,40.00,26.00,'2019-02-01 12:30:21','2019-02-01 12:30:21','2019-02-01 12:30:21','\0'),(1247,'191','CHOCOLATINA JUMBO CRUJI UNIDAD','CHOCOLATINA JUMBO CRUJI UNIDAD',9,NULL,19,NULL,NULL,2500.00000,2000.00000,NULL,NULL,500.00,0.00,'2019-02-01 12:30:21','2019-02-01 12:30:21','2019-02-01 12:30:21','\0'),(1248,'192','CHOCOLATINA LECHE MUU','CHOCOLATINA LECHE MUU',9,NULL,5,NULL,NULL,300.00000,240.00000,NULL,NULL,60.00,2.00,'2019-02-01 12:30:21','2019-02-01 12:30:21','2019-02-01 12:30:21','\0'),(1249,'193','CHOCOLATINA LECHE MUU','CHOCOLATINA LECHE MUU',9,NULL,19,NULL,NULL,500.00000,400.00000,NULL,NULL,100.00,22.00,'2019-02-01 12:30:21','2019-02-01 12:30:21','2019-02-01 12:30:21','\0'),(1250,'194','CHOCOMELO','CHOCOMELO',9,NULL,19,NULL,NULL,700.00000,560.00000,NULL,NULL,140.00,5.00,'2019-02-01 12:30:21','2019-02-01 12:30:21','2019-02-01 12:30:21','\0'),(1251,'195','CHONGO BLISS X 1000 GRAMOS','CHONGO BLISS X 1000 GRAMOS',7,NULL,2,NULL,NULL,4900.00000,3920.00000,NULL,NULL,980.00,0.00,'2019-02-01 12:30:21','2019-02-01 12:30:21','2019-02-01 12:30:21','\0'),(1252,'196','CHONGO BONNY X 1000','CHONGO BONNY X 1000',7,NULL,2,NULL,NULL,5000.00000,4000.00000,NULL,NULL,1000.00,13.00,'2019-02-01 12:30:21','2019-02-01 12:30:21','2019-02-01 12:30:21','\0'),(1253,'197','CHONGO LIBRA','CHONGO LIBRA',7,NULL,2,NULL,NULL,2200.00000,1760.00000,NULL,NULL,440.00,11.00,'2019-02-01 12:30:21','2019-02-01 12:30:21','2019-02-01 12:30:21','\0'),(1254,'198','CHONGO RISITOS X 750','CHONGO RISITOS X 750',11,NULL,19,NULL,NULL,4000.00000,3200.00000,NULL,NULL,800.00,67.00,'2019-02-01 12:30:21','2019-02-01 12:30:21','2019-02-01 12:30:21','\0'),(1255,'199','CHONGO SAN MIGUEL','CHONGO SAN MIGUEL',7,NULL,2,NULL,NULL,3900.00000,3120.00000,NULL,NULL,780.00,0.00,'2019-02-01 12:30:21','2019-02-01 12:30:21','2019-02-01 12:30:21','\0'),(1256,'200','CHONGO X 150 GR','CHONGO X 150 GR',7,NULL,2,NULL,NULL,1200.00000,960.00000,NULL,NULL,240.00,35.00,'2019-02-01 12:30:21','2019-02-01 12:30:21','2019-02-01 12:30:21','\0'),(1257,'201','CHORIBUTI','CHORIBUTI',6,NULL,11,NULL,NULL,5600.00000,4480.00000,NULL,NULL,1120.00,172.00,'2019-02-01 12:30:21','2019-02-01 12:30:21','2019-02-01 12:30:21','\0'),(1258,'202','CHORIZO CARIBE X 5','CHORIZO CARIBE X 5',6,NULL,13,NULL,NULL,6800.00000,5440.00000,NULL,NULL,1360.00,1.00,'2019-02-01 12:30:21','2019-02-01 12:30:21','2019-02-01 12:30:21','\0'),(1259,'203','CHORIZO CUNIT','CHORIZO CUNIT',6,NULL,13,NULL,NULL,8200.00000,6560.00000,NULL,NULL,1640.00,10.00,'2019-02-01 12:30:21','2019-02-01 12:30:21','2019-02-01 12:30:21','\0'),(1260,'204','CHORIZO PARICIEN 500 GRAMOS','CHORIZO PARICIEN 500 GRAMOS',6,NULL,13,NULL,NULL,8200.00000,6560.00000,NULL,NULL,1640.00,12.00,'2019-02-01 12:30:21','2019-02-01 12:30:21','2019-02-01 12:30:21','\0'),(1261,'205','CHORIZO PARRILLA X 5 CUNIT','CHORIZO PARRILLA X 5 CUNIT',7,NULL,13,NULL,NULL,7500.00000,6000.00000,NULL,NULL,1500.00,17.00,'2019-02-01 12:30:21','2019-02-01 12:30:21','2019-02-01 12:30:21','\0'),(1262,'206','CHORIZO SALSAN','CHORIZO SALSAN',6,NULL,13,NULL,NULL,6800.00000,5440.00000,NULL,NULL,1360.00,0.00,'2019-02-01 12:30:21','2019-02-01 12:30:21','2019-02-01 12:30:21','\0'),(1263,'207','CHUPETA TIPITIN PAQUETE','CHUPETA TIPITIN PAQUETE',9,NULL,13,NULL,NULL,2300.00000,1840.00000,NULL,NULL,460.00,15.00,'2019-02-01 12:30:21','2019-02-01 12:30:21','2019-02-01 12:30:21','\0'),(1264,'208','CHUPETA TIPITIN UNIDAD','CHUPETA TIPITIN UNIDAD',9,NULL,19,NULL,NULL,150.00000,120.00000,NULL,NULL,30.00,22.00,'2019-02-01 12:30:21','2019-02-01 12:30:21','2019-02-01 12:30:21','\0'),(1265,'209','CHUPETAS UNIDAD','CHUPETAS UNIDAD',9,NULL,19,NULL,NULL,150.00000,120.00000,NULL,NULL,30.00,39.00,'2019-02-01 12:30:21','2019-02-01 12:30:21','2019-02-01 12:30:21','\0'),(1266,'210','CIRUELAS PASAS','CIRUELAS PASAS',11,NULL,8,NULL,NULL,12000.00000,9600.00000,NULL,NULL,2400.00,6300.00,'2019-02-01 12:30:21','2019-02-01 12:30:21','2019-02-01 12:30:21','\0'),(1267,'211','CITRUS BOTELLA 400 ML','CITRUS BOTELLA 400 ML',5,NULL,3,NULL,NULL,1000.00000,800.00000,NULL,NULL,200.00,18.00,'2019-02-01 12:30:21','2019-02-01 12:30:21','2019-02-01 12:30:21','\0'),(1268,'212','CITRUS CAJITA','CITRUS CAJITA',5,NULL,4,NULL,NULL,700.00000,560.00000,NULL,NULL,140.00,25.00,'2019-02-01 12:30:21','2019-02-01 12:30:21','2019-02-01 12:30:21','\0'),(1269,'213','CLAVITO','CLAVITO',11,NULL,8,NULL,NULL,80000.00000,64000.00000,NULL,NULL,16000.00,890.00,'2019-02-01 12:30:21','2019-02-01 12:30:21','2019-02-01 12:30:21','\0'),(1270,'214','COBERTURA DE CHOCOLATE','COBERTURA DE CHOCOLATE',13,NULL,9,NULL,NULL,15000.00000,12000.00000,NULL,NULL,3000.00,3.50,'2019-02-01 12:30:21','2019-02-01 12:30:21','2019-02-01 12:30:21','\0'),(1271,'215','COBERTURA DE CHOCOLATE BLANCO','COBERTURA DE CHOCOLATE BLANCO',13,NULL,2,NULL,NULL,16000.00000,12800.00000,NULL,NULL,3200.00,0.00,'2019-02-01 12:30:21','2019-02-01 12:30:21','2019-02-01 12:30:21','\0'),(1272,'216','COCO DESHIDRATADO','COCO DESHIDRATADO',11,NULL,8,NULL,NULL,19000.00000,15200.00000,NULL,NULL,3800.00,4225.00,'2019-02-01 12:30:21','2019-02-01 12:30:21','2019-02-01 12:30:21','\0'),(1273,'217','COCOA AGRANEL','COCOA AGRANEL',13,NULL,2,NULL,NULL,16000.00000,12800.00000,NULL,NULL,3200.00,0.00,'2019-02-01 12:30:21','2019-02-01 12:30:21','2019-02-01 12:30:21','\0'),(1274,'218','COCOA SUPERIOR 100 GRA','COCOA SUPERIOR 100 GRA',11,NULL,19,NULL,NULL,2800.00000,2240.00000,NULL,NULL,560.00,9.00,'2019-02-01 12:30:21','2019-02-01 12:30:21','2019-02-01 12:30:21','\0'),(1275,'219','COCOA SUPERIOR 220 GRA','COCOA SUPERIOR 220 GRA',11,NULL,19,NULL,NULL,5700.00000,4560.00000,NULL,NULL,1140.00,6.00,'2019-02-01 12:30:21','2019-02-01 12:30:21','2019-02-01 12:30:21','\0'),(1276,'220','COCOA SUPERIOR CORONA X 100 GRAMOS','COCOA SUPERIOR CORONA X 100 GRAMOS',13,NULL,2,NULL,NULL,2800.00000,2240.00000,NULL,NULL,560.00,9.00,'2019-02-01 12:30:21','2019-02-01 12:30:21','2019-02-01 12:30:21','\0'),(1277,'221','COCOA SUPERIOR CORONA X 230 GRAMOS','COCOA SUPERIOR CORONA X 230 GRAMOS',13,NULL,2,NULL,NULL,5800.00000,4640.00000,NULL,NULL,1160.00,6.00,'2019-02-01 12:30:21','2019-02-01 12:30:21','2019-02-01 12:30:21','\0'),(1278,'222','COCOSETE SANDWICH PAQUETE','COCOSETE SANDWICH PAQUETE',9,NULL,13,NULL,NULL,4800.00000,3840.00000,NULL,NULL,960.00,2.00,'2019-02-01 12:30:21','2019-02-01 12:30:21','2019-02-01 12:30:21','\0'),(1279,'223','COCOSETE SANDWICH UNIDAD','COCOSETE SANDWICH UNIDAD',9,NULL,19,NULL,NULL,500.00000,400.00000,NULL,NULL,100.00,0.00,'2019-02-01 12:30:21','2019-02-01 12:30:21','2019-02-01 12:30:21','\0'),(1280,'224','COCOSETTE CAJA','COCOSETTE CAJA',9,NULL,4,NULL,NULL,21900.00000,17520.00000,NULL,NULL,4380.00,2.00,'2019-02-01 12:30:21','2019-02-01 12:30:21','2019-02-01 12:30:21','\0'),(1281,'225','COCOSETTE UNIDAD','COCOSETTE UNIDAD',9,NULL,19,NULL,NULL,1000.00000,800.00000,NULL,NULL,200.00,13.00,'2019-02-01 12:30:21','2019-02-01 12:30:21','2019-02-01 12:30:21','\0'),(1282,'226','COFFE DELAY PAQUETE','COFFE DELAY PAQUETE',9,NULL,13,NULL,NULL,6300.00000,5040.00000,NULL,NULL,1260.00,2.00,'2019-02-01 12:30:21','2019-02-01 12:30:21','2019-02-01 12:30:21','\0'),(1283,'227','COFFE DELAY UNIDAD','COFFE DELAY UNIDAD',9,NULL,19,NULL,NULL,100.00000,80.00000,NULL,NULL,20.00,68.00,'2019-02-01 12:30:21','2019-02-01 12:30:21','2019-02-01 12:30:21','\0'),(1284,'228','COLCAFE SOBRE','COLCAFE SOBRE',9,NULL,16,NULL,NULL,500.00000,400.00000,NULL,NULL,100.00,46.00,'2019-02-01 12:30:21','2019-02-01 12:30:21','2019-02-01 12:30:21','\0'),(1285,'229','COLOR ARTIFICIAL LIQUIDO 7MM','COLOR ARTIFICIAL LIQUIDO 7MM',13,NULL,3,NULL,NULL,2500.00000,2000.00000,NULL,NULL,500.00,5.00,'2019-02-01 12:30:21','2019-02-01 12:30:21','2019-02-01 12:30:21','\0'),(1286,'230','COLOR ARTIFICIAL LIQUIDO GOTERO 60 ML','COLOR ARTIFICIAL LIQUIDO GOTERO 60 ML',13,NULL,3,NULL,NULL,9000.00000,7200.00000,NULL,NULL,1800.00,9.00,'2019-02-01 12:30:21','2019-02-01 12:30:21','2019-02-01 12:30:21','\0'),(1287,'231','COLORANT SOBRE','COLORANT SOBRE',11,NULL,19,NULL,NULL,1300.00000,1040.00000,NULL,NULL,260.00,74.00,'2019-02-01 12:30:21','2019-02-01 12:30:21','2019-02-01 12:30:21','\0'),(1288,'232','COLORANTE ARTIFI POTE','COLORANTE ARTIFI POTE',11,NULL,19,NULL,NULL,10000.00000,8000.00000,NULL,NULL,2000.00,11.00,'2019-02-01 12:30:21','2019-02-01 12:30:21','2019-02-01 12:30:21','\0'),(1289,'233','COLORISANTE ARTIFICIAL POTE','COLORISANTE ARTIFICIAL POTE',11,NULL,19,NULL,NULL,10000.00000,8000.00000,NULL,NULL,2000.00,10.00,'2019-02-01 12:30:21','2019-02-01 12:30:21','2019-02-01 12:30:21','\0'),(1290,'234','CONFITES SURTIDO','CONFITES SURTIDO',9,NULL,13,NULL,NULL,3800.00000,3040.00000,NULL,NULL,760.00,1.00,'2019-02-01 12:30:21','2019-02-01 12:30:21','2019-02-01 12:30:21','\0'),(1291,'235','CONSERVA TAMARINDO','CONSERVA TAMARINDO',9,NULL,15,NULL,NULL,4500.00000,3600.00000,NULL,NULL,900.00,3.00,'2019-02-01 12:30:21','2019-02-01 12:30:21','2019-02-01 12:30:21','\0'),(1292,'236','CONSERVAS PANELITA X 100','CONSERVAS PANELITA X 100',9,NULL,4,NULL,NULL,7500.00000,6000.00000,NULL,NULL,1500.00,3.00,'2019-02-01 12:30:21','2019-02-01 12:30:21','2019-02-01 12:30:21','\0'),(1293,'237','CONSERVAS PANELITA X 50','CONSERVAS PANELITA X 50',9,NULL,4,NULL,NULL,4500.00000,3600.00000,NULL,NULL,900.00,1.00,'2019-02-01 12:30:21','2019-02-01 12:30:21','2019-02-01 12:30:21','\0'),(1294,'238','CONSERVAS PANELITA X 60','CONSERVAS PANELITA X 60',9,NULL,4,NULL,NULL,5000.00000,4000.00000,NULL,NULL,1000.00,2.00,'2019-02-01 12:30:21','2019-02-01 12:30:21','2019-02-01 12:30:21','\0'),(1295,'239','CONTENE 16 OZ','CONTENE 16 OZ',8,NULL,19,NULL,NULL,5200.00000,4160.00000,NULL,NULL,1040.00,0.00,'2019-02-01 12:30:21','2019-02-01 12:30:21','2019-02-01 12:30:21','\0'),(1296,'240','CONTENEDOR  32 ONZAS','CONTENEDOR  32 ONZAS',8,NULL,13,NULL,NULL,7500.00000,6000.00000,NULL,NULL,1500.00,15.00,'2019-02-01 12:30:21','2019-02-01 12:30:21','2019-02-01 12:30:21','\0'),(1297,'241','CONTENEDOR 12 ONZAS','CONTENEDOR 12 ONZAS',8,NULL,13,NULL,NULL,4200.00000,3360.00000,NULL,NULL,840.00,68.00,'2019-02-01 12:30:21','2019-02-01 12:30:21','2019-02-01 12:30:21','\0'),(1298,'242','CONTENEDOR 16 ONZAS','CONTENEDOR 16 ONZAS',8,NULL,19,NULL,NULL,5200.00000,4160.00000,NULL,NULL,1040.00,0.00,'2019-02-01 12:30:21','2019-02-01 12:30:21','2019-02-01 12:30:21','\0'),(1299,'243','CONTENEDOR 24 ONZAS','CONTENEDOR 24 ONZAS',8,NULL,19,NULL,NULL,6500.00000,5200.00000,NULL,NULL,1300.00,0.00,'2019-02-01 12:30:21','2019-02-01 12:30:21','2019-02-01 12:30:21','\0'),(1300,'244','CONTENEDOR 24X15','CONTENEDOR 24X15',8,NULL,19,NULL,NULL,0.00000,0.00000,NULL,NULL,0.00,34.00,'2019-02-01 12:30:21','2019-02-01 12:30:21','2019-02-01 12:30:21','\0'),(1301,'245','CONTENEDOR 32 ONZAS','CONTENEDOR 32 ONZAS',8,NULL,19,NULL,NULL,7500.00000,6000.00000,NULL,NULL,1500.00,15.00,'2019-02-01 12:30:21','2019-02-01 12:30:21','2019-02-01 12:30:21','\0'),(1302,'246','CONTENEDOR 4 ONZAS','CONTENEDOR 4 ONZAS',8,NULL,13,NULL,NULL,3600.00000,2880.00000,NULL,NULL,720.00,14.00,'2019-02-01 12:30:21','2019-02-01 12:30:21','2019-02-01 12:30:21','\0'),(1303,'247','CONTENEDOR 4 ONZAS','CONTENEDOR 4 ONZAS',8,NULL,13,NULL,NULL,3200.00000,2560.00000,NULL,NULL,640.00,20.00,'2019-02-01 12:30:21','2019-02-01 12:30:21','2019-02-01 12:30:21','\0'),(1304,'248','COPA VENECIA','COPA VENECIA',8,NULL,13,NULL,NULL,9000.00000,7200.00000,NULL,NULL,1800.00,7.00,'2019-02-01 12:30:21','2019-02-01 12:30:21','2019-02-01 12:30:21','\0'),(1305,'249','COPAS BRINDIS','COPAS BRINDIS',12,NULL,19,NULL,NULL,0.00000,0.00000,NULL,NULL,0.00,40.00,'2019-02-01 12:30:21','2019-02-01 12:30:21','2019-02-01 12:30:21','\0'),(1306,'250','CREMA CHANTILLI SPRAY','CREMA CHANTILLI SPRAY',13,NULL,3,NULL,NULL,11800.00000,9440.00000,NULL,NULL,2360.00,3.00,'2019-02-01 12:30:21','2019-02-01 12:30:21','2019-02-01 12:30:21','\0'),(1307,'251','CREMA LECHE COLANTA 180 ML','CREMA LECHE COLANTA 180 ML',10,NULL,2,NULL,NULL,2000.00000,1600.00000,NULL,NULL,400.00,19.00,'2019-02-01 12:30:21','2019-02-01 12:30:21','2019-02-01 12:30:21','\0'),(1308,'252','CREMA LECHE COLANTA 900 ML','CREMA LECHE COLANTA 900 ML',10,NULL,2,NULL,NULL,8700.00000,6960.00000,NULL,NULL,1740.00,0.00,'2019-02-01 12:30:21','2019-02-01 12:30:21','2019-02-01 12:30:21','\0'),(1309,'253','CREMA LECHE COOLECHERA LT','CREMA LECHE COOLECHERA LT',10,NULL,2,NULL,NULL,0.00000,0.00000,NULL,NULL,0.00,0.00,'2019-02-01 12:30:21','2019-02-01 12:30:21','2019-02-01 12:30:21','\0'),(1310,'254','CREMA LECHE COOLECHERA PEQUENA','CREMA LECHE COOLECHERA PEQUENA',10,NULL,2,NULL,NULL,0.00000,0.00000,NULL,NULL,0.00,0.00,'2019-02-01 12:30:21','2019-02-01 12:30:21','2019-02-01 12:30:21','\0'),(1311,'255','CREMA LECHE PARMALAT 125 ML','CREMA LECHE PARMALAT 125 ML',10,NULL,2,NULL,NULL,1600.00000,1280.00000,NULL,NULL,320.00,27.00,'2019-02-01 12:30:21','2019-02-01 12:30:21','2019-02-01 12:30:21','\0'),(1312,'256','CREMA LECHE PARMALT 900 ML','CREMA LECHE PARMALT 900 ML',10,NULL,2,NULL,NULL,8900.00000,7120.00000,NULL,NULL,1780.00,10.00,'2019-02-01 12:30:21','2019-02-01 12:30:21','2019-02-01 12:30:21','\0'),(1313,'257','CRISMELO','CRISMELO',9,NULL,19,NULL,NULL,4800.00000,3840.00000,NULL,NULL,960.00,0.00,'2019-02-01 12:30:21','2019-02-01 12:30:21','2019-02-01 12:30:21','\0'),(1314,'258','CUBIERTOS FRESH ','CUBIERTOS FRESH ',8,NULL,13,NULL,NULL,250.00000,200.00000,NULL,NULL,50.00,39.00,'2019-02-01 12:30:21','2019-02-01 12:30:21','2019-02-01 12:30:21','\0'),(1315,'259','CUCHARA CHEF CHOY','CUCHARA CHEF CHOY',8,NULL,13,NULL,NULL,2900.00000,2320.00000,NULL,NULL,580.00,21.00,'2019-02-01 12:30:21','2019-02-01 12:30:21','2019-02-01 12:30:21','\0'),(1316,'260','CUCHARA HELADO','CUCHARA HELADO',8,NULL,13,NULL,NULL,1700.00000,1360.00000,NULL,NULL,340.00,77.00,'2019-02-01 12:30:21','2019-02-01 12:30:21','2019-02-01 12:30:21','\0'),(1317,'261','CUCHARA PEQUENA','CUCHARA PEQUENA',8,NULL,13,NULL,NULL,1700.00000,1360.00000,NULL,NULL,340.00,50.00,'2019-02-01 12:30:21','2019-02-01 12:30:21','2019-02-01 12:30:21','\0'),(1318,'262','CUCHARA TAMI X100','CUCHARA TAMI X100',8,NULL,13,NULL,NULL,3800.00000,3040.00000,NULL,NULL,760.00,9.00,'2019-02-01 12:30:21','2019-02-01 12:30:21','2019-02-01 12:30:21','\0'),(1319,'263','CUCHARA TIDY','CUCHARA TIDY',8,NULL,13,NULL,NULL,2900.00000,2320.00000,NULL,NULL,580.00,28.00,'2019-02-01 12:30:21','2019-02-01 12:30:21','2019-02-01 12:30:21','\0'),(1320,'264','CUCHARA X 20 UNIDADES','CUCHARA X 20 UNIDADES',8,NULL,13,NULL,NULL,1000.00000,800.00000,NULL,NULL,200.00,8.00,'2019-02-01 12:30:21','2019-02-01 12:30:21','2019-02-01 12:30:21','\0'),(1321,'265','CUCHILLO CHEF CHOY','CUCHILLO CHEF CHOY',8,NULL,13,NULL,NULL,2900.00000,2320.00000,NULL,NULL,580.00,0.00,'2019-02-01 12:30:21','2019-02-01 12:30:21','2019-02-01 12:30:21','\0'),(1322,'266','CUCHILLO TAMI X100','CUCHILLO TAMI X100',8,NULL,13,NULL,NULL,3800.00000,3040.00000,NULL,NULL,760.00,7.00,'2019-02-01 12:30:21','2019-02-01 12:30:21','2019-02-01 12:30:21','\0'),(1323,'267','CUCHILLO TIDY','CUCHILLO TIDY',8,NULL,13,NULL,NULL,2900.00000,2320.00000,NULL,NULL,580.00,50.00,'2019-02-01 12:30:21','2019-02-01 12:30:21','2019-02-01 12:30:21','\0'),(1324,'268','CUCHILLO X 20 UNIDADES ','CUCHILLO X 20 UNIDADES ',8,NULL,13,NULL,NULL,1000.00000,800.00000,NULL,NULL,200.00,8.00,'2019-02-01 12:30:21','2019-02-01 12:30:21','2019-02-01 12:30:21','\0'),(1325,'269','CUCHILLOS PANADERIA','CUCHILLOS PANADERIA',13,NULL,19,NULL,NULL,18000.00000,14400.00000,NULL,NULL,3600.00,0.00,'2019-02-01 12:30:21','2019-02-01 12:30:21','2019-02-01 12:30:21','\0'),(1326,'270','CUMPLE METALICO','CUMPLE METALICO',12,NULL,19,NULL,NULL,0.00000,0.00000,NULL,NULL,0.00,2.00,'2019-02-01 12:30:21','2019-02-01 12:30:21','2019-02-01 12:30:21','\0'),(1327,'271','DESACHABL J1','DESACHABL J1',8,NULL,19,NULL,NULL,200.00000,160.00000,NULL,NULL,40.00,1664.00,'2019-02-01 12:30:21','2019-02-01 12:30:21','2019-02-01 12:30:21','\0'),(1328,'272','DESACHABL J2','DESACHABL J2',8,NULL,19,NULL,NULL,200.00000,160.00000,NULL,NULL,40.00,600.00,'2019-02-01 12:30:21','2019-02-01 12:30:21','2019-02-01 12:30:21','\0'),(1329,'273','DETODITO GRANDE','DETODITO GRANDE',9,NULL,13,NULL,NULL,2000.00000,1600.00000,NULL,NULL,400.00,6.00,'2019-02-01 12:30:21','2019-02-01 12:30:21','2019-02-01 12:30:21','\0'),(1330,'274','DIABOLIN','DIABOLIN',9,NULL,13,NULL,NULL,3300.00000,2640.00000,NULL,NULL,660.00,0.00,'2019-02-01 12:30:21','2019-02-01 12:30:21','2019-02-01 12:30:21','\0'),(1331,'275','DOM CUADRADO 1/2LB','DOM CUADRADO 1/2LB',8,NULL,19,NULL,NULL,1700.00000,1360.00000,NULL,NULL,340.00,50.00,'2019-02-01 12:30:21','2019-02-01 12:30:21','2019-02-01 12:30:21','\0'),(1332,'276','DOMO 4 ONZAS','DOMO 4 ONZAS',8,NULL,19,NULL,NULL,150.00000,120.00000,NULL,NULL,30.00,27.00,'2019-02-01 12:30:21','2019-02-01 12:30:21','2019-02-01 12:30:21','\0'),(1333,'277','DOMO CUADRADO 1LB','DOMO CUADRADO 1LB',8,NULL,19,NULL,NULL,2700.00000,2160.00000,NULL,NULL,540.00,5.00,'2019-02-01 12:30:21','2019-02-01 12:30:21','2019-02-01 12:30:21','\0'),(1334,'278','DOMO REDONDO 1/2LB','DOMO REDONDO 1/2LB',8,NULL,19,NULL,NULL,1400.00000,1120.00000,NULL,NULL,280.00,27.00,'2019-02-01 12:30:21','2019-02-01 12:30:21','2019-02-01 12:30:21','\0'),(1335,'279','DOMO REDONDO 2LB','DOMO REDONDO 2LB',8,NULL,19,NULL,NULL,2800.00000,2240.00000,NULL,NULL,560.00,0.00,'2019-02-01 12:30:21','2019-02-01 12:30:21','2019-02-01 12:30:21','\0'),(1336,'280','DOMO TAPA MEDIA','DOMO TAPA MEDIA',8,NULL,19,NULL,NULL,350.00000,280.00000,NULL,NULL,70.00,26.00,'2019-02-01 12:30:21','2019-02-01 12:30:21','2019-02-01 12:30:21','\0'),(1337,'281','DUCALES DOBLE','DUCALES DOBLE',13,NULL,13,NULL,NULL,3600.00000,2880.00000,NULL,NULL,720.00,0.00,'2019-02-01 12:30:21','2019-02-01 12:30:21','2019-02-01 12:30:21','\0'),(1338,'282','DUCALES TACO','DUCALES TACO',13,NULL,13,NULL,NULL,1800.00000,1440.00000,NULL,NULL,360.00,7.00,'2019-02-01 12:30:21','2019-02-01 12:30:21','2019-02-01 12:30:21','\0'),(1339,'283','DUCALES TENTACION','DUCALES TENTACION',9,NULL,13,NULL,NULL,4000.00000,3200.00000,NULL,NULL,800.00,0.00,'2019-02-01 12:30:21','2019-02-01 12:30:21','2019-02-01 12:30:21','\0'),(1340,'284','DUCALES X 9','DUCALES X 9',9,NULL,13,NULL,NULL,3800.00000,3040.00000,NULL,NULL,760.00,2.00,'2019-02-01 12:30:21','2019-02-01 12:30:21','2019-02-01 12:30:21','\0'),(1341,'285','DURAZNO MITADE','DURAZNO MITADE',11,NULL,19,NULL,NULL,6500.00000,5200.00000,NULL,NULL,1300.00,8.00,'2019-02-01 12:30:21','2019-02-01 12:30:21','2019-02-01 12:30:21','\0'),(1342,'286','ESEN JR 250','ESEN JR 250',11,NULL,19,NULL,NULL,1000.00000,800.00000,NULL,NULL,200.00,148.00,'2019-02-01 12:30:21','2019-02-01 12:30:21','2019-02-01 12:30:21','\0'),(1343,'287','ESEN JR 500','ESEN JR 500',11,NULL,19,NULL,NULL,1800.00000,1440.00000,NULL,NULL,360.00,121.00,'2019-02-01 12:30:21','2019-02-01 12:30:21','2019-02-01 12:30:21','\0'),(1344,'288','ESENCIA ASTEKA','ESENCIA ASTEKA',11,NULL,3,NULL,NULL,7500.00000,6000.00000,NULL,NULL,1500.00,0.00,'2019-02-01 12:30:21','2019-02-01 12:30:21','2019-02-01 12:30:21','\0'),(1345,'289','ESENCIA ASTEKA AL MENUDEO','ESENCIA ASTEKA AL MENUDEO',11,NULL,3,NULL,NULL,500.00000,400.00000,NULL,NULL,100.00,0.00,'2019-02-01 12:30:21','2019-02-01 12:30:21','2019-02-01 12:30:21','\0'),(1346,'290','ESENCIA CAROLESEN','ESENCIA CAROLESEN',11,NULL,19,NULL,NULL,0.00000,0.00000,NULL,NULL,0.00,4.00,'2019-02-01 12:30:21','2019-02-01 12:30:21','2019-02-01 12:30:21','\0'),(1347,'291','ESENCIA DELIAROMAS','ESENCIA DELIAROMAS',11,NULL,19,NULL,NULL,8000.00000,6400.00000,NULL,NULL,1600.00,27.00,'2019-02-01 12:30:21','2019-02-01 12:30:21','2019-02-01 12:30:21','\0'),(1348,'292','ESENCIA PEQUENA','ESENCIA PEQUENA',13,NULL,3,NULL,NULL,2500.00000,2000.00000,NULL,NULL,500.00,0.00,'2019-02-01 12:30:21','2019-02-01 12:30:21','2019-02-01 12:30:21','\0'),(1349,'293','ESENCIA PRODIA','ESENCIA PRODIA',11,NULL,11,NULL,NULL,10000.00000,8000.00000,NULL,NULL,2000.00,105.00,'2019-02-01 12:30:21','2019-02-01 12:30:21','2019-02-01 12:30:21','\0'),(1350,'294','ESENCIA PRODIA AL MENUDEO','ESENCIA PRODIA AL MENUDEO',11,NULL,3,NULL,NULL,700.00000,560.00000,NULL,NULL,140.00,0.00,'2019-02-01 12:30:21','2019-02-01 12:30:21','2019-02-01 12:30:21','\0'),(1351,'295','ESPATULA GRANDE','ESPATULA GRANDE',12,NULL,19,NULL,NULL,0.00000,0.00000,NULL,NULL,0.00,0.00,'2019-02-01 12:30:21','2019-02-01 12:30:21','2019-02-01 12:30:21','\0'),(1352,'296','ESPATULA PEQUENA','ESPATULA PEQUENA',12,NULL,19,NULL,NULL,0.00000,0.00000,NULL,NULL,0.00,0.00,'2019-02-01 12:30:21','2019-02-01 12:30:21','2019-02-01 12:30:21','\0'),(1353,'297','ESTATULAS REPOSTERIA PEQUENA','ESTATULAS REPOSTERIA PEQUENA',13,NULL,19,NULL,NULL,0.00000,0.00000,NULL,NULL,0.00,0.00,'2019-02-01 12:30:21','2019-02-01 12:30:21','2019-02-01 12:30:21','\0'),(1354,'298','FECULA DE MAIZ','FECULA DE MAIZ',11,NULL,9,NULL,NULL,3200.00000,2560.00000,NULL,NULL,640.00,20.00,'2019-02-01 12:30:21','2019-02-01 12:30:21','2019-02-01 12:30:21','\0'),(1355,'299','FECULA MAIZ','FECULA MAIZ',11,NULL,9,NULL,NULL,3200.00000,2560.00000,NULL,NULL,640.00,20.00,'2019-02-01 12:30:21','2019-02-01 12:30:21','2019-02-01 12:30:21','\0'),(1356,'300','FELIZ CUMPLEAÑOS','FELIZ CUMPLEAÑOS',12,NULL,19,NULL,NULL,0.00000,0.00000,NULL,NULL,0.00,4.00,'2019-02-01 12:30:21','2019-02-01 12:30:21','2019-02-01 12:30:21','\0'),(1357,'301','FESTIVAL COCO PAQUETE','FESTIVAL COCO PAQUETE',9,NULL,13,NULL,NULL,6200.00000,4960.00000,NULL,NULL,1240.00,7.00,'2019-02-01 12:30:21','2019-02-01 12:30:21','2019-02-01 12:30:21','\0'),(1358,'302','FESTIVAL COCO UNIDAD','FESTIVAL COCO UNIDAD',9,NULL,19,NULL,NULL,600.00000,480.00000,NULL,NULL,120.00,0.00,'2019-02-01 12:30:21','2019-02-01 12:30:21','2019-02-01 12:30:21','\0'),(1359,'303','FESTIVAL RECREO X 12','FESTIVAL RECREO X 12',9,NULL,13,NULL,NULL,6200.00000,4960.00000,NULL,NULL,1240.00,5.00,'2019-02-01 12:30:21','2019-02-01 12:30:21','2019-02-01 12:30:21','\0'),(1360,'304','FESTIVAL X 26','FESTIVAL X 26',9,NULL,13,NULL,NULL,14000.00000,11200.00000,NULL,NULL,2800.00,0.00,'2019-02-01 12:30:21','2019-02-01 12:30:21','2019-02-01 12:30:21','\0'),(1361,'305','FRESAS SURTIDAS PAQUETE','FRESAS SURTIDAS PAQUETE',9,NULL,13,NULL,NULL,3800.00000,3040.00000,NULL,NULL,760.00,7.00,'2019-02-01 12:30:21','2019-02-01 12:30:21','2019-02-01 12:30:21','\0'),(1362,'306','FROOT LOOPS SOBRE','FROOT LOOPS SOBRE',9,NULL,16,NULL,NULL,1000.00000,800.00000,NULL,NULL,200.00,8.00,'2019-02-01 12:30:21','2019-02-01 12:30:21','2019-02-01 12:30:21','\0'),(1363,'307','FRUNA ORIGINAL PAQUETE','FRUNA ORIGINAL PAQUETE',9,NULL,13,NULL,NULL,5200.00000,4160.00000,NULL,NULL,1040.00,3.00,'2019-02-01 12:30:21','2019-02-01 12:30:21','2019-02-01 12:30:21','\0'),(1364,'308','FRUNA ORIGINAL UNIDAD','FRUNA ORIGINAL UNIDAD',9,NULL,19,NULL,NULL,300.00000,240.00000,NULL,NULL,60.00,59.00,'2019-02-01 12:30:21','2019-02-01 12:30:21','2019-02-01 12:30:21','\0'),(1365,'309','FRUNAS BALL PAQUETE X 70','FRUNAS BALL PAQUETE X 70',9,NULL,13,NULL,NULL,6200.00000,4960.00000,NULL,NULL,1240.00,11.00,'2019-02-01 12:30:21','2019-02-01 12:30:21','2019-02-01 12:30:21','\0'),(1366,'310','FRUNAS CUBITO PAQUETE','FRUNAS CUBITO PAQUETE',9,NULL,13,NULL,NULL,5200.00000,4160.00000,NULL,NULL,1040.00,0.00,'2019-02-01 12:30:21','2019-02-01 12:30:21','2019-02-01 12:30:21','\0'),(1367,'311','FRUTA CRISTALIZADA','FRUTA CRISTALIZADA',11,NULL,8,NULL,NULL,7400.00000,5920.00000,NULL,NULL,1480.00,4050.00,'2019-02-01 12:30:21','2019-02-01 12:30:21','2019-02-01 12:30:21','\0'),(1368,'312','FRUTAS RELLENA PAQUETE','FRUTAS RELLENA PAQUETE',9,NULL,13,NULL,NULL,4000.00000,3200.00000,NULL,NULL,800.00,1.00,'2019-02-01 12:30:21','2019-02-01 12:30:21','2019-02-01 12:30:21','\0'),(1369,'313','FRUTICAS DULCE DURO','FRUTICAS DULCE DURO',9,NULL,19,NULL,NULL,4000.00000,3200.00000,NULL,NULL,800.00,100.00,'2019-02-01 12:30:21','2019-02-01 12:30:21','2019-02-01 12:30:21','\0'),(1370,'314','FRUTICAS GRUJI X 100','FRUTICAS GRUJI X 100',9,NULL,13,NULL,NULL,4000.00000,3200.00000,NULL,NULL,800.00,0.00,'2019-02-01 12:30:21','2019-02-01 12:30:21','2019-02-01 12:30:21','\0'),(1371,'315','FUSION OKALOKA','FUSION OKALOKA',9,NULL,19,NULL,NULL,600.00000,480.00000,NULL,NULL,120.00,20.00,'2019-02-01 12:30:21','2019-02-01 12:30:21','2019-02-01 12:30:21','\0'),(1372,'316','FUSSION RON CON PASAS PAQUETE','FUSSION RON CON PASAS PAQUETE',9,NULL,13,NULL,NULL,4200.00000,3360.00000,NULL,NULL,840.00,6.00,'2019-02-01 12:30:21','2019-02-01 12:30:21','2019-02-01 12:30:21','\0'),(1373,'317','GALLE RITS UNIDAD','GALLE RITS UNIDAD',9,NULL,19,NULL,NULL,500.00000,400.00000,NULL,NULL,100.00,5.00,'2019-02-01 12:30:21','2019-02-01 12:30:21','2019-02-01 12:30:21','\0'),(1374,'318','GALLE TRITUR','GALLE TRITUR',11,NULL,8,NULL,NULL,20000.00000,16000.00000,NULL,NULL,4000.00,840.00,'2019-02-01 12:30:21','2019-02-01 12:30:21','2019-02-01 12:30:21','\0'),(1375,'319','GALLE WAFER X 24','GALLE WAFER X 24',9,NULL,13,NULL,NULL,3000.00000,2400.00000,NULL,NULL,600.00,0.00,'2019-02-01 12:30:21','2019-02-01 12:30:21','2019-02-01 12:30:21','\0'),(1376,'320','GALLETA BRIDGE WAFER X 10','GALLETA BRIDGE WAFER X 10',9,NULL,13,NULL,NULL,3700.00000,2960.00000,NULL,NULL,740.00,27.00,'2019-02-01 12:30:21','2019-02-01 12:30:21','2019-02-01 12:30:21','\0'),(1377,'321','GALLETA CAPRI','GALLETA CAPRI',9,NULL,19,NULL,NULL,3000.00000,2400.00000,NULL,NULL,600.00,4.00,'2019-02-01 12:30:21','2019-02-01 12:30:21','2019-02-01 12:30:21','\0'),(1378,'322','GALLETA CLUB SOCIAL PAQUETE','GALLETA CLUB SOCIAL PAQUETE',9,NULL,13,NULL,NULL,3700.00000,2960.00000,NULL,NULL,740.00,42.00,'2019-02-01 12:30:21','2019-02-01 12:30:21','2019-02-01 12:30:21','\0'),(1379,'323','GALLETA CLUB SOCIAL UNIDAD','GALLETA CLUB SOCIAL UNIDAD',9,NULL,19,NULL,NULL,600.00000,480.00000,NULL,NULL,120.00,9.00,'2019-02-01 12:30:21','2019-02-01 12:30:21','2019-02-01 12:30:21','\0'),(1380,'324','GALLETA DORADITAS 4 TACOS X 364 GRA','GALLETA DORADITAS 4 TACOS X 364 GRA',9,NULL,13,NULL,NULL,3800.00000,3040.00000,NULL,NULL,760.00,4.00,'2019-02-01 12:30:21','2019-02-01 12:30:21','2019-02-01 12:30:21','\0'),(1381,'325','GALLETA DORADITAS TACO X 126','GALLETA DORADITAS TACO X 126',9,NULL,13,NULL,NULL,1500.00000,1200.00000,NULL,NULL,300.00,10.00,'2019-02-01 12:30:21','2019-02-01 12:30:21','2019-02-01 12:30:21','\0'),(1382,'326','GALLETA FESTIVAL 12X4','GALLETA FESTIVAL 12X4',9,NULL,13,NULL,NULL,5200.00000,4160.00000,NULL,NULL,1040.00,0.00,'2019-02-01 12:30:21','2019-02-01 12:30:21','2019-02-01 12:30:21','\0'),(1383,'327','GALLETA FESTIVAL PAQUETE 12X6','GALLETA FESTIVAL PAQUETE 12X6',9,NULL,13,NULL,NULL,6200.00000,4960.00000,NULL,NULL,1240.00,40.00,'2019-02-01 12:30:21','2019-02-01 12:30:21','2019-02-01 12:30:21','\0'),(1384,'328','GALLETA FESTIVAL UNIDAD GRANDE','GALLETA FESTIVAL UNIDAD GRANDE',9,NULL,13,NULL,NULL,700.00000,560.00000,NULL,NULL,140.00,3.00,'2019-02-01 12:30:21','2019-02-01 12:30:21','2019-02-01 12:30:21','\0'),(1385,'329','GALLETA FESTIVAL UNIDAD PQ','GALLETA FESTIVAL UNIDAD PQ',9,NULL,13,NULL,NULL,500.00000,400.00000,NULL,NULL,100.00,0.00,'2019-02-01 12:30:21','2019-02-01 12:30:21','2019-02-01 12:30:21','\0'),(1386,'330','GALLETA GRAKENAS SALTIN PAQUETE','GALLETA GRAKENAS SALTIN PAQUETE',9,NULL,13,NULL,NULL,3800.00000,3040.00000,NULL,NULL,760.00,5.00,'2019-02-01 12:30:21','2019-02-01 12:30:21','2019-02-01 12:30:21','\0'),(1387,'331','GALLETA GRAKENAS SALTIN TACO','GALLETA GRAKENAS SALTIN TACO',9,NULL,13,NULL,NULL,1000.00000,800.00000,NULL,NULL,200.00,6.00,'2019-02-01 12:30:21','2019-02-01 12:30:21','2019-02-01 12:30:21','\0'),(1388,'332','GALLETA LECHE RONDAYA','GALLETA LECHE RONDAYA',9,NULL,13,NULL,NULL,3600.00000,2880.00000,NULL,NULL,720.00,0.00,'2019-02-01 12:30:21','2019-02-01 12:30:21','2019-02-01 12:30:21','\0'),(1389,'333','GALLETA MAMUT BLANCO','GALLETA MAMUT BLANCO',9,NULL,19,NULL,NULL,300.00000,240.00000,NULL,NULL,60.00,30.00,'2019-02-01 12:30:21','2019-02-01 12:30:21','2019-02-01 12:30:21','\0'),(1390,'334','GALLETA MILO ANILLOS PAQUETE X 12','GALLETA MILO ANILLOS PAQUETE X 12',9,NULL,13,NULL,NULL,5700.00000,4560.00000,NULL,NULL,1140.00,5.00,'2019-02-01 12:30:21','2019-02-01 12:30:21','2019-02-01 12:30:21','\0'),(1391,'335','GALLETA MILO ANILLOS PAQUETE X 16','GALLETA MILO ANILLOS PAQUETE X 16',9,NULL,13,NULL,NULL,9000.00000,7200.00000,NULL,NULL,1800.00,6.00,'2019-02-01 12:30:21','2019-02-01 12:30:21','2019-02-01 12:30:21','\0'),(1392,'336','GALLETA MILO ANILLOS UNIDAD X 6','GALLETA MILO ANILLOS UNIDAD X 6',9,NULL,19,NULL,NULL,600.00000,480.00000,NULL,NULL,120.00,0.00,'2019-02-01 12:30:21','2019-02-01 12:30:21','2019-02-01 12:30:21','\0'),(1393,'337','GALLETA MILO ARO UNIDAD X 4','GALLETA MILO ARO UNIDAD X 4',9,NULL,19,NULL,NULL,500.00000,400.00000,NULL,NULL,100.00,0.00,'2019-02-01 12:30:21','2019-02-01 12:30:21','2019-02-01 12:30:21','\0'),(1394,'338','GALLETA MILO PAQUETE','GALLETA MILO PAQUETE',9,NULL,13,NULL,NULL,5800.00000,4640.00000,NULL,NULL,1160.00,1.00,'2019-02-01 12:30:21','2019-02-01 12:30:21','2019-02-01 12:30:21','\0'),(1395,'339','GALLETA MILO UNIDAD GRANDE X 6 GALLETAS','GALLETA MILO UNIDAD GRANDE X 6 GALLETAS',9,NULL,19,NULL,NULL,700.00000,560.00000,NULL,NULL,140.00,0.00,'2019-02-01 12:30:21','2019-02-01 12:30:21','2019-02-01 12:30:21','\0'),(1396,'340','GALLETA MILO UNIDAD PQ','GALLETA MILO UNIDAD PQ',9,NULL,19,NULL,NULL,500.00000,400.00000,NULL,NULL,100.00,6.00,'2019-02-01 12:30:21','2019-02-01 12:30:21','2019-02-01 12:30:21','\0'),(1397,'341','GALLETA MUU MAX X 12','GALLETA MUU MAX X 12',9,NULL,13,NULL,NULL,5800.00000,4640.00000,NULL,NULL,1160.00,6.00,'2019-02-01 12:30:21','2019-02-01 12:30:21','2019-02-01 12:30:21','\0'),(1398,'342','GALLETA MUU SABORES X 12','GALLETA MUU SABORES X 12',9,NULL,13,NULL,NULL,4800.00000,3840.00000,NULL,NULL,960.00,14.00,'2019-02-01 12:30:21','2019-02-01 12:30:21','2019-02-01 12:30:21','\0'),(1399,'343','GALLETA MUUU X 18','GALLETA MUUU X 18',9,NULL,13,NULL,NULL,2000.00000,1600.00000,NULL,NULL,400.00,17.00,'2019-02-01 12:30:21','2019-02-01 12:30:21','2019-02-01 12:30:21','\0'),(1400,'344','GALLETA MUUUX 24','GALLETA MUUUX 24',9,NULL,13,NULL,NULL,3000.00000,2400.00000,NULL,NULL,600.00,29.00,'2019-02-01 12:30:21','2019-02-01 12:30:21','2019-02-01 12:30:21','\0'),(1401,'345','GALLETA NAVIDENA','GALLETA NAVIDENA',9,NULL,13,NULL,NULL,3200.00000,2560.00000,NULL,NULL,640.00,6.00,'2019-02-01 12:30:21','2019-02-01 12:30:21','2019-02-01 12:30:21','\0'),(1402,'346','GALLETA OREO PAQUETE X 12','GALLETA OREO PAQUETE X 12',9,NULL,13,NULL,NULL,5800.00000,4640.00000,NULL,NULL,1160.00,59.00,'2019-02-01 12:30:21','2019-02-01 12:30:21','2019-02-01 12:30:21','\0'),(1403,'347','GALLETA OREO TRITURADA','GALLETA OREO TRITURADA',11,NULL,8,NULL,NULL,20000.00000,16000.00000,NULL,NULL,4000.00,58.00,'2019-02-13 04:11:54','2019-02-13 04:11:54','2019-02-13 04:11:54','\0'),(1404,'348','GALLETA OREO TUBO','GALLETA OREO TUBO',9,NULL,13,NULL,NULL,1800.00000,1440.00000,NULL,NULL,360.00,16.00,'2019-02-01 12:30:21','2019-02-01 12:30:21','2019-02-01 12:30:21','\0'),(1405,'349','GALLETA OREO UNIDAD','GALLETA OREO UNIDAD',9,NULL,19,NULL,NULL,500.00000,400.00000,NULL,NULL,100.00,12.00,'2019-02-01 12:30:21','2019-02-01 12:30:21','2019-02-01 12:30:21','\0'),(1406,'350','GALLETA OREOX 12','GALLETA OREOX 12',9,NULL,13,NULL,NULL,5800.00000,4640.00000,NULL,NULL,1160.00,0.00,'2019-02-01 12:30:21','2019-02-01 12:30:21','2019-02-01 12:30:21','\0'),(1407,'351','GALLETA PUNTO ROJO','GALLETA PUNTO ROJO',9,NULL,13,NULL,NULL,2200.00000,1760.00000,NULL,NULL,440.00,12.00,'2019-02-01 12:30:21','2019-02-01 12:30:21','2019-02-01 12:30:21','\0'),(1408,'352','GALLETA RECREO 12 X 4','GALLETA RECREO 12 X 4',9,NULL,13,NULL,NULL,5800.00000,4640.00000,NULL,NULL,1160.00,1.00,'2019-02-01 12:30:21','2019-02-01 12:30:21','2019-02-01 12:30:21','\0'),(1409,'353','GALLETA RECREO 6X1','GALLETA RECREO 6X1',11,NULL,13,NULL,NULL,20000.00000,16000.00000,NULL,NULL,4000.00,0.00,'2019-02-01 12:30:21','2019-02-01 12:30:21','2019-02-01 12:30:21','\0'),(1410,'354','GALLETA TOSTH PAQUETE','GALLETA TOSTH PAQUETE',9,NULL,13,NULL,NULL,3700.00000,2960.00000,NULL,NULL,740.00,0.00,'2019-02-01 12:30:21','2019-02-01 12:30:21','2019-02-01 12:30:21','\0'),(1411,'355','GALLETA TOSTH UNIDAD','GALLETA TOSTH UNIDAD',9,NULL,19,NULL,NULL,700.00000,560.00000,NULL,NULL,140.00,5.00,'2019-02-01 12:30:21','2019-02-01 12:30:21','2019-02-01 12:30:21','\0'),(1412,'356','GALLETA WAFER X 18','GALLETA WAFER X 18',9,NULL,13,NULL,NULL,0.00000,0.00000,NULL,NULL,0.00,0.00,'2019-02-01 12:30:21','2019-02-01 12:30:21','2019-02-01 12:30:21','\0'),(1413,'357','GALLETA ZULTANA 6X1','GALLETA ZULTANA 6X1',11,NULL,13,NULL,NULL,20000.00000,16000.00000,NULL,NULL,4000.00,0.00,'2019-02-01 12:30:21','2019-02-01 12:30:21','2019-02-01 12:30:21','\0'),(1414,'358','GALLETAS DORADITAS  4 TACOS X 126','GALLETAS DORADITAS  4 TACOS X 126',9,NULL,13,NULL,NULL,5200.00000,4160.00000,NULL,NULL,1040.00,0.00,'2019-02-01 12:30:21','2019-02-01 12:30:21','2019-02-01 12:30:21','\0'),(1415,'359','GEL PIÑA  KILO','GEL PIÑA  KILO',14,NULL,2,NULL,NULL,3300.00000,2640.00000,NULL,NULL,660.00,15.00,'2019-02-01 12:30:21','2019-02-01 12:30:21','2019-02-01 12:30:21','\0'),(1416,'360','GEL PIÑA  LIBRA','GEL PIÑA  LIBRA',14,NULL,2,NULL,NULL,2000.00000,1600.00000,NULL,NULL,400.00,16.00,'2019-02-01 12:30:21','2019-02-01 12:30:21','2019-02-01 12:30:21','\0'),(1417,'361','GEL PIÑA BOLSON','GEL PIÑA BOLSON',14,NULL,2,NULL,NULL,10200.00000,8160.00000,NULL,NULL,2040.00,21.00,'2019-02-01 12:30:21','2019-02-01 12:30:21','2019-02-01 12:30:21','\0'),(1418,'362','GEL PIÑA X 250','GEL PIÑA X 250',14,NULL,2,NULL,NULL,1500.00000,1200.00000,NULL,NULL,300.00,26.00,'2019-02-01 12:30:21','2019-02-01 12:30:21','2019-02-01 12:30:21','\0'),(1419,'363','GELAT SIN SABOR CAJITA','GELAT SIN SABOR CAJITA',11,NULL,19,NULL,NULL,1200.00000,960.00000,NULL,NULL,240.00,9.00,'2019-02-01 12:30:21','2019-02-01 12:30:21','2019-02-01 12:30:21','\0'),(1420,'364','GELATINA CON SABOR SUELTA','GELATINA CON SABOR SUELTA',11,NULL,8,NULL,NULL,12000.00000,9600.00000,NULL,NULL,2400.00,1010.00,'2019-02-01 12:30:21','2019-02-01 12:30:21','2019-02-01 12:30:21','\0'),(1421,'365','GELATINA FRUTINO','GELATINA FRUTINO',9,NULL,19,NULL,NULL,1200.00000,960.00000,NULL,NULL,240.00,200.00,'2019-02-01 12:30:21','2019-02-01 12:30:21','2019-02-01 12:30:21','\0'),(1422,'366','GELATINA FRUTINO SIN SABOR','GELATINA FRUTINO SIN SABOR',9,NULL,19,NULL,NULL,1200.00000,960.00000,NULL,NULL,240.00,9.00,'2019-02-01 12:30:21','2019-02-01 12:30:21','2019-02-01 12:30:21','\0'),(1423,'367','GELATINA GOLOSA','GELATINA GOLOSA',9,NULL,4,NULL,NULL,500.00000,400.00000,NULL,NULL,100.00,7.00,'2019-02-01 12:30:21','2019-02-01 12:30:21','2019-02-01 12:30:21','\0'),(1424,'368','GELATINA SIN SABOR SUELTA','GELATINA SIN SABOR SUELTA',11,NULL,2,NULL,NULL,19000.00000,15200.00000,NULL,NULL,3800.00,0.00,'2019-02-01 12:30:21','2019-02-01 12:30:21','2019-02-01 12:30:21','\0'),(1425,'369','GELATINA SIN SABOR SUELTA','GELATINA SIN SABOR SUELTA',11,NULL,2,NULL,NULL,19000.00000,15200.00000,NULL,NULL,3800.00,0.00,'2019-02-01 12:30:21','2019-02-01 12:30:21','2019-02-01 12:30:21','\0'),(1426,'370','GLASE CAROLESA KILO','GLASE CAROLESA KILO',11,NULL,19,NULL,NULL,6000.00000,4800.00000,NULL,NULL,1200.00,1.00,'2019-02-01 12:30:21','2019-02-01 12:30:21','2019-02-01 12:30:21','\0'),(1427,'371','GLASE CONI KILO','GLASE CONI KILO',11,NULL,19,NULL,NULL,7000.00000,5600.00000,NULL,NULL,1400.00,10.00,'2019-02-01 12:30:21','2019-02-01 12:30:21','2019-02-01 12:30:21','\0'),(1428,'372','GLASE LA BUGUENA','GLASE LA BUGUENA',11,NULL,19,NULL,NULL,6000.00000,4800.00000,NULL,NULL,1200.00,10.00,'2019-02-01 12:30:21','2019-02-01 12:30:21','2019-02-01 12:30:21','\0'),(1429,'373','GLOBOM HUEVITOS PAQUETE','GLOBOM HUEVITOS PAQUETE',9,NULL,13,NULL,NULL,2900.00000,2320.00000,NULL,NULL,580.00,20.00,'2019-02-01 12:30:21','2019-02-01 12:30:21','2019-02-01 12:30:21','\0'),(1430,'374','GLOBOM HUEVITOS UNIDAD','GLOBOM HUEVITOS UNIDAD',9,NULL,19,NULL,NULL,100.00000,80.00000,NULL,NULL,20.00,100.00,'2019-02-01 12:30:21','2019-02-01 12:30:21','2019-02-01 12:30:21','\0'),(1431,'375','GLOBOS FELIZ CUMPLEAÑOS','GLOBOS FELIZ CUMPLEAÑOS',12,NULL,19,NULL,NULL,0.00000,0.00000,NULL,NULL,0.00,0.00,'2019-02-01 12:30:21','2019-02-01 12:30:21','2019-02-01 12:30:21','\0'),(1432,'376','GOLD CHIP CAJA','GOLD CHIP CAJA',9,NULL,4,NULL,NULL,0.00000,0.00000,NULL,NULL,0.00,1.00,'2019-02-01 12:30:21','2019-02-01 12:30:21','2019-02-01 12:30:21','\0'),(1433,'377','GOLD CHIP UNIDAD','GOLD CHIP UNIDAD',9,NULL,19,NULL,NULL,500.00000,400.00000,NULL,NULL,100.00,19.00,'2019-02-01 12:30:21','2019-02-01 12:30:21','2019-02-01 12:30:21','\0'),(1434,'378','GOMITAS PLAY X 211 GRAMOS','GOMITAS PLAY X 211 GRAMOS',9,NULL,19,NULL,NULL,1000.00000,800.00000,NULL,NULL,200.00,58.00,'2019-02-01 12:30:21','2019-02-01 12:30:21','2019-02-01 12:30:21','\0'),(1435,'379','GRAGEA CHOCO','GRAGEA CHOCO',11,NULL,8,NULL,NULL,17000.00000,13600.00000,NULL,NULL,3400.00,470.00,'2019-02-01 12:30:21','2019-02-01 12:30:21','2019-02-01 12:30:21','\0'),(1436,'380','GRAGEA COLOR X 125 GRAMOS','GRAGEA COLOR X 125 GRAMOS',13,NULL,2,NULL,NULL,1300.00000,1040.00000,NULL,NULL,260.00,12.00,'2019-02-01 12:30:21','2019-02-01 12:30:21','2019-02-01 12:30:21','\0'),(1437,'381','GRAGEA COLOR X 500 GRAMOS','GRAGEA COLOR X 500 GRAMOS',13,NULL,2,NULL,NULL,4000.00000,3200.00000,NULL,NULL,800.00,12.00,'2019-02-01 12:30:21','2019-02-01 12:30:21','2019-02-01 12:30:21','\0'),(1438,'382','GRAGEAS 125 GRAMOS','GRAGEAS 125 GRAMOS',11,NULL,19,NULL,NULL,1400.00000,1120.00000,NULL,NULL,280.00,30.00,'2019-02-01 12:30:21','2019-02-01 12:30:21','2019-02-01 12:30:21','\0'),(1439,'383','GRAGEAS 500 GRAMOS','GRAGEAS 500 GRAMOS',11,NULL,19,NULL,NULL,4700.00000,3760.00000,NULL,NULL,940.00,12.00,'2019-02-01 12:30:21','2019-02-01 12:30:21','2019-02-01 12:30:21','\0'),(1440,'384','GRAKENAS PAQUETE','GRAKENAS PAQUETE',9,NULL,13,NULL,NULL,3600.00000,2880.00000,NULL,NULL,720.00,3.00,'2019-02-01 12:30:21','2019-02-01 12:30:21','2019-02-01 12:30:21','\0'),(1441,'385','GRAKENAS UNIDAD','GRAKENAS UNIDAD',9,NULL,19,NULL,NULL,600.00000,480.00000,NULL,NULL,120.00,7.00,'2019-02-01 12:30:21','2019-02-01 12:30:21','2019-02-01 12:30:21','\0'),(1442,'386','GRASA ECONOM','GRASA ECONOM',11,NULL,8,NULL,NULL,4000.00000,3200.00000,NULL,NULL,800.00,45.69,'2019-02-01 12:30:21','2019-02-01 12:30:21','2019-02-01 12:30:21','\0'),(1443,'387','GRASA REPOST','GRASA REPOST',11,NULL,8,NULL,NULL,5400.00000,4320.00000,NULL,NULL,1080.00,14.50,'2019-02-01 12:30:21','2019-02-01 12:30:21','2019-02-01 12:30:21','\0'),(1444,'388','GRISLY AROS','GRISLY AROS',9,NULL,13,NULL,NULL,4500.00000,3600.00000,NULL,NULL,900.00,30.00,'2019-02-01 12:30:21','2019-02-01 12:30:21','2019-02-01 12:30:21','\0'),(1445,'389','GRISLY CAJA X 100','GRISLY CAJA X 100',9,NULL,13,NULL,NULL,9200.00000,7360.00000,NULL,NULL,1840.00,2.00,'2019-02-01 12:30:21','2019-02-01 12:30:21','2019-02-01 12:30:21','\0'),(1446,'390','GRISLY CLASICA','GRISLY CLASICA',9,NULL,19,NULL,NULL,4200.00000,3360.00000,NULL,NULL,840.00,9.00,'2019-02-01 12:30:21','2019-02-01 12:30:21','2019-02-01 12:30:21','\0'),(1447,'391','GUANTES','GUANTES',8,NULL,13,NULL,NULL,2400.00000,1920.00000,NULL,NULL,480.00,137.00,'2019-02-01 12:30:21','2019-02-01 12:30:21','2019-02-01 12:30:21','\0'),(1448,'392','GUDIS UNIDAS','GUDIS UNIDAS',9,NULL,19,NULL,NULL,600.00000,480.00000,NULL,NULL,120.00,15.00,'2019-02-01 12:30:21','2019-02-01 12:30:21','2019-02-01 12:30:21','\0'),(1449,'393','GUDIS X 12','GUDIS X 12',9,NULL,13,NULL,NULL,6200.00000,4960.00000,NULL,NULL,1240.00,0.00,'2019-02-01 12:30:21','2019-02-01 12:30:21','2019-02-01 12:30:21','\0'),(1450,'394','GUSANITOS PLAY GOMA','GUSANITOS PLAY GOMA',9,NULL,2,NULL,NULL,5200.00000,4160.00000,NULL,NULL,1040.00,9.00,'2019-02-01 12:30:21','2019-02-01 12:30:21','2019-02-01 12:30:21','\0'),(1451,'395','HALLS BARRA','HALLS BARRA',9,NULL,1,NULL,NULL,1000.00000,800.00000,NULL,NULL,200.00,36.00,'2019-02-01 12:30:21','2019-02-01 12:30:21','2019-02-01 12:30:21','\0'),(1452,'396','HALLS PAQUETE','HALLS PAQUETE',9,NULL,13,NULL,NULL,4200.00000,3360.00000,NULL,NULL,840.00,0.00,'2019-02-01 12:30:21','2019-02-01 12:30:21','2019-02-01 12:30:21','\0'),(1453,'397','HALLS UNIDAD','HALLS UNIDAD',9,NULL,19,NULL,NULL,100.00000,80.00000,NULL,NULL,20.00,60.00,'2019-02-01 12:30:21','2019-02-01 12:30:21','2019-02-01 12:30:21','\0'),(1454,'398','HAMBURGUESA RAPIYA CUNIT','HAMBURGUESA RAPIYA CUNIT',7,NULL,13,NULL,NULL,9500.00000,7600.00000,NULL,NULL,1900.00,7.00,'2019-02-01 12:30:21','2019-02-01 12:30:21','2019-02-01 12:30:21','\0'),(1455,'399','HARINA NORMA','HARINA NORMA',11,NULL,9,NULL,NULL,1600.00000,1280.00000,NULL,NULL,320.00,25.00,'2019-02-01 12:30:21','2019-02-01 12:30:21','2019-02-01 12:30:21','\0'),(1456,'400','HARINA REPOS','HARINA REPOS',11,NULL,11,NULL,NULL,2200.00000,1760.00000,NULL,NULL,440.00,210.00,'2019-02-01 12:30:21','2019-02-01 12:30:21','2019-02-01 12:30:21','\0'),(1457,'401','HIELO JUMBO','HIELO JUMBO',8,NULL,19,NULL,NULL,1000.00000,800.00000,NULL,NULL,200.00,30.00,'2019-02-01 12:30:21','2019-02-01 12:30:21','2019-02-01 12:30:21','\0'),(1458,'402','HIELO NORMAL','HIELO NORMAL',8,NULL,19,NULL,NULL,650.00000,520.00000,NULL,NULL,130.00,73.00,'2019-02-01 12:30:21','2019-02-01 12:30:21','2019-02-01 12:30:21','\0'),(1459,'403','HOJALDRE','HOJALDRE',11,NULL,13,NULL,NULL,2800.00000,2240.00000,NULL,NULL,560.00,0.00,'2019-02-01 12:30:21','2019-02-01 12:30:21','2019-02-01 12:30:21','\0'),(1460,'404','HUEVITOS ','HUEVITOS ',9,NULL,19,NULL,NULL,100.00000,80.00000,NULL,NULL,20.00,27.00,'2019-02-01 12:30:21','2019-02-01 12:30:21','2019-02-01 12:30:21','\0'),(1461,'405','HUEVO UNIDAD','HUEVO UNIDAD',11,NULL,19,NULL,NULL,330.00000,264.00000,NULL,NULL,66.00,205.00,'2019-02-01 12:30:21','2019-02-01 12:30:21','2019-02-01 12:30:21','\0'),(1462,'406','HUEVOS CARTON','HUEVOS CARTON',11,NULL,19,NULL,NULL,9400.00000,7520.00000,NULL,NULL,1880.00,31.00,'2019-02-01 12:30:21','2019-02-01 12:30:21','2019-02-01 12:30:21','\0'),(1463,'407','HY-VOL','HY-VOL',11,NULL,8,NULL,NULL,52000.00000,41600.00000,NULL,NULL,10400.00,1069.00,'2019-02-13 04:11:54','2019-02-13 04:11:54','2019-02-13 04:11:54','\0'),(1464,'408','ICE MINT PAQUETE','ICE MINT PAQUETE',9,NULL,13,NULL,NULL,4000.00000,3200.00000,NULL,NULL,800.00,0.00,'2019-02-01 12:30:21','2019-02-01 12:30:21','2019-02-01 12:30:21','\0'),(1465,'409','ICE MINT UNIDAD','ICE MINT UNIDAD',9,NULL,19,NULL,NULL,100.00000,80.00000,NULL,NULL,20.00,0.00,'2019-02-01 12:30:21','2019-02-01 12:30:21','2019-02-01 12:30:21','\0'),(1466,'410','JAMON AHUMADO SANTA CRUZ','JAMON AHUMADO SANTA CRUZ',7,NULL,13,NULL,NULL,7000.00000,5600.00000,NULL,NULL,1400.00,0.00,'2019-02-01 12:30:21','2019-02-01 12:30:21','2019-02-01 12:30:21','\0'),(1467,'411','JAMON CAFRISAN 500 GRAMOS','JAMON CAFRISAN 500 GRAMOS',6,NULL,13,NULL,NULL,6500.00000,5200.00000,NULL,NULL,1300.00,10.00,'2019-02-01 12:30:21','2019-02-01 12:30:21','2019-02-01 12:30:21','\0'),(1468,'412','JAMON CAFRISAN X 250','JAMON CAFRISAN X 250',6,NULL,13,NULL,NULL,3400.00000,2720.00000,NULL,NULL,680.00,25.00,'2019-02-01 12:30:21','2019-02-01 12:30:21','2019-02-01 12:30:21','\0'),(1469,'413','JAMON CAFRISAN X 500 GR','JAMON CAFRISAN X 500 GR',6,NULL,13,NULL,NULL,6500.00000,5200.00000,NULL,NULL,1300.00,27.00,'2019-02-01 12:30:21','2019-02-01 12:30:21','2019-02-01 12:30:21','\0'),(1470,'414','JAMON COS SANTA CRUZ','JAMON COS SANTA CRUZ',6,NULL,13,NULL,NULL,7200.00000,5760.00000,NULL,NULL,1440.00,0.00,'2019-02-01 12:30:21','2019-02-01 12:30:21','2019-02-01 12:30:21','\0'),(1471,'415','JAMON CUNI X 30 ','JAMON CUNI X 30 ',7,NULL,13,NULL,NULL,8700.00000,6960.00000,NULL,NULL,1740.00,4.00,'2019-02-01 12:30:21','2019-02-01 12:30:21','2019-02-01 12:30:21','\0'),(1472,'416','JAMON CUNIT X 21','JAMON CUNIT X 21',6,NULL,13,NULL,NULL,6700.00000,5360.00000,NULL,NULL,1340.00,15.00,'2019-02-01 12:30:21','2019-02-01 12:30:21','2019-02-01 12:30:21','\0'),(1473,'417','JAMON DAN','JAMON DAN',6,NULL,13,NULL,NULL,7000.00000,5600.00000,NULL,NULL,1400.00,30.00,'2019-02-01 12:30:21','2019-02-01 12:30:21','2019-02-01 12:30:21','\0'),(1474,'418','JAMON PARICIEN','JAMON PARICIEN',6,NULL,13,NULL,NULL,8200.00000,6560.00000,NULL,NULL,1640.00,27.00,'2019-02-01 12:30:21','2019-02-01 12:30:21','2019-02-01 12:30:21','\0'),(1475,'419','JUGO CALIFORNIA NECTAR 215 ML','JUGO CALIFORNIA NECTAR 215 ML',5,NULL,3,NULL,NULL,1300.00000,1040.00000,NULL,NULL,260.00,10.00,'2019-02-01 12:30:21','2019-02-01 12:30:21','2019-02-01 12:30:21','\0'),(1476,'420','JUGO PETIT 330 ML','JUGO PETIT 330 ML',5,NULL,3,NULL,NULL,1600.00000,1280.00000,NULL,NULL,320.00,11.00,'2019-02-01 12:30:21','2019-02-01 12:30:21','2019-02-01 12:30:21','\0'),(1477,'421','K1 ','K1 ',8,NULL,19,NULL,NULL,180.00000,144.00000,NULL,NULL,36.00,972.00,'2019-02-01 12:30:21','2019-02-01 12:30:21','2019-02-01 12:30:21','\0'),(1478,'422','LASANA','LASANA',9,NULL,4,NULL,NULL,7500.00000,6000.00000,NULL,NULL,1500.00,5.00,'2019-02-01 12:30:21','2019-02-01 12:30:21','2019-02-01 12:30:21','\0'),(1479,'423','LECHE CAMPO ADELA 1LT','LECHE CAMPO ADELA 1LT',10,NULL,2,NULL,NULL,2000.00000,1600.00000,NULL,NULL,400.00,25.00,'2019-02-01 12:30:21','2019-02-01 12:30:21','2019-02-01 12:30:21','\0'),(1480,'424','LECHE COMDENSADA MOCOA','LECHE COMDENSADA MOCOA',9,NULL,10,NULL,NULL,4000.00000,3200.00000,NULL,NULL,800.00,8.00,'2019-02-01 12:30:21','2019-02-01 12:30:21','2019-02-01 12:30:21','\0'),(1481,'425','LECHE CONDENSADA GARRAFA','LECHE CONDENSADA GARRAFA',9,NULL,7,NULL,NULL,8800.00000,7040.00000,NULL,NULL,1760.00,4.00,'2019-02-01 12:30:21','2019-02-01 12:30:21','2019-02-01 12:30:21','\0'),(1482,'426','LECHE CONDENSADA LATA GLORIA','LECHE CONDENSADA LATA GLORIA',9,NULL,10,NULL,NULL,4500.00000,3600.00000,NULL,NULL,900.00,32.00,'2019-02-01 12:30:21','2019-02-01 12:30:21','2019-02-01 12:30:21','\0'),(1483,'427','LECHE CONDENSADA TETERITO','LECHE CONDENSADA TETERITO',9,NULL,3,NULL,NULL,3300.00000,2640.00000,NULL,NULL,660.00,0.00,'2019-02-01 12:30:21','2019-02-01 12:30:21','2019-02-01 12:30:21','\0'),(1484,'428','LECHE CONDENSADA TUBITO 100 GRAMOS','LECHE CONDENSADA TUBITO 100 GRAMOS',9,NULL,18,NULL,NULL,1600.00000,1280.00000,NULL,NULL,320.00,3.00,'2019-02-01 12:30:21','2019-02-01 12:30:21','2019-02-01 12:30:21','\0'),(1485,'429','LECHE CONDENSADA TUBITO 45 GRAMOS','LECHE CONDENSADA TUBITO 45 GRAMOS',9,NULL,18,NULL,NULL,1200.00000,960.00000,NULL,NULL,240.00,12.00,'2019-02-01 12:30:21','2019-02-01 12:30:21','2019-02-01 12:30:21','\0'),(1486,'430','LECHE CONDENSADA TUBITO X 20 GRA','LECHE CONDENSADA TUBITO X 20 GRA',9,NULL,18,NULL,NULL,300.00000,240.00000,NULL,NULL,60.00,33.00,'2019-02-01 12:30:21','2019-02-01 12:30:21','2019-02-01 12:30:21','\0'),(1487,'431','LECHE CONDENSADATUBITO 500 GR','LECHE CONDENSADATUBITO 500 GR',9,NULL,18,NULL,NULL,5200.00000,4160.00000,NULL,NULL,1040.00,5.00,'2019-02-01 12:30:21','2019-02-01 12:30:21','2019-02-01 12:30:21','\0'),(1488,'432','LECHE CONDENSADATUBITO SOBRE 30 GRA','LECHE CONDENSADATUBITO SOBRE 30 GRA',9,NULL,18,NULL,NULL,600.00000,480.00000,NULL,NULL,120.00,4.00,'2019-02-01 12:30:21','2019-02-01 12:30:21','2019-02-01 12:30:21','\0'),(1489,'433','LECHE CONSENSADA TUBITO LATA 480','LECHE CONSENSADA TUBITO LATA 480',9,NULL,18,NULL,NULL,5000.00000,4000.00000,NULL,NULL,1000.00,17.00,'2019-02-01 12:30:21','2019-02-01 12:30:21','2019-02-01 12:30:21','\0'),(1490,'434','LECHE EVAPORIZADA GLORIA','LECHE EVAPORIZADA GLORIA',13,NULL,10,NULL,NULL,5500.00000,4400.00000,NULL,NULL,1100.00,24.00,'2019-02-01 12:30:21','2019-02-01 12:30:21','2019-02-01 12:30:21','\0'),(1491,'435','LECHE KLAFREN 1/2 LITRO','LECHE KLAFREN 1/2 LITRO',10,NULL,2,NULL,NULL,1200.00000,960.00000,NULL,NULL,240.00,24.00,'2019-02-01 12:30:21','2019-02-01 12:30:21','2019-02-01 12:30:21','\0'),(1492,'436','LECHE KLAREN 125 ML','LECHE KLAREN 125 ML',10,NULL,2,NULL,NULL,900.00000,720.00000,NULL,NULL,180.00,11.00,'2019-02-01 12:30:21','2019-02-01 12:30:21','2019-02-01 12:30:21','\0'),(1493,'437','LECHE POLVO','LECHE POLVO',11,NULL,8,NULL,NULL,13000.00000,10400.00000,NULL,NULL,2600.00,38.00,'2019-02-01 12:30:21','2019-02-01 12:30:21','2019-02-01 12:30:21','\0'),(1494,'438','LECHESAN 1 LT','LECHESAN 1 LT',10,NULL,2,NULL,NULL,2000.00000,1600.00000,NULL,NULL,400.00,11.00,'2019-02-01 12:30:21','2019-02-01 12:30:21','2019-02-01 12:30:21','\0'),(1495,'439','LEVADURA FRESCA','LEVADURA FRESCA',11,NULL,19,NULL,NULL,3200.00000,2560.00000,NULL,NULL,640.00,15.00,'2019-02-01 12:30:21','2019-02-01 12:30:21','2019-02-01 12:30:21','\0'),(1496,'440','LEVADURA POLVO','LEVADURA POLVO',11,NULL,8,NULL,NULL,6800.00000,5440.00000,NULL,NULL,1360.00,7.13,'2019-02-01 12:30:21','2019-02-01 12:30:21','2019-02-01 12:30:21','\0'),(1497,'441','LINAZA','LINAZA',11,NULL,8,NULL,NULL,25000.00000,20000.00000,NULL,NULL,5000.00,505.00,'2019-02-01 12:30:21','2019-02-01 12:30:21','2019-02-01 12:30:21','\0'),(1498,'442','LLUVIA CHOCO','LLUVIA CHOCO',11,NULL,8,NULL,NULL,19000.00000,15200.00000,NULL,NULL,3800.00,1240.00,'2019-02-01 12:30:21','2019-02-01 12:30:21','2019-02-01 12:30:21','\0'),(1499,'443','LONCHERA X 12','LONCHERA X 12',9,NULL,13,NULL,NULL,4800.00000,3840.00000,NULL,NULL,960.00,4.00,'2019-02-01 12:30:21','2019-02-01 12:30:21','2019-02-01 12:30:21','\0'),(1500,'444','LONCHERA X 24','LONCHERA X 24',9,NULL,13,NULL,NULL,9000.00000,7200.00000,NULL,NULL,1800.00,9.00,'2019-02-01 12:30:21','2019-02-01 12:30:21','2019-02-01 12:30:21','\0'),(1501,'445','LOQUIÑO PAQUETE','LOQUIÑO PAQUETE',9,NULL,13,NULL,NULL,4000.00000,3200.00000,NULL,NULL,800.00,0.00,'2019-02-01 12:30:21','2019-02-01 12:30:21','2019-02-01 12:30:21','\0'),(1502,'446','LOQUIÑO UNIDAD','LOQUIÑO UNIDAD',9,NULL,19,NULL,NULL,100.00000,80.00000,NULL,NULL,20.00,0.00,'2019-02-01 12:30:21','2019-02-01 12:30:21','2019-02-01 12:30:21','\0'),(1503,'447','MAIZ TIERNO CHEF CHOICE 2840 GRAMOS','MAIZ TIERNO CHEF CHOICE 2840 GRAMOS',7,NULL,10,NULL,NULL,17000.00000,13600.00000,NULL,NULL,3400.00,4.00,'2019-02-01 12:30:21','2019-02-01 12:30:21','2019-02-01 12:30:21','\0'),(1504,'448','MAIZ TIERNO CHEF CHOICE 340 GRAMOS','MAIZ TIERNO CHEF CHOICE 340 GRAMOS',7,NULL,10,NULL,NULL,2700.00000,2160.00000,NULL,NULL,540.00,25.00,'2019-02-01 12:30:21','2019-02-01 12:30:21','2019-02-01 12:30:21','\0'),(1505,'449','MAIZ TIERNO SELECTO 432','MAIZ TIERNO SELECTO 432',7,NULL,10,NULL,NULL,3700.00000,2960.00000,NULL,NULL,740.00,2.00,'2019-02-01 12:30:21','2019-02-01 12:30:21','2019-02-01 12:30:21','\0'),(1506,'450','MANGUER S UD','MANGUER S UD',6,NULL,19,NULL,NULL,1000.00000,800.00000,NULL,NULL,200.00,30.00,'2019-02-01 12:30:21','2019-02-01 12:30:21','2019-02-01 12:30:21','\0'),(1507,'451','MANGUERA DELICHICK X 6','MANGUERA DELICHICK X 6',6,NULL,13,NULL,NULL,4900.00000,3920.00000,NULL,NULL,980.00,0.00,'2019-02-01 12:30:21','2019-02-01 12:30:21','2019-02-01 12:30:21','\0'),(1508,'452','MANGUERA DON VITO','MANGUERA DON VITO',6,NULL,13,NULL,NULL,14400.00000,11520.00000,NULL,NULL,2880.00,18.00,'2019-02-01 12:30:21','2019-02-01 12:30:21','2019-02-01 12:30:21','\0'),(1509,'453','MANGUERA SALSAN','MANGUERA SALSAN',6,NULL,13,NULL,NULL,15800.00000,12640.00000,NULL,NULL,3160.00,34.00,'2019-02-01 12:30:21','2019-02-01 12:30:21','2019-02-01 12:30:21','\0'),(1510,'454','MANI ALMENDRA MARANON GRANDE','MANI ALMENDRA MARANON GRANDE',9,NULL,2,NULL,NULL,7000.00000,5600.00000,NULL,NULL,1400.00,5.00,'2019-02-01 12:30:21','2019-02-01 12:30:21','2019-02-01 12:30:21','\0'),(1511,'455','MANI ALMENDRA MARANON PQ','MANI ALMENDRA MARANON PQ',9,NULL,2,NULL,NULL,1800.00000,1440.00000,NULL,NULL,360.00,21.00,'2019-02-01 12:30:21','2019-02-01 12:30:21','2019-02-01 12:30:21','\0'),(1512,'456','MANI ARANDANO GRANDE','MANI ARANDANO GRANDE',9,NULL,2,NULL,NULL,6500.00000,5200.00000,NULL,NULL,1300.00,1.00,'2019-02-01 12:30:21','2019-02-01 12:30:21','2019-02-01 12:30:21','\0'),(1513,'457','MANI ARANDANO PEQUEÑO','MANI ARANDANO PEQUEÑO',9,NULL,2,NULL,NULL,1700.00000,1360.00000,NULL,NULL,340.00,12.00,'2019-02-01 12:30:21','2019-02-01 12:30:21','2019-02-01 12:30:21','\0'),(1514,'458','MANI ESPECIAL CON SAL X 50 GRAMOS','MANI ESPECIAL CON SAL X 50 GRAMOS',9,NULL,2,NULL,NULL,1500.00000,1200.00000,NULL,NULL,300.00,11.00,'2019-02-01 12:30:21','2019-02-01 12:30:21','2019-02-01 12:30:21','\0'),(1515,'459','MANI KRASKS PEQUEÑO','MANI KRASKS PEQUEÑO',9,NULL,2,NULL,NULL,700.00000,560.00000,NULL,NULL,140.00,22.00,'2019-02-01 12:30:21','2019-02-01 12:30:21','2019-02-01 12:30:21','\0'),(1516,'460','MANI LA ESPECIAL CON SAL X 200 GRAMOS','MANI LA ESPECIAL CON SAL X 200 GRAMOS',9,NULL,2,NULL,NULL,4000.00000,3200.00000,NULL,NULL,800.00,4.00,'2019-02-01 12:30:21','2019-02-01 12:30:21','2019-02-01 12:30:21','\0'),(1517,'461','MANI LA ESPECIAL RECUBIERTO ','MANI LA ESPECIAL RECUBIERTO ',9,NULL,13,NULL,NULL,6200.00000,4960.00000,NULL,NULL,1240.00,4.00,'2019-02-01 12:30:21','2019-02-01 12:30:21','2019-02-01 12:30:21','\0'),(1518,'462','MANI PASAS GRANDE','MANI PASAS GRANDE',9,NULL,2,NULL,NULL,4500.00000,3600.00000,NULL,NULL,900.00,3.00,'2019-02-01 12:30:21','2019-02-01 12:30:21','2019-02-01 12:30:21','\0'),(1519,'463','MANI PASAS PEQUEÑO','MANI PASAS PEQUEÑO',9,NULL,2,NULL,NULL,1600.00000,1280.00000,NULL,NULL,320.00,47.00,'2019-02-01 12:30:21','2019-02-01 12:30:21','2019-02-01 12:30:21','\0'),(1520,'464','MANI SALADO 25 GRAMOS','MANI SALADO 25 GRAMOS',9,NULL,2,NULL,NULL,700.00000,560.00000,NULL,NULL,140.00,60.00,'2019-02-01 12:30:21','2019-02-01 12:30:21','2019-02-01 12:30:21','\0'),(1521,'465','MANI SALADO 45 GRAMOS','MANI SALADO 45 GRAMOS',9,NULL,2,NULL,NULL,1400.00000,1120.00000,NULL,NULL,280.00,0.00,'2019-02-01 12:30:21','2019-02-01 12:30:21','2019-02-01 12:30:21','\0'),(1522,'466','MANI TRITURADO','MANI TRITURADO',11,NULL,8,NULL,NULL,16000.00000,12800.00000,NULL,NULL,3200.00,1235.00,'2019-02-01 12:30:21','2019-02-01 12:30:21','2019-02-01 12:30:21','\0'),(1523,'467','MANICUBIERTO X 100','MANICUBIERTO X 100',9,NULL,13,NULL,NULL,3500.00000,2800.00000,NULL,NULL,700.00,4.00,'2019-02-01 12:30:21','2019-02-01 12:30:21','2019-02-01 12:30:21','\0'),(1524,'468','MANICUBIERTO X200','MANICUBIERTO X200',9,NULL,15,NULL,NULL,7500.00000,6000.00000,NULL,NULL,1500.00,10.00,'2019-02-01 12:30:21','2019-02-01 12:30:21','2019-02-01 12:30:21','\0'),(1525,'469','MANIMOTO 40 GRAMOS','MANIMOTO 40 GRAMOS',9,NULL,2,NULL,NULL,800.00000,640.00000,NULL,NULL,160.00,0.00,'2019-02-01 12:30:21','2019-02-01 12:30:21','2019-02-01 12:30:21','\0'),(1526,'470','MANIMOTO DE 70 GRAMOS','MANIMOTO DE 70 GRAMOS',9,NULL,2,NULL,NULL,1200.00000,960.00000,NULL,NULL,240.00,6.00,'2019-02-01 12:30:21','2019-02-01 12:30:21','2019-02-01 12:30:21','\0'),(1527,'471','MANTEL DE FIESTA','MANTEL DE FIESTA',12,NULL,19,NULL,NULL,0.00000,0.00000,NULL,NULL,0.00,0.00,'2019-02-01 12:30:21','2019-02-01 12:30:21','2019-02-01 12:30:21','\0'),(1528,'472','MANTEQUILLA DAGUSTO','MANTEQUILLA DAGUSTO',11,NULL,19,NULL,NULL,1500.00000,1200.00000,NULL,NULL,300.00,4.00,'2019-02-01 12:30:21','2019-02-01 12:30:21','2019-02-01 12:30:21','\0'),(1529,'473','MANZANILLA','MANZANILLA',11,NULL,8,NULL,NULL,0.00000,0.00000,NULL,NULL,0.00,0.00,'2019-02-01 12:30:21','2019-02-01 12:30:21','2019-02-01 12:30:21','\0'),(1530,'474','MASMELOS BLANCO','MASMELOS BLANCO',9,NULL,19,NULL,NULL,5000.00000,4000.00000,NULL,NULL,1000.00,0.00,'2019-02-01 12:30:21','2019-02-01 12:30:21','2019-02-01 12:30:21','\0'),(1531,'475','MASMELOS CORAZON PAQUETE X 50','MASMELOS CORAZON PAQUETE X 50',9,NULL,13,NULL,NULL,4500.00000,3600.00000,NULL,NULL,900.00,6.00,'2019-02-01 12:30:21','2019-02-01 12:30:21','2019-02-01 12:30:21','\0'),(1532,'476','MASMELOS CORAZON UNIDAD','MASMELOS CORAZON UNIDAD',9,NULL,19,NULL,NULL,100.00000,80.00000,NULL,NULL,20.00,20.00,'2019-02-01 12:30:21','2019-02-01 12:30:21','2019-02-01 12:30:21','\0'),(1533,'477','MASMELOS X 50','MASMELOS X 50',9,NULL,19,NULL,NULL,4400.00000,3520.00000,NULL,NULL,880.00,0.00,'2019-02-01 12:30:21','2019-02-01 12:30:21','2019-02-01 12:30:21','\0'),(1534,'478','MASMELOS X 75 GRAMOS','MASMELOS X 75 GRAMOS',9,NULL,19,NULL,NULL,2000.00000,1600.00000,NULL,NULL,400.00,0.00,'2019-02-01 12:30:21','2019-02-01 12:30:21','2019-02-01 12:30:21','\0'),(1535,'479','MAYONESA CHEY CHOICE','MAYONESA CHEY CHOICE',7,NULL,NULL,NULL,NULL,31500.00000,25200.00000,NULL,NULL,6300.00,10.00,'2019-02-01 12:30:21','2019-02-01 12:30:21','2019-02-01 12:30:21','\0'),(1536,'480','MAYONESA ECONOMICA SAUCE','MAYONESA ECONOMICA SAUCE',7,NULL,NULL,NULL,NULL,28000.00000,22400.00000,NULL,NULL,5600.00,3.00,'2019-02-01 12:30:21','2019-02-01 12:30:21','2019-02-01 12:30:21','\0'),(1537,'481','MECHAS LOCAS','MECHAS LOCAS',9,NULL,19,NULL,NULL,0.00000,0.00000,NULL,NULL,0.00,0.00,'2019-02-01 12:30:21','2019-02-01 12:30:21','2019-02-01 12:30:21','\0'),(1538,'482','MENTA AMERICANDT X 300','MENTA AMERICANDT X 300',9,NULL,19,NULL,NULL,12450.00000,9960.00000,NULL,NULL,2490.00,1.00,'2019-02-01 12:30:21','2019-02-01 12:30:21','2019-02-01 12:30:21','\0'),(1539,'483','MENTA CHAO','MENTA CHAO',9,NULL,13,NULL,NULL,4000.00000,3200.00000,NULL,NULL,800.00,0.00,'2019-02-01 12:30:21','2019-02-01 12:30:21','2019-02-01 12:30:21','\0'),(1540,'484','MENTA CHAO UNIDAD','MENTA CHAO UNIDAD',9,NULL,19,NULL,NULL,50.00000,40.00000,NULL,NULL,10.00,0.00,'2019-02-01 12:30:21','2019-02-01 12:30:21','2019-02-01 12:30:21','\0'),(1541,'485','MENTA HELADA PAQUETE','MENTA HELADA PAQUETE',9,NULL,13,NULL,NULL,4000.00000,3200.00000,NULL,NULL,800.00,6.00,'2019-02-01 12:30:21','2019-02-01 12:30:21','2019-02-01 12:30:21','\0'),(1542,'486','MENTA HELADA UNIDAD','MENTA HELADA UNIDAD',9,NULL,19,NULL,NULL,100.00000,80.00000,NULL,NULL,20.00,60.00,'2019-02-01 12:30:21','2019-02-01 12:30:21','2019-02-01 12:30:21','\0'),(1543,'487','MENTA MIX PAQUETE','MENTA MIX PAQUETE',9,NULL,13,NULL,NULL,4000.00000,3200.00000,NULL,NULL,800.00,3.00,'2019-02-01 12:30:21','2019-02-01 12:30:21','2019-02-01 12:30:21','\0'),(1544,'488','MENTA MIX UNIDAD','MENTA MIX UNIDAD',9,NULL,19,NULL,NULL,100.00000,80.00000,NULL,NULL,20.00,49.00,'2019-02-01 12:30:21','2019-02-01 12:30:21','2019-02-01 12:30:21','\0'),(1545,'489','MENTOLADO MISS SURTIDO','MENTOLADO MISS SURTIDO',9,NULL,13,NULL,NULL,400.00000,320.00000,NULL,NULL,80.00,22.00,'2019-02-01 12:30:21','2019-02-01 12:30:21','2019-02-01 12:30:21','\0'),(1546,'490','MERMELADA ','MERMELADA ',9,NULL,2,NULL,NULL,2800.00000,2240.00000,NULL,NULL,560.00,13.00,'2019-02-01 12:30:21','2019-02-01 12:30:21','2019-02-01 12:30:21','\0'),(1547,'491','MINI CHIPS','MINI CHIPS',9,NULL,19,NULL,NULL,800.00000,640.00000,NULL,NULL,160.00,28.00,'2019-02-01 12:30:21','2019-02-01 12:30:21','2019-02-01 12:30:21','\0'),(1548,'492','MOLDE BASE PUDIN','MOLDE BASE PUDIN',13,NULL,19,NULL,NULL,0.00000,0.00000,NULL,NULL,0.00,0.00,'2019-02-01 12:30:21','2019-02-01 12:30:21','2019-02-01 12:30:21','\0'),(1549,'493','MOLDE LASANA ALUMINIO REDONDA CON TAPA','MOLDE LASANA ALUMINIO REDONDA CON TAPA',8,NULL,13,NULL,NULL,2000.00000,1600.00000,NULL,NULL,400.00,36.00,'2019-02-01 12:30:21','2019-02-01 12:30:21','2019-02-01 12:30:21','\0'),(1550,'494','MOLDE LASANA CARTA','MOLDE LASANA CARTA',8,NULL,19,NULL,NULL,2000.00000,1600.00000,NULL,NULL,400.00,102.00,'2019-02-01 12:30:21','2019-02-01 12:30:21','2019-02-01 12:30:21','\0'),(1551,'495','MOLDE LASANA MEDIANO ','MOLDE LASANA MEDIANO ',8,NULL,19,NULL,NULL,700.00000,560.00000,NULL,NULL,140.00,17.00,'2019-02-01 12:30:21','2019-02-01 12:30:21','2019-02-01 12:30:21','\0'),(1552,'496','MOLDE LASANA PEQUEÑO','MOLDE LASANA PEQUEÑO',8,NULL,19,NULL,NULL,250.00000,200.00000,NULL,NULL,50.00,43.00,'2019-02-01 12:30:21','2019-02-01 12:30:21','2019-02-01 12:30:21','\0'),(1553,'497','MOLDE LASANA PERSONAL','MOLDE LASANA PERSONAL',8,NULL,19,NULL,NULL,500.00000,400.00000,NULL,NULL,100.00,445.00,'2019-02-01 12:30:21','2019-02-01 12:30:21','2019-02-01 12:30:21','\0'),(1554,'498','MOLDE LASAÑA ROSTER','MOLDE LASAÑA ROSTER',8,NULL,19,NULL,NULL,3800.00000,3040.00000,NULL,NULL,760.00,36.00,'2019-02-01 12:30:21','2019-02-01 12:30:21','2019-02-01 12:30:21','\0'),(1555,'499','MOLDE REDONDO ALUMINIO 5 ONZAS ','MOLDE REDONDO ALUMINIO 5 ONZAS ',8,NULL,13,NULL,NULL,500.00000,400.00000,NULL,NULL,100.00,7.00,'2019-02-01 12:30:21','2019-02-01 12:30:21','2019-02-01 12:30:21','\0'),(1556,'500','MOLDE TORTA ALUMINIO','MOLDE TORTA ALUMINIO',11,NULL,19,NULL,NULL,0.00000,0.00000,NULL,NULL,0.00,0.00,'2019-02-01 12:30:21','2019-02-01 12:30:21','2019-02-01 12:30:21','\0'),(1557,'501','MOLDES CHOCOLATE','MOLDES CHOCOLATE',13,NULL,19,NULL,NULL,11000.00000,8800.00000,NULL,NULL,2200.00,2.00,'2019-02-01 12:30:21','2019-02-01 12:30:21','2019-02-01 12:30:21','\0'),(1558,'502','MORITAS PAQUETE','MORITAS PAQUETE',9,NULL,13,NULL,NULL,3800.00000,3040.00000,NULL,NULL,760.00,8.00,'2019-02-01 12:30:21','2019-02-01 12:30:21','2019-02-01 12:30:21','\0'),(1559,'503','MORTADELA  CUNIT X 18','MORTADELA  CUNIT X 18',7,NULL,13,NULL,NULL,4000.00000,3200.00000,NULL,NULL,800.00,2.00,'2019-02-01 12:30:21','2019-02-01 12:30:21','2019-02-01 12:30:21','\0'),(1560,'504','MORTADELA CAFRISAN X 250 GRA','MORTADELA CAFRISAN X 250 GRA',6,NULL,13,NULL,NULL,3200.00000,2560.00000,NULL,NULL,640.00,30.00,'2019-02-01 12:30:21','2019-02-01 12:30:21','2019-02-01 12:30:21','\0'),(1561,'505','MORTADELA CAFRISAN X 500 GRA','MORTADELA CAFRISAN X 500 GRA',6,NULL,13,NULL,NULL,5500.00000,4400.00000,NULL,NULL,1100.00,49.00,'2019-02-01 12:30:21','2019-02-01 12:30:21','2019-02-01 12:30:21','\0'),(1562,'506','MORTADELA CUNIT 250 X 18 ','MORTADELA CUNIT 250 X 18 ',6,NULL,13,NULL,NULL,3700.00000,2960.00000,NULL,NULL,740.00,4.00,'2019-02-01 12:30:21','2019-02-01 12:30:21','2019-02-01 12:30:21','\0'),(1563,'507','MORTADELA CUNIT X 11','MORTADELA CUNIT X 11',7,NULL,13,NULL,NULL,2600.00000,2080.00000,NULL,NULL,520.00,0.00,'2019-02-01 12:30:21','2019-02-01 12:30:21','2019-02-01 12:30:21','\0'),(1564,'508','MORTADELA CUNIT X 15','MORTADELA CUNIT X 15',7,NULL,13,NULL,NULL,0.00000,0.00000,NULL,NULL,0.00,0.00,'2019-02-01 12:30:21','2019-02-01 12:30:21','2019-02-01 12:30:21','\0'),(1565,'509','MORTALEDA AHUMADA SALSAN','MORTALEDA AHUMADA SALSAN',6,NULL,13,NULL,NULL,7000.00000,5600.00000,NULL,NULL,1400.00,18.00,'2019-02-01 12:30:21','2019-02-01 12:30:21','2019-02-01 12:30:21','\0'),(1566,'510','MR TEA CAJA','MR TEA CAJA',9,NULL,4,NULL,NULL,7200.00000,5760.00000,NULL,NULL,1440.00,2.00,'2019-02-01 12:30:21','2019-02-01 12:30:21','2019-02-01 12:30:21','\0'),(1567,'511','MR TEA SOBRE','MR TEA SOBRE',9,NULL,16,NULL,NULL,700.00000,560.00000,NULL,NULL,140.00,7.00,'2019-02-01 12:30:21','2019-02-01 12:30:21','2019-02-01 12:30:21','\0'),(1568,'512','NESTEA CAJA','NESTEA CAJA',9,NULL,4,NULL,NULL,10200.00000,8160.00000,NULL,NULL,2040.00,2.00,'2019-02-01 12:30:21','2019-02-01 12:30:21','2019-02-01 12:30:21','\0'),(1569,'513','NESTEA UNIDAD','NESTEA UNIDAD',9,NULL,19,NULL,NULL,900.00000,720.00000,NULL,NULL,180.00,0.00,'2019-02-01 12:30:21','2019-02-01 12:30:21','2019-02-01 12:30:21','\0'),(1570,'514','NUCITA UNIDAD','NUCITA UNIDAD',9,NULL,19,NULL,NULL,500.00000,400.00000,NULL,NULL,100.00,32.00,'2019-02-01 12:30:21','2019-02-01 12:30:21','2019-02-01 12:30:21','\0'),(1571,'515','NUCITAS PAQUETE','NUCITAS PAQUETE',9,NULL,13,NULL,NULL,9600.00000,7680.00000,NULL,NULL,1920.00,0.00,'2019-02-01 12:30:21','2019-02-01 12:30:21','2019-02-01 12:30:21','\0'),(1572,'516','NUEZ MOSCADA','NUEZ MOSCADA',11,NULL,19,NULL,NULL,700.00000,560.00000,NULL,NULL,140.00,70.00,'2019-02-01 12:30:21','2019-02-01 12:30:21','2019-02-01 12:30:21','\0'),(1573,'517','NUMEROS INFLABLES','NUMEROS INFLABLES',12,NULL,19,NULL,NULL,0.00000,0.00000,NULL,NULL,0.00,11.00,'2019-02-01 12:30:21','2019-02-01 12:30:21','2019-02-01 12:30:21','\0'),(1574,'518','NUTELLA','NUTELLA',9,NULL,15,NULL,NULL,8800.00000,7040.00000,NULL,NULL,1760.00,5.00,'2019-02-01 12:30:21','2019-02-01 12:30:21','2019-02-01 12:30:21','\0'),(1575,'519','OBLEAS','OBLEAS',9,NULL,13,NULL,NULL,3500.00000,2800.00000,NULL,NULL,700.00,0.00,'2019-02-01 12:30:21','2019-02-01 12:30:21','2019-02-01 12:30:21','\0'),(1576,'520','P1','P1',8,NULL,19,NULL,NULL,250.00000,200.00000,NULL,NULL,50.00,633.00,'2019-02-01 12:30:21','2019-02-01 12:30:21','2019-02-01 12:30:21','\0'),(1577,'521','P3','P3',8,NULL,19,NULL,NULL,250.00000,200.00000,NULL,NULL,50.00,538.00,'2019-02-01 12:30:21','2019-02-01 12:30:21','2019-02-01 12:30:21','\0'),(1578,'522','PACA DE AGUA CRISTALINA','PACA DE AGUA CRISTALINA',5,NULL,12,NULL,NULL,6000.00000,4800.00000,NULL,NULL,1200.00,4.00,'2019-02-01 12:30:21','2019-02-01 12:30:21','2019-02-01 12:30:21','\0'),(1579,'523','PALICHUZO DELGADO','PALICHUZO DELGADO',8,NULL,13,NULL,NULL,2100.00000,1680.00000,NULL,NULL,420.00,73.00,'2019-02-01 12:30:21','2019-02-01 12:30:21','2019-02-01 12:30:21','\0'),(1580,'524','PALICHUZO GRUESO','PALICHUZO GRUESO',8,NULL,13,NULL,NULL,2500.00000,2000.00000,NULL,NULL,500.00,11.00,'2019-02-01 12:30:21','2019-02-01 12:30:21','2019-02-01 12:30:21','\0'),(1581,'525','PALILLO DIENTE','PALILLO DIENTE',8,NULL,13,NULL,NULL,600.00000,480.00000,NULL,NULL,120.00,12.00,'2019-02-01 12:30:21','2019-02-01 12:30:21','2019-02-01 12:30:21','\0'),(1582,'526','PALILLO HAMBURQUESA','PALILLO HAMBURQUESA',8,NULL,13,NULL,NULL,1000.00000,800.00000,NULL,NULL,200.00,41.00,'2019-02-01 12:30:21','2019-02-01 12:30:21','2019-02-01 12:30:21','\0'),(1583,'527','PALILLOS COLORES','PALILLOS COLORES',12,NULL,13,NULL,NULL,0.00000,0.00000,NULL,NULL,0.00,2.00,'2019-02-01 12:30:21','2019-02-01 12:30:21','2019-02-01 12:30:21','\0'),(1584,'528','PALO PALETA','PALO PALETA',11,NULL,19,NULL,NULL,900.00000,720.00000,NULL,NULL,180.00,50.00,'2019-02-01 12:30:21','2019-02-01 12:30:21','2019-02-01 12:30:21','\0'),(1585,'529','PAN DE YUCA','PAN DE YUCA',9,NULL,13,NULL,NULL,2200.00000,1760.00000,NULL,NULL,440.00,7.00,'2019-02-01 12:30:21','2019-02-01 12:30:21','2019-02-01 12:30:21','\0'),(1586,'530','PAN HAMBURGUEZA','PAN HAMBURGUEZA',7,NULL,13,NULL,NULL,2800.00000,2240.00000,NULL,NULL,560.00,7.00,'2019-02-01 12:30:21','2019-02-01 12:30:21','2019-02-01 12:30:21','\0'),(1587,'531','PAN MINI','PAN MINI',7,NULL,13,NULL,NULL,2300.00000,1840.00000,NULL,NULL,460.00,3.00,'2019-02-01 12:30:21','2019-02-01 12:30:21','2019-02-01 12:30:21','\0'),(1588,'532','PAN SUPER','PAN SUPER',7,NULL,13,NULL,NULL,4000.00000,3200.00000,NULL,NULL,800.00,94.00,'2019-02-01 12:30:21','2019-02-01 12:30:21','2019-02-01 12:30:21','\0'),(1589,'533','PAPA FRANCESA BLISS','PAPA FRANCESA BLISS',7,NULL,2,NULL,NULL,12000.00000,9600.00000,NULL,NULL,2400.00,40.00,'2019-02-01 12:30:21','2019-02-01 12:30:21','2019-02-01 12:30:21','\0'),(1590,'534','PAPA FRANCESA CRONS','PAPA FRANCESA CRONS',7,NULL,2,NULL,NULL,12000.00000,9600.00000,NULL,NULL,2400.00,0.00,'2019-02-01 12:30:21','2019-02-01 12:30:21','2019-02-01 12:30:21','\0'),(1591,'535','PAPA FRANCESA CUALITY','PAPA FRANCESA CUALITY',7,NULL,2,NULL,NULL,12000.00000,9600.00000,NULL,NULL,2400.00,0.00,'2019-02-01 12:30:21','2019-02-01 12:30:21','2019-02-01 12:30:21','\0'),(1592,'536','PAPA FRANCESA MINIBEL','PAPA FRANCESA MINIBEL',7,NULL,2,NULL,NULL,13000.00000,10400.00000,NULL,NULL,2600.00,0.00,'2019-02-01 12:30:21','2019-02-01 12:30:21','2019-02-01 12:30:21','\0'),(1593,'537','PAPA MARGARITA PAQUETE','PAPA MARGARITA PAQUETE',9,NULL,13,NULL,NULL,13800.00000,11040.00000,NULL,NULL,2760.00,2.00,'2019-02-01 12:30:21','2019-02-01 12:30:21','2019-02-01 12:30:21','\0'),(1594,'538','PAPA MARGARITA UNIDAD','PAPA MARGARITA UNIDAD',9,NULL,19,NULL,NULL,1300.00000,1040.00000,NULL,NULL,260.00,6.00,'2019-02-01 12:30:21','2019-02-01 12:30:21','2019-02-01 12:30:21','\0'),(1595,'539','PAPAS FRANCE FANFRI','PAPAS FRANCE FANFRI',7,NULL,2,NULL,NULL,12000.00000,9600.00000,NULL,NULL,2400.00,2.00,'2019-02-01 12:30:21','2019-02-01 12:30:21','2019-02-01 12:30:21','\0'),(1596,'540','PAPEL  ALUMINIO 100MTS','PAPEL  ALUMINIO 100MTS',8,NULL,19,NULL,NULL,17000.00000,13600.00000,NULL,NULL,3400.00,12.00,'2019-02-01 12:30:21','2019-02-01 12:30:21','2019-02-01 12:30:21','\0'),(1597,'541','PAPEL  ALUMINIO 40MTS','PAPEL  ALUMINIO 40MTS',8,NULL,19,NULL,NULL,7200.00000,5760.00000,NULL,NULL,1440.00,22.00,'2019-02-01 12:30:21','2019-02-01 12:30:21','2019-02-01 12:30:21','\0'),(1598,'542','PAPEL  ALUMINIO 7 MTS','PAPEL  ALUMINIO 7 MTS',8,NULL,19,NULL,NULL,2200.00000,1760.00000,NULL,NULL,440.00,21.00,'2019-02-01 12:30:21','2019-02-01 12:30:21','2019-02-01 12:30:21','\0'),(1599,'543','PAPEL ALUINIO 21 MTS','PAPEL ALUINIO 21 MTS',8,NULL,19,NULL,NULL,4600.00000,3680.00000,NULL,NULL,920.00,7.00,'2019-02-01 12:30:21','2019-02-01 12:30:21','2019-02-01 12:30:21','\0'),(1600,'544','PAPEL PELICULA 20 MTS','PAPEL PELICULA 20 MTS',8,NULL,19,NULL,NULL,2600.00000,2080.00000,NULL,NULL,520.00,15.00,'2019-02-01 12:30:21','2019-02-01 12:30:21','2019-02-01 12:30:21','\0'),(1601,'545','PAPEL PELICULA 30 MTS','PAPEL PELICULA 30 MTS',8,NULL,19,NULL,NULL,3400.00000,2720.00000,NULL,NULL,680.00,21.00,'2019-02-01 12:30:21','2019-02-01 12:30:21','2019-02-01 12:30:21','\0'),(1602,'546','PAPEL PELICULA 60MTS','PAPEL PELICULA 60MTS',8,NULL,19,NULL,NULL,4400.00000,3520.00000,NULL,NULL,880.00,18.00,'2019-02-01 12:30:21','2019-02-01 12:30:21','2019-02-01 12:30:21','\0'),(1603,'547','PAPITAS MARGARITA DE LIMON','PAPITAS MARGARITA DE LIMON',9,NULL,13,NULL,NULL,1300.00000,1040.00000,NULL,NULL,260.00,2.00,'2019-02-01 12:30:21','2019-02-01 12:30:21','2019-02-01 12:30:21','\0'),(1604,'548','PAPITAS PRINGLES','PAPITAS PRINGLES',9,NULL,13,NULL,NULL,2800.00000,2240.00000,NULL,NULL,560.00,11.00,'2019-02-01 12:30:21','2019-02-01 12:30:21','2019-02-01 12:30:21','\0'),(1605,'549','PAPITAS RIZADAS GRANDE','PAPITAS RIZADAS GRANDE',9,NULL,2,NULL,NULL,2700.00000,2160.00000,NULL,NULL,540.00,0.00,'2019-02-01 12:30:21','2019-02-01 12:30:21','2019-02-01 12:30:21','\0'),(1606,'550','PAPITAS RIZADAS SUELTO ','PAPITAS RIZADAS SUELTO ',9,NULL,13,NULL,NULL,1300.00000,1040.00000,NULL,NULL,260.00,16.00,'2019-02-01 12:30:21','2019-02-01 12:30:21','2019-02-01 12:30:21','\0'),(1607,'551','PASTA TOMATE KILO','PASTA TOMATE KILO',14,NULL,3,NULL,NULL,6800.00000,5440.00000,NULL,NULL,1360.00,7.00,'2019-02-01 12:30:21','2019-02-01 12:30:21','2019-02-01 12:30:21','\0'),(1608,'552','PEPINILLO POTE','PEPINILLO POTE',7,NULL,15,NULL,NULL,3000.00000,2400.00000,NULL,NULL,600.00,0.00,'2019-02-01 12:30:21','2019-02-01 12:30:21','2019-02-01 12:30:21','\0'),(1609,'553','PIAZA BARQUILLOX 10 ','PIAZA BARQUILLOX 10 ',9,NULL,13,NULL,NULL,1700.00000,1360.00000,NULL,NULL,340.00,16.00,'2019-02-01 12:30:21','2019-02-01 12:30:21','2019-02-01 12:30:21','\0'),(1610,'554','PIAZA JIRAFA CAJA','PIAZA JIRAFA CAJA',9,NULL,5,NULL,NULL,5000.00000,4000.00000,NULL,NULL,1000.00,29.00,'2019-02-01 12:30:21','2019-02-01 12:30:21','2019-02-01 12:30:21','\0'),(1611,'555','PIAZA JIRAFA UNIDAD','PIAZA JIRAFA UNIDAD',9,NULL,19,NULL,NULL,300.00000,240.00000,NULL,NULL,60.00,0.00,'2019-02-01 12:30:21','2019-02-01 12:30:21','2019-02-01 12:30:21','\0'),(1612,'556','PIMIENTA OLOR','PIMIENTA OLOR',11,NULL,8,NULL,NULL,0.00000,0.00000,NULL,NULL,0.00,0.00,'2019-02-01 12:30:21','2019-02-01 12:30:21','2019-02-01 12:30:21','\0'),(1613,'557','PINA TROCITO KILO','PINA TROCITO KILO',14,NULL,2,NULL,NULL,3900.00000,3120.00000,NULL,NULL,780.00,11.00,'2019-02-01 12:30:21','2019-02-01 12:30:21','2019-02-01 12:30:21','\0'),(1614,'558','PIÑA TROCITO GALON','PIÑA TROCITO GALON',14,NULL,6,NULL,NULL,15600.00000,12480.00000,NULL,NULL,3120.00,0.00,'2019-02-01 12:30:21','2019-02-01 12:30:21','2019-02-01 12:30:21','\0'),(1615,'559','PIRULITO LECHE X 24','PIRULITO LECHE X 24',9,NULL,13,NULL,NULL,2500.00000,2000.00000,NULL,NULL,500.00,3.00,'2019-02-01 12:30:21','2019-02-01 12:30:21','2019-02-01 12:30:21','\0'),(1616,'560','PIRULITO NUCITA','PIRULITO NUCITA',9,NULL,13,NULL,NULL,2500.00000,2000.00000,NULL,NULL,500.00,4.00,'2019-02-01 12:30:21','2019-02-01 12:30:21','2019-02-01 12:30:21','\0'),(1617,'561','PIRULITO SURTIDO X 48','PIRULITO SURTIDO X 48',9,NULL,13,NULL,NULL,5000.00000,4000.00000,NULL,NULL,1000.00,1.00,'2019-02-01 12:30:21','2019-02-01 12:30:21','2019-02-01 12:30:21','\0'),(1618,'562','PIRULITO UNIDAD','PIRULITO UNIDAD',9,NULL,19,NULL,NULL,150.00000,120.00000,NULL,NULL,30.00,0.00,'2019-02-01 12:30:21','2019-02-01 12:30:21','2019-02-01 12:30:21','\0'),(1619,'563','PITILLO BLANCO','PITILLO BLANCO',8,NULL,13,NULL,NULL,300.00000,240.00000,NULL,NULL,60.00,82.00,'2019-02-01 12:30:21','2019-02-01 12:30:21','2019-02-01 12:30:21','\0'),(1620,'564','PITILLO ECOPITILLO','PITILLO ECOPITILLO',8,NULL,13,NULL,NULL,700.00000,560.00000,NULL,NULL,140.00,50.00,'2019-02-01 12:30:21','2019-02-01 12:30:21','2019-02-01 12:30:21','\0'),(1621,'565','PITILLO FORRADO','PITILLO FORRADO',8,NULL,13,NULL,NULL,1500.00000,1200.00000,NULL,NULL,300.00,8.00,'2019-02-01 12:30:21','2019-02-01 12:30:21','2019-02-01 12:30:21','\0'),(1622,'566','PITILLO FRESK','PITILLO FRESK',8,NULL,13,NULL,NULL,700.00000,560.00000,NULL,NULL,140.00,45.00,'2019-02-01 12:30:21','2019-02-01 12:30:21','2019-02-01 12:30:21','\0'),(1623,'567','PITILLO PUNTA PERFORADORA','PITILLO PUNTA PERFORADORA',8,NULL,13,NULL,NULL,1500.00000,1200.00000,NULL,NULL,300.00,95.00,'2019-02-01 12:30:21','2019-02-01 12:30:21','2019-02-01 12:30:21','\0'),(1624,'568','PLATO N15','PLATO N15',8,NULL,19,NULL,NULL,1500.00000,1200.00000,NULL,NULL,300.00,73.00,'2019-02-01 12:30:21','2019-02-01 12:30:21','2019-02-01 12:30:21','\0'),(1625,'569','PLATO N18','PLATO N18',8,NULL,19,NULL,NULL,1800.00000,1440.00000,NULL,NULL,360.00,14.00,'2019-02-01 12:30:21','2019-02-01 12:30:21','2019-02-01 12:30:21','\0'),(1626,'570','PLATO N20','PLATO N20',8,NULL,13,NULL,NULL,2400.00000,1920.00000,NULL,NULL,480.00,47.00,'2019-02-01 12:30:21','2019-02-01 12:30:21','2019-02-01 12:30:21','\0'),(1627,'571','PLATO N23','PLATO N23',8,NULL,19,NULL,NULL,2600.00000,2080.00000,NULL,NULL,520.00,61.00,'2019-02-01 12:30:21','2019-02-01 12:30:21','2019-02-01 12:30:21','\0'),(1628,'572','PLATO N26','PLATO N26',8,NULL,19,NULL,NULL,3200.00000,2560.00000,NULL,NULL,640.00,63.00,'2019-02-01 12:30:21','2019-02-01 12:30:21','2019-02-01 12:30:21','\0'),(1629,'573','PLATO OVALADA N16','PLATO OVALADA N16',8,NULL,13,NULL,NULL,2300.00000,1840.00000,NULL,NULL,460.00,7.00,'2019-02-01 12:30:21','2019-02-01 12:30:21','2019-02-01 12:30:21','\0'),(1630,'574','PLATO OVALADO N19 ','PLATO OVALADO N19 ',8,NULL,13,NULL,NULL,3700.00000,2960.00000,NULL,NULL,740.00,31.00,'2019-02-01 12:30:21','2019-02-01 12:30:21','2019-02-01 12:30:21','\0'),(1631,'575','PLATO SOPERO 25 0NZAS','PLATO SOPERO 25 0NZAS',8,NULL,13,NULL,NULL,3700.00000,2960.00000,NULL,NULL,740.00,9.00,'2019-02-01 12:30:21','2019-02-01 12:30:21','2019-02-01 12:30:21','\0'),(1632,'576','PLAY AROS SOBRE','PLAY AROS SOBRE',9,NULL,16,NULL,NULL,1000.00000,800.00000,NULL,NULL,200.00,6.00,'2019-02-01 12:30:21','2019-02-01 12:30:21','2019-02-01 12:30:21','\0'),(1633,'577','PLAY WALLOW','PLAY WALLOW',9,NULL,19,NULL,NULL,300.00000,240.00000,NULL,NULL,60.00,36.00,'2019-02-01 12:30:21','2019-02-01 12:30:21','2019-02-01 12:30:21','\0'),(1634,'578','POLVO HORNEAR','POLVO HORNEAR',11,NULL,8,NULL,NULL,5600.00000,4480.00000,NULL,NULL,1120.00,17795.00,'2019-02-01 12:30:21','2019-02-01 12:30:21','2019-02-01 12:30:21','\0'),(1635,'579','PONNY MINI PACA','PONNY MINI PACA',5,NULL,12,NULL,NULL,0.00000,0.00000,NULL,NULL,0.00,0.00,'2019-02-01 12:30:21','2019-02-01 12:30:21','2019-02-01 12:30:21','\0'),(1636,'580','PONNY MINI UNIDAD','PONNY MINI UNIDAD',5,NULL,3,NULL,NULL,1000.00000,800.00000,NULL,NULL,200.00,7.00,'2019-02-01 12:30:21','2019-02-01 12:30:21','2019-02-01 12:30:21','\0'),(1637,'581','PORTA PERRO','PORTA PERRO',7,NULL,13,NULL,NULL,70.00000,56.00000,NULL,NULL,14.00,25.00,'2019-02-01 12:30:21','2019-02-01 12:30:21','2019-02-01 12:30:21','\0'),(1638,'582','PRACTIPASTA X 450 GRAMOS','PRACTIPASTA X 450 GRAMOS',11,NULL,19,NULL,NULL,3100.00000,2480.00000,NULL,NULL,620.00,10.00,'2019-02-01 12:30:21','2019-02-01 12:30:21','2019-02-01 12:30:21','\0'),(1639,'583','PRACTIPASTA X 560 GRAMOS','PRACTIPASTA X 560 GRAMOS',11,NULL,19,NULL,NULL,3400.00000,2720.00000,NULL,NULL,680.00,20.00,'2019-02-01 12:30:21','2019-02-01 12:30:21','2019-02-01 12:30:21','\0'),(1640,'584','QUESO CREMA 150 GRAMOS','QUESO CREMA 150 GRAMOS',10,NULL,NULL,NULL,NULL,0.00000,0.00000,NULL,NULL,0.00,4.00,'2019-02-01 12:30:21','2019-02-01 12:30:21','2019-02-01 12:30:21','\0'),(1641,'585','QUESO CREMA X 230','QUESO CREMA X 230',10,NULL,NULL,NULL,NULL,3600.00000,2880.00000,NULL,NULL,720.00,5.00,'2019-02-01 12:30:21','2019-02-01 12:30:21','2019-02-01 12:30:21','\0'),(1642,'586','QUESO CREMA X 400','QUESO CREMA X 400',10,NULL,NULL,NULL,NULL,6000.00000,4800.00000,NULL,NULL,1200.00,10.00,'2019-02-01 12:30:21','2019-02-01 12:30:21','2019-02-01 12:30:21','\0'),(1643,'587','QUESO DURO RECORTE','QUESO DURO RECORTE',7,NULL,9,NULL,NULL,10000.00000,8000.00000,NULL,NULL,2000.00,1.50,'2019-02-01 12:30:21','2019-02-01 12:30:21','2019-02-01 12:30:21','\0'),(1644,'588','QUESO DURO X KILO','QUESO DURO X KILO',7,NULL,9,NULL,NULL,16000.00000,12800.00000,NULL,NULL,3200.00,87.78,'2019-02-01 12:30:21','2019-02-01 12:30:21','2019-02-01 12:30:21','\0'),(1645,'589','QUESO MOZ X 10  LONCHAS','QUESO MOZ X 10  LONCHAS',10,NULL,13,NULL,NULL,3600.00000,2880.00000,NULL,NULL,720.00,23.00,'2019-02-01 12:30:21','2019-02-01 12:30:21','2019-02-01 12:30:21','\0'),(1646,'590','QUESO MOZARRELA X 20 LONCHAS','QUESO MOZARRELA X 20 LONCHAS',10,NULL,13,NULL,NULL,0.00000,0.00000,NULL,NULL,0.00,27.00,'2019-02-01 12:30:21','2019-02-01 12:30:21','2019-02-01 12:30:21','\0'),(1647,'591','QUESO MOZZARELA  ESTANSUELITA BLOQUE','QUESO MOZZARELA  ESTANSUELITA BLOQUE',10,NULL,8,NULL,NULL,33000.00000,26400.00000,NULL,NULL,6600.00,0.00,'2019-02-01 12:30:21','2019-02-01 12:30:21','2019-02-01 12:30:21','\0'),(1648,'592','QUESO MOZZARELA  MANANTIAL BLOQUE ','QUESO MOZZARELA  MANANTIAL BLOQUE ',10,NULL,8,NULL,NULL,32000.00000,25600.00000,NULL,NULL,6400.00,14.00,'2019-02-01 12:30:21','2019-02-01 12:30:21','2019-02-01 12:30:21','\0'),(1649,'593','QUESO MOZZARELA TAJADO','QUESO MOZZARELA TAJADO',10,NULL,13,NULL,NULL,34000.00000,27200.00000,NULL,NULL,6800.00,5.00,'2019-02-01 12:30:21','2019-02-01 12:30:21','2019-02-01 12:30:21','\0'),(1650,'594','QUESO PARMESANO COLANTA GRANDE','QUESO PARMESANO COLANTA GRANDE',10,NULL,8,NULL,NULL,7800.00000,6240.00000,NULL,NULL,1560.00,0.00,'2019-02-01 12:30:21','2019-02-01 12:30:21','2019-02-01 12:30:21','\0'),(1651,'595','QUESO PARMESANO COLANTA PEQUEÑO','QUESO PARMESANO COLANTA PEQUEÑO',10,NULL,8,NULL,NULL,2800.00000,2240.00000,NULL,NULL,560.00,0.00,'2019-02-01 12:30:21','2019-02-01 12:30:21','2019-02-01 12:30:21','\0'),(1652,'596','QUIPITO CAJA','QUIPITO CAJA',9,NULL,4,NULL,NULL,10200.00000,8160.00000,NULL,NULL,2040.00,3.00,'2019-02-01 12:30:21','2019-02-01 12:30:21','2019-02-01 12:30:21','\0'),(1653,'597','QUIPITO UNIDAD','QUIPITO UNIDAD',9,NULL,19,NULL,NULL,500.00000,400.00000,NULL,NULL,100.00,36.00,'2019-02-01 12:30:21','2019-02-01 12:30:21','2019-02-01 12:30:21','\0'),(1654,'598','ROSQUITAS','ROSQUITAS',9,NULL,13,NULL,NULL,2200.00000,1760.00000,NULL,NULL,440.00,0.00,'2019-02-01 12:30:21','2019-02-01 12:30:21','2019-02-01 12:30:21','\0'),(1655,'599','SABORIZANTE 60ML','SABORIZANTE 60ML',13,NULL,3,NULL,NULL,2500.00000,2000.00000,NULL,NULL,500.00,5.00,'2019-02-01 12:30:21','2019-02-01 12:30:21','2019-02-01 12:30:21','\0'),(1656,'600','SAL CRISTAL','SAL CRISTAL',11,NULL,19,NULL,NULL,400.00000,320.00000,NULL,NULL,80.00,71.00,'2019-02-01 12:30:21','2019-02-01 12:30:21','2019-02-01 12:30:21','\0'),(1657,'601','SALAMI','SALAMI',6,NULL,NULL,NULL,NULL,7200.00000,5760.00000,NULL,NULL,1440.00,0.00,'2019-02-01 12:30:21','2019-02-01 12:30:21','2019-02-01 12:30:21','\0'),(1658,'602','SALCHI DELIC X 26','SALCHI DELIC X 26',6,NULL,13,NULL,NULL,7300.00000,5840.00000,NULL,NULL,1460.00,32.00,'2019-02-01 12:30:21','2019-02-01 12:30:21','2019-02-01 12:30:21','\0'),(1659,'603','SALCHICHA CUNIT X 14','SALCHICHA CUNIT X 14',6,NULL,13,NULL,NULL,22500.00000,18000.00000,NULL,NULL,4500.00,5.00,'2019-02-01 12:30:21','2019-02-01 12:30:21','2019-02-01 12:30:21','\0'),(1660,'604','SALCHICHA DELICK X 16','SALCHICHA DELICK X 16',6,NULL,13,NULL,NULL,15500.00000,12400.00000,NULL,NULL,3100.00,0.00,'2019-02-01 12:30:21','2019-02-01 12:30:21','2019-02-01 12:30:21','\0'),(1661,'605','SALCHICHA MINI CAFRISAN X 10','SALCHICHA MINI CAFRISAN X 10',6,NULL,13,NULL,NULL,3200.00000,2560.00000,NULL,NULL,640.00,5.00,'2019-02-01 12:30:21','2019-02-01 12:30:21','2019-02-01 12:30:21','\0'),(1662,'606','SALCHICHA MINI CAFRISAN X 20','SALCHICHA MINI CAFRISAN X 20',6,NULL,13,NULL,NULL,6200.00000,4960.00000,NULL,NULL,1240.00,0.00,'2019-02-01 12:30:21','2019-02-01 12:30:21','2019-02-01 12:30:21','\0'),(1663,'607','SALCHICHA RANCHERA SUPER X 7','SALCHICHA RANCHERA SUPER X 7',7,NULL,13,NULL,NULL,13600.00000,10880.00000,NULL,NULL,2720.00,12.00,'2019-02-01 12:30:21','2019-02-01 12:30:21','2019-02-01 12:30:21','\0'),(1664,'608','SALCHICHA RANCHERA X 16','SALCHICHA RANCHERA X 16',7,NULL,13,NULL,NULL,15000.00000,12000.00000,NULL,NULL,3000.00,0.00,'2019-02-01 12:30:21','2019-02-01 12:30:21','2019-02-01 12:30:21','\0'),(1665,'609','SALCHICHA RANCHERA X 2','SALCHICHA RANCHERA X 2',7,NULL,13,NULL,NULL,2400.00000,1920.00000,NULL,NULL,480.00,12.00,'2019-02-01 12:30:21','2019-02-01 12:30:21','2019-02-01 12:30:21','\0'),(1666,'610','SALCHICHA RANCHERA X 3','SALCHICHA RANCHERA X 3',7,NULL,13,NULL,NULL,2500.00000,2000.00000,NULL,NULL,500.00,4.00,'2019-02-01 12:30:21','2019-02-01 12:30:21','2019-02-01 12:30:21','\0'),(1667,'611','SALCHICHA RANCHERA X 5','SALCHICHA RANCHERA X 5',7,NULL,13,NULL,NULL,3600.00000,2880.00000,NULL,NULL,720.00,0.00,'2019-02-01 12:30:21','2019-02-01 12:30:21','2019-02-01 12:30:21','\0'),(1668,'612','SALCHICHA ROSTER','SALCHICHA ROSTER',6,NULL,13,NULL,NULL,7300.00000,5840.00000,NULL,NULL,1460.00,68.00,'2019-02-01 12:30:21','2019-02-01 12:30:21','2019-02-01 12:30:21','\0'),(1669,'613','SALCHICHA VIERA LATA','SALCHICHA VIERA LATA',7,NULL,10,NULL,NULL,2600.00000,2080.00000,NULL,NULL,520.00,14.00,'2019-02-01 12:30:21','2019-02-01 12:30:21','2019-02-01 12:30:21','\0'),(1670,'614','SALCHICHON CERVECERO CUNIT','SALCHICHON CERVECERO CUNIT',6,NULL,19,NULL,NULL,14000.00000,11200.00000,NULL,NULL,2800.00,2.00,'2019-02-01 12:30:21','2019-02-01 12:30:21','2019-02-01 12:30:21','\0'),(1671,'615','SALCHICHON DON VITO CERVECERO','SALCHICHON DON VITO CERVECERO',6,NULL,19,NULL,NULL,5500.00000,4400.00000,NULL,NULL,1100.00,5.00,'2019-02-01 12:30:21','2019-02-01 12:30:21','2019-02-01 12:30:21','\0'),(1672,'616','SALCHICHON DON VITO CORRIENTE','SALCHICHON DON VITO CORRIENTE',6,NULL,19,NULL,NULL,3500.00000,2800.00000,NULL,NULL,700.00,15.00,'2019-02-01 12:30:21','2019-02-01 12:30:21','2019-02-01 12:30:21','\0'),(1673,'617','SALCHICHON MANA CERVECERO 1300GR','SALCHICHON MANA CERVECERO 1300GR',6,NULL,19,NULL,NULL,6000.00000,4800.00000,NULL,NULL,1200.00,4.00,'2019-02-01 12:30:21','2019-02-01 12:30:21','2019-02-01 12:30:21','\0'),(1674,'618','SALCHICHON MANA CERVECERO 900 GR','SALCHICHON MANA CERVECERO 900 GR',6,NULL,19,NULL,NULL,5500.00000,4400.00000,NULL,NULL,1100.00,3.00,'2019-02-01 12:30:21','2019-02-01 12:30:21','2019-02-01 12:30:21','\0'),(1675,'619','SALCHICHON MANA ECO CORRIENTE','SALCHICHON MANA ECO CORRIENTE',6,NULL,19,NULL,NULL,3300.00000,2640.00000,NULL,NULL,660.00,9.00,'2019-02-01 12:30:21','2019-02-01 12:30:21','2019-02-01 12:30:21','\0'),(1676,'620','SALSA  TOMATE 250 GRAMOS','SALSA  TOMATE 250 GRAMOS',14,NULL,2,NULL,NULL,1500.00000,1200.00000,NULL,NULL,300.00,71.00,'2019-02-01 12:30:21','2019-02-01 12:30:21','2019-02-01 12:30:21','\0'),(1677,'621','SALSA ADOBA CARNE','SALSA ADOBA CARNE',14,NULL,3,NULL,NULL,3000.00000,2400.00000,NULL,NULL,600.00,10.00,'2019-02-01 12:30:21','2019-02-01 12:30:21','2019-02-01 12:30:21','\0'),(1678,'622','SALSA BBQ 1000 CM3 ','SALSA BBQ 1000 CM3 ',14,NULL,3,NULL,NULL,5000.00000,4000.00000,NULL,NULL,1000.00,1.00,'2019-02-01 12:30:21','2019-02-01 12:30:21','2019-02-01 12:30:21','\0'),(1679,'623','SALSA BBQ 180 GRAMOS','SALSA BBQ 180 GRAMOS',14,NULL,3,NULL,NULL,1700.00000,1360.00000,NULL,NULL,340.00,2.00,'2019-02-01 12:30:21','2019-02-01 12:30:21','2019-02-01 12:30:21','\0'),(1680,'624','SALSA BBQ 250 GRAMOS','SALSA BBQ 250 GRAMOS',14,NULL,2,NULL,NULL,1700.00000,1360.00000,NULL,NULL,340.00,19.00,'2019-02-01 12:30:21','2019-02-01 12:30:21','2019-02-01 12:30:21','\0'),(1681,'625','SALSA BBQ 3800 CM3','SALSA BBQ 3800 CM3',14,NULL,3,NULL,NULL,17500.00000,14000.00000,NULL,NULL,3500.00,2.00,'2019-02-01 12:30:21','2019-02-01 12:30:21','2019-02-01 12:30:21','\0'),(1682,'626','SALSA BBQ BOLSON','SALSA BBQ BOLSON',14,NULL,2,NULL,NULL,17000.00000,13600.00000,NULL,NULL,3400.00,0.00,'2019-02-01 12:30:21','2019-02-01 12:30:21','2019-02-01 12:30:21','\0'),(1683,'627','SALSA BBQ KILO','SALSA BBQ KILO',14,NULL,2,NULL,NULL,5000.00000,4000.00000,NULL,NULL,1000.00,11.00,'2019-02-01 12:30:21','2019-02-01 12:30:21','2019-02-01 12:30:21','\0'),(1684,'628','SALSA CARNES 180 GRAMOS','SALSA CARNES 180 GRAMOS',14,NULL,3,NULL,NULL,1500.00000,1200.00000,NULL,NULL,300.00,6.00,'2019-02-01 12:30:21','2019-02-01 12:30:21','2019-02-01 12:30:21','\0'),(1685,'629','SALSA DE AJO','SALSA DE AJO',14,NULL,2,NULL,NULL,0.00000,0.00000,NULL,NULL,0.00,0.00,'2019-02-01 12:30:21','2019-02-01 12:30:21','2019-02-01 12:30:21','\0'),(1686,'630','SALSA INGLESA ','SALSA INGLESA ',14,NULL,3,NULL,NULL,1600.00000,1280.00000,NULL,NULL,320.00,14.00,'2019-02-01 12:30:21','2019-02-01 12:30:21','2019-02-01 12:30:21','\0'),(1687,'631','SALSA INGLESA JUNIOR','SALSA INGLESA JUNIOR',14,NULL,3,NULL,NULL,0.00000,0.00000,NULL,NULL,0.00,6.00,'2019-02-01 12:30:21','2019-02-01 12:30:21','2019-02-01 12:30:21','\0'),(1688,'632','SALSA MAYONESA BOLSON','SALSA MAYONESA BOLSON',14,NULL,2,NULL,NULL,15600.00000,12480.00000,NULL,NULL,3120.00,10.00,'2019-02-01 12:30:21','2019-02-01 12:30:21','2019-02-01 12:30:21','\0'),(1689,'633','SALSA MAYONESA KILO','SALSA MAYONESA KILO',14,NULL,2,NULL,NULL,4800.00000,3840.00000,NULL,NULL,960.00,28.00,'2019-02-01 12:30:21','2019-02-01 12:30:21','2019-02-01 12:30:21','\0'),(1690,'634','SALSA MAYONESA X 250','SALSA MAYONESA X 250',14,NULL,2,NULL,NULL,1700.00000,1360.00000,NULL,NULL,340.00,16.00,'2019-02-01 12:30:21','2019-02-01 12:30:21','2019-02-01 12:30:21','\0'),(1691,'635','SALSA MAYONESA X 500','SALSA MAYONESA X 500',14,NULL,2,NULL,NULL,2700.00000,2160.00000,NULL,NULL,540.00,19.00,'2019-02-01 12:30:21','2019-02-01 12:30:21','2019-02-01 12:30:21','\0'),(1692,'636','SALSA MAYOSENA CHEF','SALSA MAYOSENA CHEF',14,NULL,6,NULL,NULL,31500.00000,25200.00000,NULL,NULL,6300.00,0.00,'2019-02-01 12:30:21','2019-02-01 12:30:21','2019-02-01 12:30:21','\0'),(1693,'637','SALSA MAYOSENA KARI','SALSA MAYOSENA KARI',14,NULL,6,NULL,NULL,34500.00000,27600.00000,NULL,NULL,6900.00,1.00,'2019-02-01 12:30:21','2019-02-01 12:30:21','2019-02-01 12:30:21','\0'),(1694,'638','SALSA MAYOSENA MIXTER','SALSA MAYOSENA MIXTER',14,NULL,6,NULL,NULL,29500.00000,23600.00000,NULL,NULL,5900.00,28.00,'2019-02-01 12:30:21','2019-02-01 12:30:21','2019-02-01 12:30:21','\0'),(1695,'639','SALSA MOSTAZA 250','SALSA MOSTAZA 250',14,NULL,2,NULL,NULL,1600.00000,1280.00000,NULL,NULL,320.00,57.00,'2019-02-01 12:30:21','2019-02-01 12:30:21','2019-02-01 12:30:21','\0'),(1696,'640','SALSA MOSTAZA BOLSON','SALSA MOSTAZA BOLSON',14,NULL,2,NULL,NULL,12000.00000,9600.00000,NULL,NULL,2400.00,0.00,'2019-02-01 12:30:21','2019-02-01 12:30:21','2019-02-01 12:30:21','\0'),(1697,'641','SALSA MOSTAZA KILO','SALSA MOSTAZA KILO',14,NULL,2,NULL,NULL,3200.00000,2560.00000,NULL,NULL,640.00,8.00,'2019-02-01 12:30:21','2019-02-01 12:30:21','2019-02-01 12:30:21','\0'),(1698,'642','SALSA MOSTAZA LIBRA','SALSA MOSTAZA LIBRA',14,NULL,2,NULL,NULL,2000.00000,1600.00000,NULL,NULL,400.00,28.00,'2019-02-01 12:30:21','2019-02-01 12:30:21','2019-02-01 12:30:21','\0'),(1699,'643','SALSA NEGRA 1000 CM3','SALSA NEGRA 1000 CM3',14,NULL,3,NULL,NULL,2500.00000,2000.00000,NULL,NULL,500.00,0.00,'2019-02-01 12:30:21','2019-02-01 12:30:21','2019-02-01 12:30:21','\0'),(1700,'644','SALSA NEGRA 3000 CM3','SALSA NEGRA 3000 CM3',14,NULL,3,NULL,NULL,3800.00000,3040.00000,NULL,NULL,760.00,5.00,'2019-02-01 12:30:21','2019-02-01 12:30:21','2019-02-01 12:30:21','\0'),(1701,'645','SALSA NEGRA 3800 CM3','SALSA NEGRA 3800 CM3',14,NULL,3,NULL,NULL,8000.00000,6400.00000,NULL,NULL,1600.00,4.00,'2019-02-01 12:30:21','2019-02-01 12:30:21','2019-02-01 12:30:21','\0'),(1702,'646','SALSA NEGRA 500 CM3','SALSA NEGRA 500 CM3',14,NULL,3,NULL,NULL,1200.00000,960.00000,NULL,NULL,240.00,0.00,'2019-02-01 12:30:21','2019-02-01 12:30:21','2019-02-01 12:30:21','\0'),(1703,'647','SALSA NEGRA JUNIOR X 170 ML','SALSA NEGRA JUNIOR X 170 ML',14,NULL,3,NULL,NULL,0.00000,0.00000,NULL,NULL,0.00,12.00,'2019-02-01 12:30:21','2019-02-01 12:30:21','2019-02-01 12:30:21','\0'),(1704,'648','SALSA NEGRA LA JUNIORISTA GRANDE','SALSA NEGRA LA JUNIORISTA GRANDE',14,NULL,3,NULL,NULL,0.00000,0.00000,NULL,NULL,0.00,15.00,'2019-02-01 12:30:21','2019-02-01 12:30:21','2019-02-01 12:30:21','\0'),(1705,'649','SALSA NEGRA LA JUNIORISTA PEQUENA','SALSA NEGRA LA JUNIORISTA PEQUENA',14,NULL,3,NULL,NULL,0.00000,0.00000,NULL,NULL,0.00,14.00,'2019-02-01 12:30:21','2019-02-01 12:30:21','2019-02-01 12:30:21','\0'),(1706,'650','SALSA NEGRA X 170 ML','SALSA NEGRA X 170 ML',14,NULL,3,NULL,NULL,0.00000,0.00000,NULL,NULL,0.00,23.00,'2019-02-01 12:30:21','2019-02-01 12:30:21','2019-02-01 12:30:21','\0'),(1707,'651','SALSA ROSADA 250','SALSA ROSADA 250',14,NULL,2,NULL,NULL,1700.00000,1360.00000,NULL,NULL,340.00,12.00,'2019-02-01 12:30:21','2019-02-01 12:30:21','2019-02-01 12:30:21','\0'),(1708,'652','SALSA ROSADA BOLSON','SALSA ROSADA BOLSON',14,NULL,2,NULL,NULL,17000.00000,13600.00000,NULL,NULL,3400.00,1.00,'2019-02-01 12:30:21','2019-02-01 12:30:21','2019-02-01 12:30:21','\0'),(1709,'653','SALSA ROSADA KILO','SALSA ROSADA KILO',14,NULL,2,NULL,NULL,5000.00000,4000.00000,NULL,NULL,1000.00,17.00,'2019-02-01 12:30:21','2019-02-01 12:30:21','2019-02-01 12:30:21','\0'),(1710,'654','SALSA ROSADA LIBRA','SALSA ROSADA LIBRA',14,NULL,2,NULL,NULL,2700.00000,2160.00000,NULL,NULL,540.00,12.00,'2019-02-01 12:30:21','2019-02-01 12:30:21','2019-02-01 12:30:21','\0'),(1711,'655','SALSA SOYA 1000 CM3','SALSA SOYA 1000 CM3',14,NULL,3,NULL,NULL,0.00000,0.00000,NULL,NULL,0.00,1.00,'2019-02-01 12:30:21','2019-02-01 12:30:21','2019-02-01 12:30:21','\0'),(1712,'656','SALSA SOYA 180 GRAMOS','SALSA SOYA 180 GRAMOS',14,NULL,3,NULL,NULL,1600.00000,1280.00000,NULL,NULL,320.00,5.00,'2019-02-01 12:30:21','2019-02-01 12:30:21','2019-02-01 12:30:21','\0'),(1713,'657','SALSA SOYA 3000 CM3','SALSA SOYA 3000 CM3',14,NULL,3,NULL,NULL,4300.00000,3440.00000,NULL,NULL,860.00,0.00,'2019-02-01 12:30:21','2019-02-01 12:30:21','2019-02-01 12:30:21','\0'),(1714,'658','SALSA SOYA 3800 CM3','SALSA SOYA 3800 CM3',14,NULL,3,NULL,NULL,12000.00000,9600.00000,NULL,NULL,2400.00,3.00,'2019-02-01 12:30:21','2019-02-01 12:30:21','2019-02-01 12:30:21','\0'),(1715,'659','SALSA SOYA JUNIOR 180 GRAMOS','SALSA SOYA JUNIOR 180 GRAMOS',14,NULL,3,NULL,NULL,0.00000,0.00000,NULL,NULL,0.00,5.00,'2019-02-01 12:30:21','2019-02-01 12:30:21','2019-02-01 12:30:21','\0'),(1716,'660','SALSA TARTARA 250','SALSA TARTARA 250',14,NULL,2,NULL,NULL,1800.00000,1440.00000,NULL,NULL,360.00,0.00,'2019-02-01 12:30:21','2019-02-01 12:30:21','2019-02-01 12:30:21','\0'),(1717,'661','SALSA TARTARA BOLSON','SALSA TARTARA BOLSON',14,NULL,2,NULL,NULL,17000.00000,13600.00000,NULL,NULL,3400.00,2.00,'2019-02-01 12:30:21','2019-02-01 12:30:21','2019-02-01 12:30:21','\0'),(1718,'662','SALSA TARTARA KILO','SALSA TARTARA KILO',14,NULL,2,NULL,NULL,5000.00000,4000.00000,NULL,NULL,1000.00,7.00,'2019-02-01 12:30:21','2019-02-01 12:30:21','2019-02-01 12:30:21','\0'),(1719,'663','SALSA TARTARA LIBRA','SALSA TARTARA LIBRA',14,NULL,2,NULL,NULL,2800.00000,2240.00000,NULL,NULL,560.00,16.00,'2019-02-01 12:30:21','2019-02-01 12:30:21','2019-02-01 12:30:21','\0'),(1720,'664','SALSA TOM SABRO GALON','SALSA TOM SABRO GALON',14,NULL,6,NULL,NULL,17000.00000,13600.00000,NULL,NULL,3400.00,0.00,'2019-02-01 12:30:21','2019-02-01 12:30:21','2019-02-01 12:30:21','\0'),(1721,'665','SALSA TOMATE BOLSON','SALSA TOMATE BOLSON',14,NULL,2,NULL,NULL,12400.00000,9920.00000,NULL,NULL,2480.00,4.00,'2019-02-01 12:30:21','2019-02-01 12:30:21','2019-02-01 12:30:21','\0'),(1722,'666','SALSA TOMATE KILO','SALSA TOMATE KILO',14,NULL,2,NULL,NULL,3800.00000,3040.00000,NULL,NULL,760.00,4.00,'2019-02-01 12:30:21','2019-02-01 12:30:21','2019-02-01 12:30:21','\0'),(1723,'667','SALSA TOMATE LIBRA','SALSA TOMATE LIBRA',14,NULL,2,NULL,NULL,2000.00000,1600.00000,NULL,NULL,400.00,27.00,'2019-02-01 12:30:21','2019-02-01 12:30:21','2019-02-01 12:30:21','\0'),(1724,'668','SALTIN 4 TACOS','SALTIN 4 TACOS',9,NULL,13,NULL,NULL,3800.00000,3040.00000,NULL,NULL,760.00,276.00,'2019-02-01 12:30:21','2019-02-01 12:30:21','2019-02-01 12:30:21','\0'),(1725,'669','SALTIN QUESO Y MANTEQUILLA','SALTIN QUESO Y MANTEQUILLA',9,NULL,13,NULL,NULL,300.00000,240.00000,NULL,NULL,60.00,19.00,'2019-02-01 12:30:21','2019-02-01 12:30:21','2019-02-01 12:30:21','\0'),(1726,'670','SALTIN TACO','SALTIN TACO',9,NULL,13,NULL,NULL,1000.00000,800.00000,NULL,NULL,200.00,0.00,'2019-02-01 12:30:21','2019-02-01 12:30:21','2019-02-01 12:30:21','\0'),(1727,'671','SALTIN TRADICIONAL','SALTIN TRADICIONAL',9,NULL,13,NULL,NULL,4600.00000,3680.00000,NULL,NULL,920.00,3.00,'2019-02-01 12:30:21','2019-02-01 12:30:21','2019-02-01 12:30:21','\0'),(1728,'672','SERPENTINAS','SERPENTINAS',12,NULL,19,NULL,NULL,0.00000,0.00000,NULL,NULL,0.00,0.00,'2019-02-01 12:30:21','2019-02-01 12:30:21','2019-02-01 12:30:21','\0'),(1729,'673','SERVILLETA MIA 200','SERVILLETA MIA 200',8,NULL,19,NULL,NULL,1400.00000,1120.00000,NULL,NULL,280.00,45.00,'2019-02-01 12:30:21','2019-02-01 12:30:21','2019-02-01 12:30:21','\0'),(1730,'674','SERVILLETA NUBE 320','SERVILLETA NUBE 320',8,NULL,19,NULL,NULL,2400.00000,1920.00000,NULL,NULL,480.00,24.00,'2019-02-01 12:30:21','2019-02-01 12:30:21','2019-02-01 12:30:21','\0'),(1731,'675','SERVILLETA POPULAR 150','SERVILLETA POPULAR 150',8,NULL,19,NULL,NULL,1400.00000,1120.00000,NULL,NULL,280.00,0.00,'2019-02-01 12:30:21','2019-02-01 12:30:21','2019-02-01 12:30:21','\0'),(1732,'676','SERVILLETA SNUGGY','SERVILLETA SNUGGY',8,NULL,19,NULL,NULL,1400.00000,1120.00000,NULL,NULL,280.00,5.00,'2019-02-01 12:30:21','2019-02-01 12:30:21','2019-02-01 12:30:21','\0'),(1733,'677','SNACK MIX PAQUETE','SNACK MIX PAQUETE',9,NULL,13,NULL,NULL,18600.00000,14880.00000,NULL,NULL,3720.00,0.00,'2019-02-01 12:30:21','2019-02-01 12:30:21','2019-02-01 12:30:21','\0'),(1734,'678','SNACK MIX UNIDAD','SNACK MIX UNIDAD',9,NULL,19,NULL,NULL,1700.00000,1360.00000,NULL,NULL,340.00,0.00,'2019-02-01 12:30:21','2019-02-01 12:30:21','2019-02-01 12:30:21','\0'),(1735,'679','SNACKY CARAMELO','SNACKY CARAMELO',9,NULL,19,NULL,NULL,800.00000,640.00000,NULL,NULL,160.00,6.00,'2019-02-01 12:30:21','2019-02-01 12:30:21','2019-02-01 12:30:21','\0'),(1736,'680','SOBRE SUPER ACIDO X UND','SOBRE SUPER ACIDO X UND',9,NULL,19,NULL,NULL,100.00000,80.00000,NULL,NULL,20.00,98.00,'2019-02-01 12:30:21','2019-02-01 12:30:21','2019-02-01 12:30:21','\0'),(1737,'681','SOFLE POSTRE','SOFLE POSTRE',8,NULL,19,NULL,NULL,150.00000,120.00000,NULL,NULL,30.00,115.00,'2019-02-01 12:30:21','2019-02-01 12:30:21','2019-02-01 12:30:21','\0'),(1738,'682','SPARKIES PAQUETE','SPARKIES PAQUETE',9,NULL,13,NULL,NULL,0.00000,0.00000,NULL,NULL,0.00,0.00,'2019-02-01 12:30:21','2019-02-01 12:30:21','2019-02-01 12:30:21','\0'),(1739,'683','SPARKIES UNIDAD','SPARKIES UNIDAD',9,NULL,19,NULL,NULL,100.00000,80.00000,NULL,NULL,20.00,0.00,'2019-02-01 12:30:21','2019-02-01 12:30:21','2019-02-01 12:30:21','\0'),(1740,'684','SPARKY PAQUETE','SPARKY PAQUETE',9,NULL,13,NULL,NULL,6500.00000,5200.00000,NULL,NULL,1300.00,18.00,'2019-02-01 12:30:21','2019-02-01 12:30:21','2019-02-01 12:30:21','\0'),(1741,'685','SPARKY UND','SPARKY UND',9,NULL,19,NULL,NULL,100.00000,80.00000,NULL,NULL,20.00,81.00,'2019-02-01 12:30:21','2019-02-01 12:30:21','2019-02-01 12:30:21','\0'),(1742,'686','SPEED MAXX','SPEED MAXX',5,NULL,3,NULL,NULL,1000.00000,800.00000,NULL,NULL,200.00,17.00,'2019-02-01 12:30:21','2019-02-01 12:30:21','2019-02-01 12:30:21','\0'),(1743,'687','STICK DECORABLES','STICK DECORABLES',12,NULL,19,NULL,NULL,0.00000,0.00000,NULL,NULL,0.00,11.00,'2019-02-01 12:30:21','2019-02-01 12:30:21','2019-02-01 12:30:21','\0'),(1744,'688','SUERO KLAREN 200 GRAMOS','SUERO KLAREN 200 GRAMOS',10,NULL,2,NULL,NULL,3300.00000,2640.00000,NULL,NULL,660.00,4.00,'2019-02-01 12:30:21','2019-02-01 12:30:21','2019-02-01 12:30:21','\0'),(1745,'689','SUERO KLAREN PICANTEV 200 GRAMOS','SUERO KLAREN PICANTEV 200 GRAMOS',10,NULL,2,NULL,NULL,3500.00000,2800.00000,NULL,NULL,700.00,5.00,'2019-02-01 12:30:21','2019-02-01 12:30:21','2019-02-01 12:30:21','\0'),(1746,'690','SUIZA CUNIT UND','SUIZA CUNIT UND',6,NULL,19,NULL,NULL,3200.00000,2560.00000,NULL,NULL,640.00,0.00,'2019-02-01 12:30:21','2019-02-01 12:30:21','2019-02-01 12:30:21','\0'),(1747,'691','SUIZA CUNIT X 8','SUIZA CUNIT X 8',6,NULL,13,NULL,NULL,23000.00000,18400.00000,NULL,NULL,4600.00,11.00,'2019-02-01 12:30:21','2019-02-01 12:30:21','2019-02-01 12:30:21','\0'),(1748,'692','SUIZA DAN UNIDAD','SUIZA DAN UNIDAD',6,NULL,19,NULL,NULL,2800.00000,2240.00000,NULL,NULL,560.00,0.00,'2019-02-01 12:30:21','2019-02-01 12:30:21','2019-02-01 12:30:21','\0'),(1749,'693','SUIZA DAN X 8','SUIZA DAN X 8',6,NULL,13,NULL,NULL,20000.00000,16000.00000,NULL,NULL,4000.00,9.00,'2019-02-01 12:30:21','2019-02-01 12:30:21','2019-02-01 12:30:21','\0'),(1750,'694','SUIZA PARISIEN UNIDAD','SUIZA PARISIEN UNIDAD',6,NULL,13,NULL,NULL,3000.00000,2400.00000,NULL,NULL,600.00,7.00,'2019-02-01 12:30:21','2019-02-01 12:30:21','2019-02-01 12:30:21','\0'),(1751,'695','SUIZA PROPIA UNIDAD','SUIZA PROPIA UNIDAD',6,NULL,13,NULL,NULL,2600.00000,2080.00000,NULL,NULL,520.00,2.00,'2019-02-01 12:30:21','2019-02-01 12:30:21','2019-02-01 12:30:21','\0'),(1752,'696','SUIZA PROPIA X 8','SUIZA PROPIA X 8',6,NULL,13,NULL,NULL,18500.00000,14800.00000,NULL,NULL,3700.00,7.00,'2019-02-01 12:30:21','2019-02-01 12:30:21','2019-02-01 12:30:21','\0'),(1753,'697','SUIZA X 4 PARISSIEN','SUIZA X 4 PARISSIEN',6,NULL,13,NULL,NULL,12000.00000,9600.00000,NULL,NULL,2400.00,19.00,'2019-02-01 12:30:21','2019-02-01 12:30:21','2019-02-01 12:30:21','\0'),(1754,'698','SUNTEA CAJA','SUNTEA CAJA',9,NULL,5,NULL,NULL,6400.00000,5120.00000,NULL,NULL,1280.00,2.00,'2019-02-01 12:30:21','2019-02-01 12:30:21','2019-02-01 12:30:21','\0'),(1755,'699','SUNTEA UNIDAD','SUNTEA UNIDAD',9,NULL,19,NULL,NULL,900.00000,720.00000,NULL,NULL,180.00,5.00,'2019-02-01 12:30:21','2019-02-01 12:30:21','2019-02-01 12:30:21','\0'),(1756,'700','SUPER HIPER ACIDO ','SUPER HIPER ACIDO ',9,NULL,19,NULL,NULL,100.00000,80.00000,NULL,NULL,20.00,78.00,'2019-02-01 12:30:21','2019-02-01 12:30:21','2019-02-01 12:30:21','\0'),(1757,'701','SUPERCOCO PAQUETE','SUPERCOCO PAQUETE',9,NULL,13,NULL,NULL,0.00000,0.00000,NULL,NULL,0.00,0.00,'2019-02-01 12:30:21','2019-02-01 12:30:21','2019-02-01 12:30:21','\0'),(1758,'702','SUPERCOCO UNIDAD','SUPERCOCO UNIDAD',9,NULL,19,NULL,NULL,100.00000,80.00000,NULL,NULL,20.00,0.00,'2019-02-01 12:30:21','2019-02-01 12:30:21','2019-02-01 12:30:21','\0'),(1759,'703','TANG CAJA','TANG CAJA',9,NULL,5,NULL,NULL,7200.00000,5760.00000,NULL,NULL,1440.00,2.00,'2019-02-01 12:30:21','2019-02-01 12:30:21','2019-02-01 12:30:21','\0'),(1760,'704','TANG SOBRE','TANG SOBRE',9,NULL,16,NULL,NULL,700.00000,560.00000,NULL,NULL,140.00,16.00,'2019-02-01 12:30:21','2019-02-01 12:30:21','2019-02-01 12:30:21','\0'),(1761,'705','TAPA PLANA','TAPA PLANA',8,NULL,19,NULL,NULL,290.00000,232.00000,NULL,NULL,58.00,237.00,'2019-02-01 12:30:21','2019-02-01 12:30:21','2019-02-01 12:30:21','\0'),(1762,'706','TENEDOR CHEF CHOY','TENEDOR CHEF CHOY',8,NULL,13,NULL,NULL,2900.00000,2320.00000,NULL,NULL,580.00,8.00,'2019-02-01 12:30:21','2019-02-01 12:30:21','2019-02-01 12:30:21','\0'),(1763,'707','TENEDOR TAMI','TENEDOR TAMI',8,NULL,13,NULL,NULL,3800.00000,3040.00000,NULL,NULL,760.00,3.00,'2019-02-01 12:30:21','2019-02-01 12:30:21','2019-02-01 12:30:21','\0'),(1764,'708','TENEDOR TIDY','TENEDOR TIDY',8,NULL,13,NULL,NULL,2900.00000,2320.00000,NULL,NULL,580.00,17.00,'2019-02-01 12:30:21','2019-02-01 12:30:21','2019-02-01 12:30:21','\0'),(1765,'709','TENEDOR X 20 UNIDADES','TENEDOR X 20 UNIDADES',8,NULL,13,NULL,NULL,1000.00000,800.00000,NULL,NULL,200.00,4.00,'2019-02-01 12:30:21','2019-02-01 12:30:21','2019-02-01 12:30:21','\0'),(1766,'710','TENEDORES DE COLORES','TENEDORES DE COLORES',12,NULL,13,NULL,NULL,0.00000,0.00000,NULL,NULL,0.00,11.00,'2019-02-01 12:30:21','2019-02-01 12:30:21','2019-02-01 12:30:21','\0'),(1767,'711','TICOS MECATO GRANDE','TICOS MECATO GRANDE',9,NULL,13,NULL,NULL,1000.00000,800.00000,NULL,NULL,200.00,0.00,'2019-02-01 12:30:21','2019-02-01 12:30:21','2019-02-01 12:30:21','\0'),(1768,'712','TICOS MECATO PEQUEÑO','TICOS MECATO PEQUEÑO',9,NULL,13,NULL,NULL,500.00000,400.00000,NULL,NULL,100.00,10.00,'2019-02-01 12:30:21','2019-02-01 12:30:21','2019-02-01 12:30:21','\0'),(1769,'713','TICOS UNIDAD','TICOS UNIDAD',9,NULL,19,NULL,NULL,200.00000,160.00000,NULL,NULL,40.00,14.00,'2019-02-01 12:30:21','2019-02-01 12:30:21','2019-02-01 12:30:21','\0'),(1770,'714','TICOS X 12','TICOS X 12',9,NULL,13,NULL,NULL,2000.00000,1600.00000,NULL,NULL,400.00,17.00,'2019-02-01 12:30:21','2019-02-01 12:30:21','2019-02-01 12:30:21','\0'),(1771,'715','TOCINETA 250','TOCINETA 250',6,NULL,13,NULL,NULL,0.00000,0.00000,NULL,NULL,0.00,0.00,'2019-02-01 12:30:21','2019-02-01 12:30:21','2019-02-01 12:30:21','\0'),(1772,'716','TOCINETA 500','TOCINETA 500',6,NULL,13,NULL,NULL,10500.00000,8400.00000,NULL,NULL,2100.00,33.00,'2019-02-01 12:30:21','2019-02-01 12:30:21','2019-02-01 12:30:21','\0'),(1773,'717','TOCINETA PAQUETE','TOCINETA PAQUETE',9,NULL,13,NULL,NULL,2800.00000,2240.00000,NULL,NULL,560.00,16.00,'2019-02-01 12:30:21','2019-02-01 12:30:21','2019-02-01 12:30:21','\0'),(1774,'718','TOMILLO','TOMILLO',11,NULL,8,NULL,NULL,0.00000,0.00000,NULL,NULL,0.00,390.00,'2019-02-01 12:30:21','2019-02-01 12:30:21','2019-02-01 12:30:21','\0'),(1775,'719','TORTA CORONA','TORTA CORONA',13,NULL,19,NULL,NULL,7500.00000,6000.00000,NULL,NULL,1500.00,9.00,'2019-02-01 12:30:21','2019-02-01 12:30:21','2019-02-01 12:30:21','\0'),(1776,'720','TORTA CORONA BROWNIES','TORTA CORONA BROWNIES',13,NULL,19,NULL,NULL,7500.00000,6000.00000,NULL,NULL,1500.00,1.00,'2019-02-01 12:30:21','2019-02-01 12:30:21','2019-02-01 12:30:21','\0'),(1777,'721','TOSTI NACHO ','TOSTI NACHO ',9,NULL,19,NULL,NULL,700.00000,560.00000,NULL,NULL,140.00,8.00,'2019-02-01 12:30:21','2019-02-01 12:30:21','2019-02-01 12:30:21','\0'),(1778,'722','TOSTIEMPANADAS PAQUETE','TOSTIEMPANADAS PAQUETE',9,NULL,13,NULL,NULL,6000.00000,4800.00000,NULL,NULL,1200.00,1.00,'2019-02-01 12:30:21','2019-02-01 12:30:21','2019-02-01 12:30:21','\0'),(1779,'723','TOSTIEMPANADAS UNIDAD','TOSTIEMPANADAS UNIDAD',9,NULL,19,NULL,NULL,600.00000,480.00000,NULL,NULL,120.00,10.00,'2019-02-01 12:30:21','2019-02-01 12:30:21','2019-02-01 12:30:21','\0'),(1780,'724','TRIANGULITO','TRIANGULITO',9,NULL,19,NULL,NULL,300.00000,240.00000,NULL,NULL,60.00,62.00,'2019-02-01 12:30:21','2019-02-01 12:30:21','2019-02-01 12:30:21','\0'),(1781,'725','TRIANGULITO POSTRE','TRIANGULITO POSTRE',8,NULL,19,NULL,NULL,250.00000,200.00000,NULL,NULL,50.00,0.00,'2019-02-01 12:30:21','2019-02-01 12:30:21','2019-02-01 12:30:21','\0'),(1782,'726','TRIDENT PAQUETE','TRIDENT PAQUETE',9,NULL,13,NULL,NULL,6800.00000,5440.00000,NULL,NULL,1360.00,27.00,'2019-02-01 12:30:21','2019-02-01 12:30:21','2019-02-01 12:30:21','\0'),(1783,'727','TRIDENT UNIDAD','TRIDENT UNIDAD',9,NULL,19,NULL,NULL,100.00000,80.00000,NULL,NULL,20.00,19.00,'2019-02-01 12:30:21','2019-02-01 12:30:21','2019-02-01 12:30:21','\0'),(1784,'728','TRULULU AROS X 100','TRULULU AROS X 100',9,NULL,13,NULL,NULL,9200.00000,7360.00000,NULL,NULL,1840.00,1.00,'2019-02-01 12:30:21','2019-02-01 12:30:21','2019-02-01 12:30:21','\0'),(1785,'729','TRULULU AROS X 50','TRULULU AROS X 50',9,NULL,13,NULL,NULL,4200.00000,3360.00000,NULL,NULL,840.00,0.00,'2019-02-01 12:30:21','2019-02-01 12:30:21','2019-02-01 12:30:21','\0'),(1786,'730','TRULULU GUSANITOS','TRULULU GUSANITOS',9,NULL,13,NULL,NULL,4200.00000,3360.00000,NULL,NULL,840.00,78.00,'2019-02-01 12:30:21','2019-02-01 12:30:21','2019-02-01 12:30:21','\0'),(1787,'731','TRULULU X 50','TRULULU X 50',9,NULL,13,NULL,NULL,4200.00000,3360.00000,NULL,NULL,840.00,0.00,'2019-02-01 12:30:21','2019-02-01 12:30:21','2019-02-01 12:30:21','\0'),(1788,'732','TUMIX CAJA','TUMIX CAJA',9,NULL,4,NULL,NULL,6800.00000,5440.00000,NULL,NULL,1360.00,24.00,'2019-02-01 12:30:21','2019-02-01 12:30:21','2019-02-01 12:30:21','\0'),(1789,'733','TUMIX UNIDAD','TUMIX UNIDAD',9,NULL,19,NULL,NULL,100.00000,80.00000,NULL,NULL,20.00,131.00,'2019-02-01 12:30:21','2019-02-01 12:30:21','2019-02-01 12:30:21','\0'),(1790,'734','UVAS PASAS','UVAS PASAS',11,NULL,8,NULL,NULL,9600.00000,7680.00000,NULL,NULL,1920.00,6600.00,'2019-02-01 12:30:21','2019-02-01 12:30:21','2019-02-01 12:30:21','\0'),(1791,'735','VASITO SALSERO','VASITO SALSERO',8,NULL,13,NULL,NULL,5000.00000,4000.00000,NULL,NULL,1000.00,14.00,'2019-02-01 12:30:21','2019-02-01 12:30:21','2019-02-01 12:30:21','\0'),(1792,'736','VASO 12 ONZAS','VASO 12 ONZAS',8,NULL,13,NULL,NULL,1400.00000,1120.00000,NULL,NULL,280.00,102.00,'2019-02-01 12:30:21','2019-02-01 12:30:21','2019-02-01 12:30:21','\0'),(1793,'737','VASO 16 ONZAS X 50','VASO 16 ONZAS X 50',8,NULL,13,NULL,NULL,3600.00000,2880.00000,NULL,NULL,720.00,96.00,'2019-02-01 12:30:21','2019-02-01 12:30:21','2019-02-01 12:30:21','\0'),(1794,'738','VASO 25 ONZAS','VASO 25 ONZAS',8,NULL,13,NULL,NULL,900.00000,720.00000,NULL,NULL,180.00,186.00,'2019-02-01 12:30:21','2019-02-01 12:30:21','2019-02-01 12:30:21','\0'),(1795,'739','VASO 35 ONZAS','VASO 35 ONZAS',8,NULL,13,NULL,NULL,1500.00000,1200.00000,NULL,NULL,300.00,0.00,'2019-02-01 12:30:21','2019-02-01 12:30:21','2019-02-01 12:30:21','\0'),(1796,'740','VASO 55 ONZAS','VASO 55 ONZAS',8,NULL,13,NULL,NULL,1500.00000,1200.00000,NULL,NULL,300.00,25.00,'2019-02-01 12:30:21','2019-02-01 12:30:21','2019-02-01 12:30:21','\0'),(1797,'741','VASO 7 ONZAS X 25','VASO 7 ONZAS X 25',8,NULL,13,NULL,NULL,800.00000,640.00000,NULL,NULL,160.00,35.00,'2019-02-01 12:30:21','2019-02-01 12:30:21','2019-02-01 12:30:21','\0'),(1798,'742','VASO 7 X 50 ','VASO 7 X 50 ',8,NULL,13,NULL,NULL,1500.00000,1200.00000,NULL,NULL,300.00,167.00,'2019-02-01 12:30:21','2019-02-01 12:30:21','2019-02-01 12:30:21','\0'),(1799,'743','VASO 7 X 50 ','VASO 7 X 50 ',8,NULL,13,NULL,NULL,1500.00000,1200.00000,NULL,NULL,300.00,1.00,'2019-02-01 12:30:21','2019-02-01 12:30:21','2019-02-01 12:30:21','\0'),(1800,'744','VASO DE 10 ONZAS','VASO DE 10 ONZAS',8,NULL,13,NULL,NULL,1300.00000,1040.00000,NULL,NULL,260.00,40.00,'2019-02-01 12:30:21','2019-02-01 12:30:21','2019-02-01 12:30:21','\0'),(1801,'745','VASO ICOPOR 4 ONZAS','VASO ICOPOR 4 ONZAS',8,NULL,13,NULL,NULL,0.00000,0.00000,NULL,NULL,0.00,84.00,'2019-02-01 12:30:21','2019-02-01 12:30:21','2019-02-01 12:30:21','\0'),(1802,'746','VASO ICOPOR 6 ONZAS','VASO ICOPOR 6 ONZAS',8,NULL,13,NULL,NULL,0.00000,0.00000,NULL,NULL,0.00,79.00,'2019-02-01 12:30:21','2019-02-01 12:30:21','2019-02-01 12:30:21','\0'),(1803,'747','VASO PLASTICO 14 ONZAS','VASO PLASTICO 14 ONZAS',8,NULL,13,NULL,NULL,1700.00000,1360.00000,NULL,NULL,340.00,31.00,'2019-02-01 12:30:21','2019-02-01 12:30:21','2019-02-01 12:30:21','\0'),(1804,'748','VASO PLASTICO 9 ONZAS','VASO PLASTICO 9 ONZAS',8,NULL,13,NULL,NULL,1200.00000,960.00000,NULL,NULL,240.00,44.00,'2019-02-01 12:30:21','2019-02-01 12:30:21','2019-02-01 12:30:21','\0'),(1805,'749','VASO RONERO','VASO RONERO',8,NULL,13,NULL,NULL,800.00000,640.00000,NULL,NULL,160.00,66.00,'2019-02-01 12:30:21','2019-02-01 12:30:21','2019-02-01 12:30:21','\0'),(1806,'750','VASO SOPERO  16 ONZAS','VASO SOPERO  16 ONZAS',8,NULL,13,NULL,NULL,3600.00000,2880.00000,NULL,NULL,720.00,40.00,'2019-02-01 12:30:21','2019-02-01 12:30:21','2019-02-01 12:30:21','\0'),(1807,'751','VASO SOPERO 12 ONZAS','VASO SOPERO 12 ONZAS',8,NULL,13,NULL,NULL,3000.00000,2400.00000,NULL,NULL,600.00,68.00,'2019-02-01 12:30:21','2019-02-01 12:30:21','2019-02-01 12:30:21','\0'),(1808,'752','VASO SOPERO 14 ONZAS','VASO SOPERO 14 ONZAS',8,NULL,13,NULL,NULL,3400.00000,2720.00000,NULL,NULL,680.00,11.00,'2019-02-01 12:30:21','2019-02-01 12:30:21','2019-02-01 12:30:21','\0'),(1809,'753','VASO TRANSPARENTE 33 ONZAS','VASO TRANSPARENTE 33 ONZAS',8,NULL,13,NULL,NULL,1300.00000,1040.00000,NULL,NULL,260.00,47.00,'2019-02-01 12:30:21','2019-02-01 12:30:21','2019-02-01 12:30:21','\0'),(1810,'754','VASO TUC 7X50','VASO TUC 7X50',8,NULL,13,NULL,NULL,1600.00000,1280.00000,NULL,NULL,320.00,21.00,'2019-02-01 12:30:21','2019-02-01 12:30:21','2019-02-01 12:30:21','\0'),(1811,'755','VELA PALITO CUMPLEANOS','VELA PALITO CUMPLEANOS',12,NULL,13,NULL,NULL,0.00000,0.00000,NULL,NULL,0.00,3.00,'2019-02-01 12:30:21','2019-02-01 12:30:21','2019-02-01 12:30:21','\0'),(1812,'756','VELAS DE NUMERICAS','VELAS DE NUMERICAS',12,NULL,19,NULL,NULL,900.00000,720.00000,NULL,NULL,180.00,58.00,'2019-02-01 12:30:21','2019-02-01 12:30:21','2019-02-01 12:30:21','\0'),(1813,'757','VELAS VOLCANICAS','VELAS VOLCANICAS',12,NULL,19,NULL,NULL,1500.00000,1200.00000,NULL,NULL,300.00,23.00,'2019-02-01 12:30:21','2019-02-01 12:30:21','2019-02-01 12:30:21','\0'),(1814,'758','VINAGRE BALSAMICO','VINAGRE BALSAMICO',7,NULL,3,NULL,NULL,0.00000,0.00000,NULL,NULL,0.00,2.00,'2019-02-01 12:30:21','2019-02-01 12:30:21','2019-02-01 12:30:21','\0'),(1815,'759','VINAGRE BLANCO 1700 CM3','VINAGRE BLANCO 1700 CM3',14,NULL,3,NULL,NULL,2500.00000,2000.00000,NULL,NULL,500.00,0.00,'2019-02-01 12:30:21','2019-02-01 12:30:21','2019-02-01 12:30:21','\0'),(1816,'760','VINAGRE BLANCO 3000CM3','VINAGRE BLANCO 3000CM3',14,NULL,3,NULL,NULL,3500.00000,2800.00000,NULL,NULL,700.00,7.00,'2019-02-01 12:30:21','2019-02-01 12:30:21','2019-02-01 12:30:21','\0'),(1817,'761','VINAGRE BLANCO 3800 CM3','VINAGRE BLANCO 3800 CM3',14,NULL,3,NULL,NULL,4500.00000,3600.00000,NULL,NULL,900.00,0.00,'2019-02-01 12:30:21','2019-02-01 12:30:21','2019-02-01 12:30:21','\0'),(1818,'762','VINAGRE BLANCO X 500 CM3','VINAGRE BLANCO X 500 CM3',14,NULL,3,NULL,NULL,1000.00000,800.00000,NULL,NULL,200.00,21.00,'2019-02-01 12:30:21','2019-02-01 12:30:21','2019-02-01 12:30:21','\0'),(1819,'763','VINAGRE BLANCO YA GRANDE','VINAGRE BLANCO YA GRANDE',14,NULL,3,NULL,NULL,0.00000,0.00000,NULL,NULL,0.00,15.00,'2019-02-01 12:30:21','2019-02-01 12:30:21','2019-02-01 12:30:21','\0'),(1820,'764','VINAGRE BLANCO YA PEQUENA','VINAGRE BLANCO YA PEQUENA',14,NULL,3,NULL,NULL,0.00000,0.00000,NULL,NULL,0.00,25.00,'2019-02-01 12:30:21','2019-02-01 12:30:21','2019-02-01 12:30:21','\0'),(1821,'765','VINAGRE DE FRUTAS EL MANA','VINAGRE DE FRUTAS EL MANA',14,NULL,3,NULL,NULL,1300.00000,1040.00000,NULL,NULL,260.00,4.00,'2019-02-01 12:30:21','2019-02-01 12:30:21','2019-02-01 12:30:21','\0'),(1822,'766','VINAGRE DE FRUTAS JUNIOR','VINAGRE DE FRUTAS JUNIOR',14,NULL,3,NULL,NULL,0.00000,0.00000,NULL,NULL,0.00,13.00,'2019-02-01 12:30:21','2019-02-01 12:30:21','2019-02-01 12:30:21','\0'),(1823,'767','VITINA','VITINA',11,NULL,8,NULL,NULL,6400.00000,5120.00000,NULL,NULL,1280.00,3725.00,'2019-02-01 12:30:21','2019-02-01 12:30:21','2019-02-01 12:30:21','\0'),(1824,'768','VITINA 20 X 500','VITINA 20 X 500',7,NULL,19,NULL,NULL,3200.00000,2560.00000,NULL,NULL,640.00,19.00,'2019-02-01 12:30:21','2019-02-01 12:30:21','2019-02-01 12:30:21','\0'),(1825,'769','WAFER ITALO','WAFER ITALO',9,NULL,19,NULL,NULL,0.00000,0.00000,NULL,NULL,0.00,0.00,'2019-02-01 12:30:21','2019-02-01 12:30:21','2019-02-01 12:30:21','\0'),(1826,'770','WAFER NOEL X 18','WAFER NOEL X 18',9,NULL,13,NULL,NULL,5700.00000,4560.00000,NULL,NULL,1140.00,8.00,'2019-02-01 12:30:21','2019-02-01 12:30:21','2019-02-01 12:30:21','\0'),(1827,'771','YOGUETA UNIDAD','YOGUETA UNIDAD',9,NULL,19,NULL,NULL,200.00000,160.00000,NULL,NULL,40.00,0.00,'2019-02-01 12:30:21','2019-02-01 12:30:21','2019-02-01 12:30:21','\0'),(1828,'772','YOGUETA X 24','YOGUETA X 24',9,NULL,13,NULL,NULL,4400.00000,3520.00000,NULL,NULL,880.00,5.00,'2019-02-01 12:30:21','2019-02-01 12:30:21','2019-02-01 12:30:21','\0'),(1829,'773','YOGURT CEREAL KLARENS','YOGURT CEREAL KLARENS',10,NULL,20,NULL,NULL,1500.00000,1200.00000,NULL,NULL,300.00,6.00,'2019-02-01 12:30:21','2019-02-01 12:30:21','2019-02-01 12:30:21','\0'),(1830,'774','YOGURT COLANTA','YOGURT COLANTA',10,NULL,20,NULL,NULL,9000.00000,7200.00000,NULL,NULL,1800.00,0.00,'2019-02-01 12:30:21','2019-02-01 12:30:21','2019-02-01 12:30:21','\0'),(1831,'775','YOGURT KLARENS','YOGURT KLARENS',10,NULL,20,NULL,NULL,1500.00000,1200.00000,NULL,NULL,300.00,40.00,'2019-02-01 12:30:21','2019-02-01 12:30:21','2019-02-01 12:30:21','\0'),(1832,'776','YUPI X 12','YUPI X 12',9,NULL,13,NULL,NULL,2000.00000,1600.00000,NULL,NULL,400.00,10.00,'2019-02-01 12:30:21','2019-02-01 12:30:21','2019-02-01 12:30:21','\0'),(1833,'777','ZUCARITAS BARRA','ZUCARITAS BARRA',9,NULL,1,NULL,NULL,900.00000,720.00000,NULL,NULL,180.00,2.00,'2019-02-01 12:30:21','2019-02-01 12:30:21','2019-02-01 12:30:21','\0'),(1834,'778','ZUCARITAS SOBRE','ZUCARITAS SOBRE',9,NULL,16,NULL,NULL,1000.00000,800.00000,NULL,NULL,200.00,22.00,'2019-02-01 12:30:21','2019-02-01 12:30:21','2019-02-01 12:30:21','\0'),(1835,'779','manigueta 10 kilos','bolsa',8,1,13,NULL,'',3550.00000,2650.00000,NULL,19.00,900.00,10.00,'2019-02-07 20:05:20','2019-02-08 01:05:39','2019-02-08 01:05:39','\0'),(1837,'782','prod test','',5,NULL,1,NULL,'',NULL,NULL,NULL,NULL,NULL,NULL,NULL,'2019-02-17 23:29:44','2019-02-17 23:29:44','\0'),(1838,'783','test','',NULL,NULL,1,NULL,'',NULL,NULL,NULL,NULL,NULL,NULL,NULL,'2019-02-17 23:52:14','2019-02-17 23:52:14','\0'),(1839,'784','test2','',NULL,NULL,2,NULL,'',NULL,NULL,NULL,NULL,NULL,NULL,NULL,'2019-02-18 00:28:32','2019-02-18 00:28:32','\0'),(1840,'785','test 3','',NULL,NULL,1,NULL,'',NULL,NULL,NULL,NULL,NULL,NULL,NULL,'2019-02-18 00:32:54','2019-02-18 00:32:54','\0'),(1841,'786','test','',NULL,NULL,1,NULL,'',NULL,NULL,NULL,NULL,NULL,NULL,NULL,'2019-02-18 00:36:03','2019-02-18 00:36:03','\0'),(1842,'787','test 4','',NULL,NULL,4,NULL,'',NULL,NULL,NULL,NULL,NULL,NULL,NULL,'2019-02-18 00:39:36','2019-02-18 00:39:36','\0'),(1843,'788','test2','',NULL,NULL,2,NULL,'',NULL,NULL,NULL,NULL,NULL,NULL,NULL,'2019-02-18 00:43:29','2019-02-18 00:43:29','\0'),(1844,'789','test6','',NULL,NULL,NULL,NULL,'',NULL,NULL,NULL,NULL,NULL,NULL,NULL,'2019-02-18 00:50:45','2019-02-18 00:50:45','\0'),(1846,'790','test 60','',NULL,NULL,4,NULL,'',NULL,NULL,NULL,NULL,NULL,NULL,NULL,'2019-02-18 00:57:46','2019-02-18 00:57:46','\0'),(1848,'791','tesb8','',NULL,NULL,8,NULL,'',NULL,NULL,NULL,NULL,NULL,NULL,NULL,'2019-02-18 01:01:57','2019-02-18 01:01:57','\0'),(1849,'796','796','',NULL,NULL,4,NULL,'',NULL,NULL,NULL,NULL,NULL,NULL,NULL,'2019-02-18 01:58:59','2019-02-18 01:58:59','\0'),(1850,'797','797','',NULL,NULL,2,NULL,'',NULL,NULL,NULL,NULL,NULL,NULL,NULL,'2019-02-18 02:00:32','2019-02-18 02:00:32','\0'),(1851,'798','798','',NULL,NULL,4,NULL,'',NULL,NULL,NULL,NULL,NULL,NULL,NULL,'2019-02-18 02:02:09','2019-02-18 02:02:09','\0'),(1852,'799','799','',NULL,NULL,NULL,NULL,'',NULL,NULL,NULL,NULL,NULL,NULL,NULL,'2019-02-18 02:09:21','2019-02-18 02:09:21','\0'),(1853,'800','800','800',NULL,NULL,NULL,'800','',NULL,NULL,NULL,NULL,NULL,NULL,NULL,'2019-02-18 02:16:58','2019-02-18 02:16:58','\0');
/*!40000 ALTER TABLE `product` ENABLE KEYS */;
UNLOCK TABLES;

--
-- Table structure for table `product_category`
--

DROP TABLE IF EXISTS `product_category`;
/*!40101 SET @saved_cs_client     = @@character_set_client */;
/*!40101 SET character_set_client = utf8 */;
CREATE TABLE `product_category` (
  `id` bigint(20) NOT NULL AUTO_INCREMENT,
  `name` varchar(45) NOT NULL,
  `description` varchar(100) DEFAULT NULL,
  `creation_date` timestamp NOT NULL DEFAULT CURRENT_TIMESTAMP ON UPDATE CURRENT_TIMESTAMP,
  `modify_date` timestamp NOT NULL DEFAULT CURRENT_TIMESTAMP ON UPDATE CURRENT_TIMESTAMP,
  `archived` bit(1) NOT NULL DEFAULT b'0',
  PRIMARY KEY (`id`)
) ENGINE=InnoDB AUTO_INCREMENT=15 DEFAULT CHARSET=utf8;
/*!40101 SET character_set_client = @saved_cs_client */;

--
-- Dumping data for table `product_category`
--

LOCK TABLES `product_category` WRITE;
/*!40000 ALTER TABLE `product_category` DISABLE KEYS */;
INSERT INTO `product_category` VALUES (5,'Bebidas','Bebidas','2019-01-28 02:18:02','2019-01-28 02:18:02','\0'),(6,'Carnes frías','Carnes frías','2019-01-28 02:18:02','2019-01-28 02:18:02','\0'),(7,'Comidas rápidas','Comidas rápidas','2019-01-28 02:18:02','2019-01-28 02:18:02','\0'),(8,'Desechables','Desechables','2019-01-28 02:18:02','2019-01-28 02:18:02','\0'),(9,'Dulcería','Dulcería','2019-01-28 02:18:02','2019-01-28 02:18:02','\0'),(10,'Lácteos','Lácteos','2019-01-28 02:18:02','2019-01-28 02:18:02','\0'),(11,'Panadería','Panadería','2019-01-28 02:18:02','2019-01-28 02:18:02','\0'),(12,'Piñatería','Piñatería','2019-01-28 02:18:02','2019-01-28 02:18:02','\0'),(13,'Repostería','Repostería','2019-01-28 02:18:02','2019-01-28 02:18:02','\0'),(14,'Salsas','Salsas','2019-01-28 02:18:02','2019-01-28 02:18:02','\0');
/*!40000 ALTER TABLE `product_category` ENABLE KEYS */;
UNLOCK TABLES;

--
-- Table structure for table `product_type`
--

DROP TABLE IF EXISTS `product_type`;
/*!40101 SET @saved_cs_client     = @@character_set_client */;
/*!40101 SET character_set_client = utf8 */;
CREATE TABLE `product_type` (
  `id` bigint(20) NOT NULL AUTO_INCREMENT,
  `name` varchar(45) NOT NULL,
  `creation_date` timestamp NOT NULL DEFAULT CURRENT_TIMESTAMP ON UPDATE CURRENT_TIMESTAMP,
  `modify_date` timestamp NOT NULL DEFAULT '0000-00-00 00:00:00',
  `archived` bit(1) NOT NULL,
  PRIMARY KEY (`id`)
) ENGINE=InnoDB AUTO_INCREMENT=2 DEFAULT CHARSET=utf8;
/*!40101 SET character_set_client = @saved_cs_client */;

--
-- Dumping data for table `product_type`
--

LOCK TABLES `product_type` WRITE;
/*!40000 ALTER TABLE `product_type` DISABLE KEYS */;
INSERT INTO `product_type` VALUES (1,'Type Test','2018-12-06 01:26:54','0000-00-00 00:00:00','\0');
/*!40000 ALTER TABLE `product_type` ENABLE KEYS */;
UNLOCK TABLES;

--
-- Table structure for table `role`
--

DROP TABLE IF EXISTS `role`;
/*!40101 SET @saved_cs_client     = @@character_set_client */;
/*!40101 SET character_set_client = utf8 */;
CREATE TABLE `role` (
  `id` bigint(20) NOT NULL AUTO_INCREMENT,
  `name` varchar(50) NOT NULL,
  `creation_date` timestamp NOT NULL DEFAULT CURRENT_TIMESTAMP ON UPDATE CURRENT_TIMESTAMP,
  `modify_date` timestamp NOT NULL DEFAULT CURRENT_TIMESTAMP ON UPDATE CURRENT_TIMESTAMP,
  `archived` bit(1) NOT NULL DEFAULT b'0',
  PRIMARY KEY (`id`)
) ENGINE=InnoDB AUTO_INCREMENT=5 DEFAULT CHARSET=latin1;
/*!40101 SET character_set_client = @saved_cs_client */;

--
-- Dumping data for table `role`
--

LOCK TABLES `role` WRITE;
/*!40000 ALTER TABLE `role` DISABLE KEYS */;
INSERT INTO `role` VALUES (1,'SUDO','2019-01-24 00:24:58','2019-01-24 00:24:58','\0'),(2,'Administrador','2019-01-24 00:25:48','2019-01-24 00:25:48','\0'),(3,'Vendedor','2019-01-24 00:25:48','2019-01-24 00:25:48','\0'),(4,'Gerente','2019-01-25 18:20:09','2019-01-25 18:20:09','\0');
/*!40000 ALTER TABLE `role` ENABLE KEYS */;
UNLOCK TABLES;

--
-- Table structure for table `state`
--

DROP TABLE IF EXISTS `state`;
/*!40101 SET @saved_cs_client     = @@character_set_client */;
/*!40101 SET character_set_client = utf8 */;
CREATE TABLE `state` (
  `id` bigint(20) NOT NULL AUTO_INCREMENT,
  `country_id` bigint(20) NOT NULL,
  `name` varchar(255) NOT NULL,
  `creation_date` timestamp NOT NULL DEFAULT CURRENT_TIMESTAMP ON UPDATE CURRENT_TIMESTAMP,
  `modify_date` timestamp NOT NULL DEFAULT CURRENT_TIMESTAMP ON UPDATE CURRENT_TIMESTAMP,
  `archived` bit(1) NOT NULL DEFAULT b'0',
  PRIMARY KEY (`id`),
  KEY `country_state_fk_idx` (`country_id`),
  CONSTRAINT `country_state_fk` FOREIGN KEY (`country_id`) REFERENCES `country` (`id`)
) ENGINE=InnoDB AUTO_INCREMENT=38 DEFAULT CHARSET=utf8;
/*!40101 SET character_set_client = @saved_cs_client */;

--
-- Dumping data for table `state`
--

LOCK TABLES `state` WRITE;
/*!40000 ALTER TABLE `state` DISABLE KEYS */;
INSERT INTO `state` VALUES (5,1,'AMAZONAS','2019-01-19 16:28:13','2019-01-19 16:28:13','\0'),(6,1,'ANTIOQUIA','2019-01-19 16:28:13','2019-01-19 16:28:13','\0'),(7,1,'ARAUCA','2019-01-19 16:28:13','2019-01-19 16:28:13','\0'),(8,1,'ARCHIPIÉLAGO DE SAN ANDRÉS, PROVIDENCIA Y SANTA CATALINA','2019-01-19 16:28:13','2019-01-19 16:28:13','\0'),(9,1,'ATLÁNTICO','2019-01-19 16:28:13','2019-01-19 16:28:13','\0'),(10,1,'BOGOTÁ, D.C.','2019-01-19 16:28:13','2019-01-19 16:28:13','\0'),(11,1,'BOLÍVAR','2019-01-19 16:28:13','2019-01-19 16:28:13','\0'),(12,1,'BOYACÁ','2019-01-19 16:28:13','2019-01-19 16:28:13','\0'),(13,1,'CALDAS','2019-01-19 16:28:13','2019-01-19 16:28:13','\0'),(14,1,'CAQUETÁ','2019-01-19 16:28:13','2019-01-19 16:28:13','\0'),(15,1,'CASANARE','2019-01-19 16:28:13','2019-01-19 16:28:13','\0'),(16,1,'CAUCA','2019-01-19 16:28:13','2019-01-19 16:28:13','\0'),(17,1,'CESAR','2019-01-19 16:28:13','2019-01-19 16:28:13','\0'),(18,1,'CHOCÓ','2019-01-19 16:28:13','2019-01-19 16:28:13','\0'),(19,1,'CÓRDOBA','2019-01-19 16:28:13','2019-01-19 16:28:13','\0'),(20,1,'CUNDINAMARCA','2019-01-19 16:28:13','2019-01-19 16:28:13','\0'),(21,1,'GUAINÍA','2019-01-19 16:28:13','2019-01-19 16:28:13','\0'),(22,1,'GUAVIARE','2019-01-19 16:28:13','2019-01-19 16:28:13','\0'),(23,1,'HUILA','2019-01-19 16:28:13','2019-01-19 16:28:13','\0'),(24,1,'LA GUAJIRA','2019-01-19 16:28:13','2019-01-19 16:28:13','\0'),(25,1,'MAGDALENA','2019-01-19 16:28:13','2019-01-19 16:28:13','\0'),(26,1,'META','2019-01-19 16:28:13','2019-01-19 16:28:13','\0'),(27,1,'NARIÑO','2019-01-19 16:28:13','2019-01-19 16:28:13','\0'),(28,1,'NORTE DE SANTANDER','2019-01-19 16:28:13','2019-01-19 16:28:13','\0'),(29,1,'PUTUMAYO','2019-01-19 16:28:13','2019-01-19 16:28:13','\0'),(30,1,'QUINDIO','2019-01-19 16:28:13','2019-01-19 16:28:13','\0'),(31,1,'RISARALDA','2019-01-19 16:28:13','2019-01-19 16:28:13','\0'),(32,1,'SANTANDER','2019-01-19 16:28:13','2019-01-19 16:28:13','\0'),(33,1,'SUCRE','2019-01-19 16:28:13','2019-01-19 16:28:13','\0'),(34,1,'TOLIMA','2019-01-19 16:28:13','2019-01-19 16:28:13','\0'),(35,1,'VALLE DEL CAUCA','2019-01-19 16:28:13','2019-01-19 16:28:13','\0'),(36,1,'VAUPÉS','2019-01-19 16:28:13','2019-01-19 16:28:13','\0'),(37,1,'VICHADA','2019-01-19 16:28:13','2019-01-19 16:28:13','\0');
/*!40000 ALTER TABLE `state` ENABLE KEYS */;
UNLOCK TABLES;

--
-- Table structure for table `supplier`
--

DROP TABLE IF EXISTS `supplier`;
/*!40101 SET @saved_cs_client     = @@character_set_client */;
/*!40101 SET character_set_client = utf8 */;
CREATE TABLE `supplier` (
  `id` bigint(20) NOT NULL AUTO_INCREMENT,
  `person_id` bigint(20) NOT NULL,
  `payment_type_id` bigint(20) DEFAULT NULL,
  `payment_term` varchar(45) DEFAULT NULL,
  `payment_method_id` bigint(20) DEFAULT NULL,
  `creation_date` timestamp NOT NULL DEFAULT CURRENT_TIMESTAMP ON UPDATE CURRENT_TIMESTAMP,
  `modify_date` timestamp NOT NULL DEFAULT CURRENT_TIMESTAMP ON UPDATE CURRENT_TIMESTAMP,
  `archived` bit(1) NOT NULL DEFAULT b'0',
  `account_bank` bigint(20) DEFAULT NULL,
  PRIMARY KEY (`id`),
  KEY `supplier_person_fk_idx` (`person_id`),
  KEY `supplier_payment_type_fk_idx` (`payment_type_id`),
  KEY `supplier_payment_method_idx` (`payment_method_id`),
  CONSTRAINT `supplier_payment_method` FOREIGN KEY (`payment_method_id`) REFERENCES `payment_method` (`id`),
  CONSTRAINT `supplier_payment_type` FOREIGN KEY (`payment_type_id`) REFERENCES `payment_type` (`id`),
  CONSTRAINT `supplier_person` FOREIGN KEY (`person_id`) REFERENCES `person` (`id`)
) ENGINE=InnoDB AUTO_INCREMENT=22 DEFAULT CHARSET=utf8;
/*!40101 SET character_set_client = @saved_cs_client */;

--
-- Dumping data for table `supplier`
--

LOCK TABLES `supplier` WRITE;
/*!40000 ALTER TABLE `supplier` DISABLE KEYS */;
INSERT INTO `supplier` VALUES (2,6,1,'61',1,'2019-01-15 00:59:22','2019-01-15 00:59:22','',NULL),(3,7,NULL,'',NULL,'2019-01-15 00:59:19','2019-01-15 00:59:19','',NULL),(4,24,NULL,'',NULL,'2019-01-15 00:59:41','2019-01-15 00:59:41','\0',NULL),(5,25,NULL,'',NULL,'2019-01-16 09:37:30','2019-01-16 09:37:30','\0',NULL),(6,26,1,'',1,'2019-01-16 21:23:37','2019-01-16 21:23:37','\0',NULL),(7,27,1,'',1,'2019-01-16 21:33:49','2019-01-16 21:33:49','\0',NULL),(8,28,1,'',1,'2019-01-16 21:39:52','2019-01-16 21:39:52','\0',NULL),(9,29,1,'',1,'2019-01-16 21:44:09','2019-01-16 21:44:09','\0',NULL),(10,30,1,'',1,'2019-01-16 21:48:23','2019-01-16 21:48:23','\0',NULL),(11,31,NULL,'',NULL,'2019-01-16 21:50:41','2019-01-16 21:50:41','\0',NULL),(12,32,1,'',1,'2019-01-16 21:54:56','2019-01-16 21:54:56','\0',NULL),(13,33,1,'',1,'2019-01-16 21:58:33','2019-01-16 21:58:33','\0',NULL),(14,34,1,'',1,'2019-01-16 22:16:26','2019-01-16 22:16:26','\0',NULL),(15,35,1,'',1,'2019-01-16 22:18:50','2019-01-16 22:18:50','\0',NULL),(16,36,1,'',1,'2019-01-16 22:22:33','2019-01-16 22:22:33','\0',NULL),(17,37,1,'',1,'2019-01-18 19:43:09','2019-01-18 19:43:09','\0',NULL),(18,38,1,'',1,'2019-01-18 19:49:26','2019-01-18 19:49:26','\0',NULL),(19,39,1,'',1,'2019-01-18 19:50:51','2019-01-18 19:50:51','\0',NULL),(20,40,1,'',1,'2019-01-18 19:55:41','2019-01-18 19:55:41','\0',NULL),(21,41,NULL,'',NULL,'2019-01-21 07:45:54','2019-01-21 07:45:54','\0',NULL);
/*!40000 ALTER TABLE `supplier` ENABLE KEYS */;
UNLOCK TABLES;

--
-- Table structure for table `table_sequence`
--

DROP TABLE IF EXISTS `table_sequence`;
/*!40101 SET @saved_cs_client     = @@character_set_client */;
/*!40101 SET character_set_client = utf8 */;
CREATE TABLE `table_sequence` (
  `id` bigint(20) NOT NULL AUTO_INCREMENT,
  `code` varchar(100) NOT NULL,
  `name` varchar(100) DEFAULT NULL,
  `sequence` bigint(20) NOT NULL,
  `creation_date` timestamp NOT NULL DEFAULT CURRENT_TIMESTAMP ON UPDATE CURRENT_TIMESTAMP,
  `modify_date` timestamp NOT NULL DEFAULT CURRENT_TIMESTAMP ON UPDATE CURRENT_TIMESTAMP,
  `archived` bit(1) NOT NULL DEFAULT b'0',
  PRIMARY KEY (`id`),
  UNIQUE KEY `code_UNIQUE` (`code`)
) ENGINE=InnoDB AUTO_INCREMENT=4 DEFAULT CHARSET=latin1;
/*!40101 SET character_set_client = @saved_cs_client */;

--
-- Dumping data for table `table_sequence`
--

LOCK TABLES `table_sequence` WRITE;
/*!40000 ALTER TABLE `table_sequence` DISABLE KEYS */;
INSERT INTO `table_sequence` VALUES (1,'Product','Tabla de productos',800,'2019-02-18 02:13:21','2019-02-18 02:13:21','\0'),(2,'Warehouse','Tabla de bodegas',2,'2019-02-05 00:45:10','2019-02-05 00:45:10','\0'),(3,'Lot','Tabla de lotes',1,'2019-02-17 23:52:04','2019-02-17 23:52:04','\0');
/*!40000 ALTER TABLE `table_sequence` ENABLE KEYS */;
UNLOCK TABLES;

--
-- Table structure for table `user`
--

DROP TABLE IF EXISTS `user`;
/*!40101 SET @saved_cs_client     = @@character_set_client */;
/*!40101 SET character_set_client = utf8 */;
CREATE TABLE `user` (
  `id` bigint(20) NOT NULL AUTO_INCREMENT,
  `login` varchar(60) NOT NULL,
  `pass` varchar(60) NOT NULL,
  `person_id` bigint(20) NOT NULL,
  `creation_date` timestamp NOT NULL DEFAULT CURRENT_TIMESTAMP ON UPDATE CURRENT_TIMESTAMP,
  `modify_date` timestamp NOT NULL DEFAULT CURRENT_TIMESTAMP ON UPDATE CURRENT_TIMESTAMP,
  `archived` bit(1) NOT NULL DEFAULT b'0',
  `role_id` bigint(20) NOT NULL DEFAULT '3',
  PRIMARY KEY (`id`),
  UNIQUE KEY `login_UNIQUE` (`login`),
  KEY `fk_user_person_idx` (`person_id`),
  CONSTRAINT `fk_user_person` FOREIGN KEY (`person_id`) REFERENCES `person` (`id`)
) ENGINE=InnoDB AUTO_INCREMENT=10 DEFAULT CHARSET=utf8;
/*!40101 SET character_set_client = @saved_cs_client */;

--
-- Dumping data for table `user`
--

LOCK TABLES `user` WRITE;
/*!40000 ALTER TABLE `user` DISABLE KEYS */;
INSERT INTO `user` VALUES (4,'test','pnbrmR5/2yU1paLqlMjzRg==',14,'2019-01-26 00:11:22','2019-01-26 00:11:22','\0',1),(5,'esamia','1vOs3Sny9xhsR5xj/j5IXQ==',21,'2019-01-29 16:47:55','2019-01-29 16:47:55','\0',1),(6,'aquiroz','3OoqJNmK+2Q0kSVFH3h3FA==',20,'2019-01-29 16:46:45','2019-01-29 16:46:45','\0',3),(8,'dcarbo','ymQcQNnbrWkYM7AlrrfrLw==',22,'2019-01-29 16:47:08','2019-01-29 16:47:08','\0',3),(9,'jcastellanos','rCawV5plVBVNfUvkG5iNog==',23,'2019-01-29 16:47:15','2019-01-29 16:47:15','\0',2);
/*!40000 ALTER TABLE `user` ENABLE KEYS */;
UNLOCK TABLES;

--
-- Table structure for table `warehouse`
--

DROP TABLE IF EXISTS `warehouse`;
/*!40101 SET @saved_cs_client     = @@character_set_client */;
/*!40101 SET character_set_client = utf8 */;
CREATE TABLE `warehouse` (
  `id` bigint(20) NOT NULL AUTO_INCREMENT,
  `code` varchar(45) NOT NULL,
  `name` varchar(45) DEFAULT NULL,
  `creation_date` timestamp NOT NULL DEFAULT CURRENT_TIMESTAMP ON UPDATE CURRENT_TIMESTAMP,
  `modify_date` timestamp NOT NULL DEFAULT CURRENT_TIMESTAMP ON UPDATE CURRENT_TIMESTAMP,
  `archived` bit(1) NOT NULL DEFAULT b'0',
  PRIMARY KEY (`id`)
) ENGINE=InnoDB AUTO_INCREMENT=3 DEFAULT CHARSET=latin1;
/*!40101 SET character_set_client = @saved_cs_client */;

--
-- Dumping data for table `warehouse`
--

LOCK TABLES `warehouse` WRITE;
/*!40000 ALTER TABLE `warehouse` DISABLE KEYS */;
INSERT INTO `warehouse` VALUES (1,'1','Bodega 1','2019-02-04 19:25:24','2019-02-04 19:25:24','\0'),(2,'2','Bodega 2','2019-02-04 19:25:28','2019-02-04 19:25:28','\0');
/*!40000 ALTER TABLE `warehouse` ENABLE KEYS */;
UNLOCK TABLES;

--
-- Dumping events for database 'vissa'
--

--
-- Dumping routines for database 'vissa'
--
/*!40103 SET TIME_ZONE=@OLD_TIME_ZONE */;

/*!40101 SET SQL_MODE=@OLD_SQL_MODE */;
/*!40014 SET FOREIGN_KEY_CHECKS=@OLD_FOREIGN_KEY_CHECKS */;
/*!40014 SET UNIQUE_CHECKS=@OLD_UNIQUE_CHECKS */;
/*!40101 SET CHARACTER_SET_CLIENT=@OLD_CHARACTER_SET_CLIENT */;
/*!40101 SET CHARACTER_SET_RESULTS=@OLD_CHARACTER_SET_RESULTS */;
/*!40101 SET COLLATION_CONNECTION=@OLD_COLLATION_CONNECTION */;
/*!40111 SET SQL_NOTES=@OLD_SQL_NOTES */;

-- Dump completed on 2019-02-21  7:33:47
