CREATE DATABASE  IF NOT EXISTS `vissa` /*!40100 DEFAULT CHARACTER SET latin1 */;
USE `vissa`;
-- MySQL dump 10.13  Distrib 5.7.9, for Win64 (x86_64)
--
-- Host: 127.0.0.1    Database: vissa
-- ------------------------------------------------------
-- Server version	5.5.5-10.1.30-MariaDB

/*!40101 SET @OLD_CHARACTER_SET_CLIENT=@@CHARACTER_SET_CLIENT */;
/*!40101 SET @OLD_CHARACTER_SET_RESULTS=@@CHARACTER_SET_RESULTS */;
/*!40101 SET @OLD_COLLATION_CONNECTION=@@COLLATION_CONNECTION */;
/*!40101 SET NAMES utf8 */;
/*!40103 SET @OLD_TIME_ZONE=@@TIME_ZONE */;
/*!40103 SET TIME_ZONE='+00:00' */;
/*!40014 SET @OLD_UNIQUE_CHECKS=@@UNIQUE_CHECKS, UNIQUE_CHECKS=0 */;
/*!40014 SET @OLD_FOREIGN_KEY_CHECKS=@@FOREIGN_KEY_CHECKS, FOREIGN_KEY_CHECKS=0 */;
/*!40101 SET @OLD_SQL_MODE=@@SQL_MODE, SQL_MODE='NO_AUTO_VALUE_ON_ZERO' */;
/*!40111 SET @OLD_SQL_NOTES=@@SQL_NOTES, SQL_NOTES=0 */;

--
-- Table structure for table `articulos`
--

DROP TABLE IF EXISTS `articulos`;
/*!40101 SET @saved_cs_client     = @@character_set_client */;
/*!40101 SET character_set_client = utf8 */;
CREATE TABLE `articulos` (
  `COD` int(11) DEFAULT NULL,
  `NOMBRE` text,
  `STOCK` int(11) DEFAULT NULL,
  `BODEGA` text,
  `CANT` int(11) DEFAULT NULL,
  `MEDIDA` text,
  `FINAL_PRICE` text,
  `IVA` text,
  `VENTA` text,
  `VALOR_ IVA` text,
  `UTILIDAD_PRC` text,
  `COSTO` text,
  `UTILIDAD` text,
  `CATEGORIA` int(11) DEFAULT NULL
) ENGINE=InnoDB DEFAULT CHARSET=latin1;
/*!40101 SET character_set_client = @saved_cs_client */;

--
-- Dumping data for table `articulos`
--

LOCK TABLES `articulos` WRITE;
/*!40000 ALTER TABLE `articulos` DISABLE KEYS */;
INSERT INTO `articulos` VALUES (269,'ACEITE 1000 CC',0,'',0,'3','4500','19','3782','718','15','3288','493',7),(270,'ACEITE 3000 CM',0,'',0,'3','13500','19','11345','2.155','15','9865','1480',7),(271,'ACEITE 5000CM',0,'',0,'3','23500','19','19748','3.752','15','17172','2576',7),(272,'ACEITE VEGETAL SUELTO',70,'',70,'14','3900','0,00','','3.900','22','3197','703',7),(273,'ACEITUNA',10,'',10,'10','4800','19','4034','766','20','3361','672',7),(274,'AJI PICANTE JR 2000 GRAMOS',10,'',10,'3','7000','19','5882','1.118','15','5115','767',14),(275,'AJI PICANTE JR 370',5,'',5,'3','1800','19','1513','287','15','1315','197',14),(276,'AJI PICANTE JR PEQUENO 180',0,'',0,'3','1200','19','1008','192','15','877','132',14),(277,'ALCAPARRA',0,'',0,'10','3700','19','3109','591','20','2591','518',7),(278,'ALMENDRA',0,'0',0,NULL,'','19','0','0','12','0','0',11),(279,'ANDIHOJALDRE',9,'',9,'19','2800','19','2353','447','12','2101','252',11),(280,'ANIS ESTRELLADO',478,'',478,'8','70','0,00','','70','12','63','8',11),(281,'AREQUIPE 6X5 KL BALDE',8,'',8,'19','26500','19','22269','4.231','12','19883','2386',11),(282,'AREQUIPE BALDE',0,'0',0,'19','5500','19','4622','878','12','4127','495',11),(283,'ARVERJAS ',28,'',28,'10','2600','19','2185','415','12','1951','234',7),(284,'ARVERJAS CON ZANAHORIA',4,'',4,'10','2800','19','2353','447','12','2101','252',7),(285,'ASTRA REPOSTERA ',0,'0',0,'8','6800','19','5714','1.086','12','5102','612',11),(286,'ATUM VAN CAMPS',14,'',14,'10','4800','19','4034','766','20','3361','672',7),(287,'AVENA KLARENS',0,'0',0,'2','1000','5','952','48','15','828','124',10),(288,'AZUCAR',77,'',76500,'8','2','19','2','0','12','2','0',11),(289,'AZUCAR  MICROPULVERIZADA',2,'',2000,'8','12','19','10','2','12','9','1',11),(290,'AZUCAR PULVERIZADA',10,'',9500,'8','6','19','5','1','12','5','1',11),(291,'B1',0,'310',310,'19','250','19','210','40','20','175','35',8),(292,'BANDEJA  PLANA  N.10',0,'24',24,'19','150','19','126','24','20','105','21',8),(293,'BANDEJA  PLANA N. 4',0,'1144',1144,'19','150','19','126','24','20','105','21',8),(294,'BANDEJA  PLANA N.25',0,'292',292,'19','400','19','336','64','20','280','56',8),(295,'BANDEJA  PLANO N.1',0,'320',320,'19','60','19','50','10','20','42','8',8),(296,'BANDEJA HONDA 1 1/2',0,'328',328,'19','70','19','59','11','20','49','10',8),(297,'BANDEJA HONDA N.25',0,'856',856,'19','450','19','378','72','20','315','63',8),(298,'BANDEJA N.17',0,'928',928,'19','80','19','67','13','20','56','11',8),(299,'BANDEJA N.7',0,'629',629,'19','100','19','84','16','20','70','14',8),(300,'BANDEJA N.8',0,'679',679,'19','190','19','160','30','20','133','27',8),(301,'BANDEJA T1',0,'190',190,'19','250','19','210','40','20','175','35',8),(302,'BANDEJA T10',0,'500',500,'19','150','19','126','24','20','105','21',8),(303,'BANDEJA T9',0,'955',955,'19','190','19','160','30','20','133','27',8),(304,'BASE PUDIN',1,'',1,'13','9000','19','7563','1.437','15','6577','986',12),(305,'BICARBONATO',0,'0',0,'8','5000','19','4202','798','12','3752','450',11),(306,'BLONDA CUADRADA 1LB',0,'0',0,'19','300','19','252','48','20','210','42',8),(307,'BLONDA CUADRADA 3LB',0,'0',0,'19','800','19','672','128','20','560','112',8),(308,'BLONDA DE 1 1/2',0,'137',137,'19','700','19','588','112','20','490','98',8),(309,'BLONDA DE 1 LIBRA',0,'351',351,'19','600','19','504','96','20','420','84',8),(310,'BLONDA REDONDA 1/2 LB',0,'286',286,'19','400','19','336','64','20','280','56',8),(311,'BLONDA REDONDA 1LB',0,'212',212,'19','600','19','504','96','20','420','84',8),(312,'BLONDA REDONDA 2LB',0,'0',0,'19','800','19','672','128','20','560','112',8),(313,'BLONDA REDONDA 3LB',0,'0',0,'19','800','19','672','128','20','560','112',8),(314,'BLONDA REDONDA 4 ONZAS',0,'0',0,'19','200','19','168','32','20','140','28',8),(315,'BOCADILLO 180 GRAMOS',20,'',20,'19','2000','19','1681','319','12','1501','180',11),(316,'BOCADILLO LONJA',0,'0',0,'8','5000','19','4202','798','12','3752','450',11),(317,'BOLAS 5 KL MANIGUETA',26,'65',91,'13','2700','19','2269','431','20','1891','378',8),(318,'BOLI GELATINA GRANDE',3,'',3,'13','5500','5','5238','262','15','4555','683',10),(319,'BOLI GELATINA PEQUENA',3,'',3,'13','4000','5','3810','190','15','3313','497',10),(320,'BOLI YOGOURTH GRANDE',35,'',35,'13','4000','0,00','','4.000','12','3571','429',10),(321,'BOLI YOGOURTH PEQUENO',25,'',25,'13','4000','5','3810','190','15','3313','497',10),(322,'BOLSA  TRANSPARENTE 18X30',0,'0',0,'13','3500','19','2941','559','20','2451','490',8),(323,'BOLSA 10 KL MANIGUETA',10,'30',40,'13','3700','19','3109','591','20','2591','518',8),(324,'BOLSA 15 KL MANIGUETA',22,'10',32,'13','4200','19','3529','671','20','2941','588',8),(325,'BOLSA 2 KL MANIGUETA',0,'38',38,'13','1300','19','1092','208','20','910','182',8),(326,'BOLSA 20 KL MANIGUETA',0,'',0,'13','6000','19','5042','958','20','4202','840',8),(327,'BOLSA 25 KL MANIGUETA X 100',0,'0',0,'13','8500','19','7143','1.357','20','5952','1190',8),(328,'BOLSA 25 KL MANIGUETA X 50',0,'2',2,'13','4500','19','3782','718','20','3151','630',8),(329,'BOLSA 3 KL MANIGUETA',4,'103',107,'13','1700','19','1429','271','20','1190','238',8),(330,'BOLSA ALUMINCA MEDIO POLLO FRESH',0,'0',0,'13','2000','19','1681','319','20','1401','280',8),(331,'BOLSA BASURA JUMBO',0,'18',18,'13','1800','19','1513','287','20','1261','252',8),(332,'BOLSA BASURA NN',0,'6',6,'13','3800','19','3193','607','20','2661','532',8),(333,'BOLSA BLANCA 5X8',45,'98',143,'13','500','19','420','80','20','350','70',8),(334,'BOLSA BLANCA 6X9',0,'123',123,'13','600','19','504','96','20','420','84',8),(335,'BOLSA BLANCA 7X10',60,'10',70,'13','700','19','588','112','20','490','98',8),(336,'BOLSA BLANCA 8X12',0,'79',0,NULL,'','19','','','20','','0',8),(337,'BOLSA BLANCA 8X12',25,'',0,'13','700','19','588','112','20','490','98',8),(338,'BOLSA BOLI CORTO',88,'96',184,'13','350','19','294','56','20','245','49',8),(339,'BOLSA BOLI LARGO',48,'204',252,'13','400','19','336','64','20','280','56',8),(340,'BOLSA CHICHERA',35,'',35,'13','500','19','420','80','20','350','70',8),(341,'BOLSA CHIYONA 8X12',22,'',0,'13','1200','19','1008','192','20','840','168',8),(342,'BOLSA CHIYONA NORMAL',48,'43',91,'13','500','19','420','80','20','350','70',8),(343,'BOLSA COLOR 10X14',18,'',18,'13','1600','19','1345','255','20','1120','224',8),(344,'BOLSA COLOR 10X16',0,'0',0,'13','1600','19','1345','255','20','1120','224',8),(345,'BOLSA COLOR 12X18',7,'10',17,'13','2200','19','1849','351','20','1541','308',8),(346,'BOLSA COLOR 5 X 8 ',17,'75',92,'13','500','19','420','80','20','350','70',8),(347,'BOLSA COLOR 6 X 12 ',0,'0',0,'13','600','19','504','96','20','420','84',8),(348,'BOLSA COLOR 6 X 9 ',25,'95',120,'13','550','19','462','88','20','385','77',8),(349,'BOLSA COLOR 7 X 10 ',0,'136',136,'13','700','19','588','112','20','490','98',8),(350,'BOLSA COLOR 8 X 12 ',0,'76',76,'13','1200','19','1008','192','20','840','168',8),(351,'BOLSA COLOR 8X18',0,'0',0,'13','1200','19','1008','192','20','840','168',8),(352,'BOLSA COLOR 9 x 14 ',0,'0',0,'13','1400','19','1176','224','20','980','196',8),(353,'BOLSA HIELO JUMBO NORMAL',0,'0',0,'19','1000','19','840','160','20','700','140',8),(354,'BOLSA HIELO JUMBO SILICONA',33,'',33,'19','1000','19','840','160','20','700','140',8),(355,'BOLSA HIELO NORMAL',25,'234',259,'19','650','19','546','104','20','455','91',8),(356,'BOLSA LUMINICA L 17',17,'',17,'13','1500','19','1261','239','20','1050','210',8),(357,'BOLSA LUMINICA L 19',50,'',50,'13','2000','19','1681','319','20','1401','280',8),(358,'BOLSA LUMINICA L 20',0,'0',0,'13','2200','19','1849','351','20','1541','308',8),(359,'BOLSA LUMINICA L 23',8,'',8,'13','2800','19','2353','447','20','1961','392',8),(360,'BOLSA LUMINICA L 26',0,'0',0,'13','3200','19','2689','511','20','2241','448',8),(361,'BOLSA LUMINICA P 26',5,'',0,'13','3200','19','2689','511','20','2241','448',8),(362,'BOLSA PAN FRANCES',5,'',5,'13','3000','19','2521','479','20','2101','420',8),(363,'BOLSA PAPEL 1/2LB',11,'10',21,'19','1800','19','1513','287','20','1261','252',8),(364,'BOLSA PAPEL 1LB',0,'500',500,'13','2200','19','1849','351','20','1541','308',8),(365,'BOLSA PAPEL 2LB',3,'',3,'13','2800','19','2353','447','20','1961','392',8),(366,'BOLSA PAPEL 3LB',4,'5',9,'13','3800','19','3193','607','20','2661','532',8),(367,'BOLSA PAPEL 4LB',0,'',0,'13','4800','19','4034','766','20','3361','672',8),(368,'BOLSA PAPEL 6LB',7,'2',9,'13','6200','19','5210','990','20','4342','868',8),(369,'BOLSA PASTILLERA 4X8',36,'',36,'13','350','19','294','56','20','245','49',8),(370,'BOLSA TRANSPARENTE 10X14',28,'',28,'13','1600','19','1345','255','20','1120','224',8),(371,'BOLSA TRANSPARENTE 10X16',9,'27',36,'13','2200','19','1849','351','20','1541','308',8),(372,'BOLSA TRANSPARENTE 12X18',4,'',4,'13','3500','19','2941','559','20','2451','490',8),(373,'BOLSA TRANSPARENTE 14X20',7,'',7,'13','3500','19','2941','559','20','2451','490',8),(374,'BOLSA TRANSPARENTE 15X22',23,'9',32,'13','3800','19','3193','607','20','2661','532',8),(375,'BOLSA TRANSPARENTE 18X30',0,'25',25,'13','3500','19','2941','559','20','2451','490',8),(376,'BOLSA TRANSPARENTE 5X8',0,'0',0,'13','500','19','420','80','20','350','70',8),(377,'BOLSA TRANSPARENTE 6X9',0,'70',70,'13','700','19','588','112','20','490','98',8),(378,'BOLSA TRANSPARENTE 7X10',12,'104',116,'13','900','19','756','144','20','630','126',8),(379,'BOLSA TRANSPARENTE 8X12',19,'74',93,'13','1200','19','1008','192','20','840','168',8),(380,'BOLSA TRANSPARENTE 8X18',20,'20',40,'13','2000','19','1681','319','20','1401','280',8),(381,'BOLSA TRANSPARENTE 9X14',32,'25',57,'13','1700','19','1429','271','20','1190','238',8),(382,'BOTELLA AGUA CRISTALINA',0,'0',0,'3','300','19','252','48','15','219','33',5),(383,'BREVAS X 310',2,'',2,'19','7800','19','6555','1.245','12','5852','702',11),(384,'BUTIFARRA CUNIT',6,'',6,'13','7000','19','5882','1.118','12','5252','630',6),(385,'BUTIFARRA CUNIT',6,'',6,'13','7200','19','6050','1.150','12','5402','648',6),(386,'BUTIFARRA PARICIEN',0,'0',0,'13','6800','19','5714','1.086','12','5102','612',6),(387,'BUTIFARRA PROPIA',0,'0',0,'13','12000','19','10084','1.916','12','9004','1080',6),(388,'C1',0,'2576',2576,'19','120','19','101','19','20','84','17',8),(389,'CABANO X 6 PARISIEN',5,'',5,'13','13500','19','11345','2.155','12','10129','1215',6),(390,'CAJA DE PIZZA EXTRALARGE',22,'',22,'19','2250','19','1891','359','15','1644','247',7),(391,'CAJA PIZZ MEDIUN',29,'',29,'19','1100','19','924','176','20','770','154',7),(392,'CAJA PIZZA LARGE',51,'',51,'19','1250','19','1050','200','20','875','175',7),(393,'CAJA PIZZA PERSONAL',0,'0',0,'19','800','19','672','128','20','560','112',7),(394,'CAJA PIZZA SMOLL',28,'',28,'19','900','19','756','144','20','630','126',7),(395,'CAJA PUDIN 1 LB SENCILLA',29,'',29,'19','1400','19','1176','224','15','1023','153',13),(396,'CAJA PUDIN 1/2',22,'',22,'19','1100','19','924','176','15','804','121',13),(397,'CAJA PUDIN 1LB MALETA',100,'',100,'19','1600','19','1345','255','15','1169','175',13),(398,'CAJA PUDIN 2LB',26,'',26,'19','2600','19','2185','415','15','1900','285',13),(399,'CAJA PUDIN LIBRA Y MEDIA ',5,'',5,'19','1600','19','1345','255','15','1169','175',13),(400,'CANELA ASTILLADA',369,'',369,'8','90','0,00','','90','12','80','10',11),(401,'CAPACILLO N. 1 X 40 UNIDADES',40,'',40,'19','150','19','126','24','15','110','16',13),(402,'CAPACILLO N. 3 X 40 UNIDADES',40,'',40,'19','250','19','210','40','15','183','27',13),(403,'CAPACILLO N. 4 X 40 UNIDADES',26,'',26,'19','250','19','210','40','15','183','27',13),(404,'CAPACILLO N. 5 X 40 UNIDADES',0,'0',0,'19','250','19','210','40','15','183','27',13),(405,'CARNE HAMBURGUESA CUNIT X 10 UND KILO',2,'',2,'13','9600','19','8067','1.533','12','7203','864',6),(406,'CARNE HAMBURGUESA MONTEFRIO',0,'0',0,'13','7500','19','6303','1.197','12','5627','675',6),(407,'CARNE HAMBURGUESA PARISIEN',14,'',14,'13','','19','0','0','12','0','0',6),(408,'CARNE HAMBURGUESA RAPIYA CUNIT',66,'',66,'13','9500','19','7983','1.517','12','7128','855',6),(409,'CARNE HAMBURGUESA SANTA CRUZ',0,'0',0,'13','6000','19','5042','958','12','4502','540',6),(410,'CAZADORA CUNIT SALCHICHA',0,'0',0,'13','8000','19','6723','1.277','12','6002','720',6),(411,'CAZADORA DAN SALCHICHA',20,'',20,'13','','19','0','0','12','0','0',6),(412,'CEREZA ENTERA 125',18,'',18,'19','3700','19','3109','591','12','2776','333',11),(413,'CEREZA ENTERA 4000 UNIDAD',2,'',2000,'8','200','19','168','32','12','150','18',11),(414,'CERVERONI CUNIT',2,'',2,'19','16000','19','13445','2.555','12','12005','1441',6),(415,'CHAMPINON 400 GR',0,'0',0,'10','','19','0','0','20','0','0',7),(416,'CHAMPINON TAJADO',0,'0',0,'10','4700','19','3950','750','12','3526','423',11),(417,'CHANTILLI KILO',725,'',725,'8','27','19','23','4','15','20','3',13),(418,'CHISP DE CHOCOLATE BLANCO',1,'',1000,'8','20','19','16','3','12','15','2',11),(419,'CHISP DE CHOCOLATE NEGRO',1,'',1000,'8','20','19','17','3','12','15','2',11),(420,'CHONGO BLISS X 1000 GRAMOS',0,'0',0,'2','4900','19','4118','782','20','3431','686',7),(421,'CHONGO BONNY X 1000',0,'0',0,'2','5000','19','4202','798','20','3501','700',7),(422,'CHONGO LIBRA',0,'0',0,'2','2200','19','1849','351','20','1541','308',7),(423,'CHONGO RISITOS X 750',2,'',2,'19','4000','19','3361','639','12','3001','360',11),(424,'CHONGO SAN MIGUEL',0,'0',0,'2','3900','19','3277','623','20','2731','546',7),(425,'CHONGO X 150 GR',32,'',32,'2','1200','19','1008','192','20','840','168',7),(426,'CHORIBUTI',95,'',95,'11','5600','19','4706','894','12','4202','504',6),(427,'CHORIZO CARIBE X 5',0,'0',0,'13','6800','19','5714','1.086','12','5102','612',6),(428,'CHORIZO CUNIT',56,'',56,'13','8200','19','6891','1.309','12','6152','738',6),(429,'CHORIZO LLANERO X 10',2,'',2,'13','13600','19','11429','2.171','12','10204','1224',6),(430,'CHORIZO LLANERO X 12',2,'',2,'13','','19','0','0','12','0','0',6),(431,'CHORIZO LLANERO X 8',6,'',6,'13','','19','0','0','12','0','0',6),(432,'CHORIZO PARICIEN 500 GRAMOS',7,'',7,'13','8200','19','6891','1.309','12','6152','738',6),(433,'CHORIZO PARRILLA X 5 CUNIT',0,'0',0,'13','7500','19','6303','1.197','12','5627','675',6),(434,'CHORIZO SALSAN',0,'0',0,'13','6800','19','5714','1.086','12','5102','612',6),(435,'CIRUELAS PASAS',5,'',4600,'8','12','19','10','2','12','9','1',11),(436,'CITRUS BOTELLA 400 ML',47,'',47,'3','1100','19','924','176','15','804','121',5),(437,'CITRUS CAJITA',0,'0',0,'4','700','19','588','112','15','512','77',5),(438,'CLAVITO',291,'',291,'8','80','0,00','','80','12','71','9',11),(439,'COBERTURA DE CHOCOLATE',5815,'',5815,'8','15','19','13','2','15','11','2',13),(440,'COBERTURA DE CHOCOLATE BLANCO',204,'',204,'8','16','19','13','3','15','12','2',13),(441,'COCO DESHIDRATADO',3,'',2500,'8','19','19','16','3','12','14','2',11),(442,'COCOA AGRANEL',0,'0',0,'8','12','19','10','2','15','9','1',13),(443,'COCOA SUPERIOR CORONA X 100 GRAMOS',3,'',3,'13','2800','19','2353','447','15','2046','307',13),(444,'COCOA SUPERIOR CORONA X 230 GRAMOS',6,'',6,'13','5800','19','4874','926','15','4238','636',13),(445,'COLOR ARTIFICIAL LIQUIDO 7MM',7,'',7,'3','2500','19','2101','399','15','1827','274',13),(446,'COLOR ARTIFICIAL LIQUIDO GOTERO 60 ML',2,'',2,'3','9000','19','7563','1.437','15','6577','986',13),(447,'COLORANTE ARTIFI POTE CAROL AMARILLO HUEVO',0,'0',0,'15','10000','19','8403','1.597','15','7307','1096',13),(448,'COLORANTE ARTIFI POTE CAROL ROJO ESCARLATA',5,'',5,'19','10000','19','8403','1.597','12','7503','900',11),(449,'COLORANTE SOBRE AMARILLO HUEVO',27,'',27,'16','1300','19','1092','208','15','950','142',13),(450,'COLORANTE SOBRE ROJO ESCARLATA',20,'',20,'16','1300','19','1092','208','12','975','117',11),(451,'COLORISANTE ARTIFICIAL POTE FLOVER AMARILLO HUEVO',8,'15',23,'15','8500','19','7143','1.357','15','6211','932',13),(452,'COLORISANTE ARTIFICIAL POTE FLOVER ROJO ESCARLATA',24,'5',29,'19','8500','19','7143','1.357','12','6378','765',11),(453,'CONTENEDOR  32 ONZAS',0,'4',4,'13','7500','19','6303','1.197','20','5252','1050',8),(454,'CONTENEDOR 12 ONZAS',0,'26',26,'13','4200','19','3529','671','20','2941','588',8),(455,'CONTENEDOR 16 ONZAS',0,'20',20,'19','5200','19','4370','830','20','3641','728',8),(456,'CONTENEDOR 16 OZ',0,'0',0,'19','5200','19','4370','830','20','3641','728',8),(457,'CONTENEDOR 24 ONZAS CON TAPA',3,'56',0,'13','6500','19','5462','1.038','20','4552','910',8),(458,'CONTENEDOR 24 ONZAS SIN TAPA',0,'15',15,'19','6500','19','5462','1.038','20','4552','910',8),(459,'CONTENEDOR 24 X 15',0,'13',13,'13','5500','19','4622','878','20','3852','770',8),(460,'CONTENEDOR 32 ONZAS',0,'0',0,'19','7500','19','6303','1.197','20','5252','1050',8),(461,'CONTENEDOR 4 ONZAS CON TAPA',0,'0',0,'13','4200','19','3529','671','20','2941','588',8),(462,'CONTENEDOR 4 ONZAS SIN  TAPA',0,'0',0,'13','3200','19','2689','511','20','2241','448',8),(463,'COPA VENENCIANA',7,'',7,'13','9000','19','7563','1.437','20','6303','1261',8),(464,'COPAS BRINDIS',34,'',34,'13','6000','19','5042','958','15','4384','658',12),(465,'CREMA CHANTILLI SPRAY',3,'',3,'3','11800','19','9916','1.884','15','8623','1293',13),(466,'CREMA LECHE COLANTA 180 ML',0,'0',0,'2','2000','5','1905','95','15','1656','248',10),(467,'CREMA LECHE COLANTA 900 ML',0,'0',0,'2','9200','5','8762','438','15','7619','1143',10),(468,'CREMA LECHE COOLECHERA LITRO',0,'0',0,'2','0','5','0','0','15','0','0',10),(469,'CREMA LECHE COOLECHERA PEQUENA',0,'0',0,'2','0','5','0','0','15','0','0',10),(470,'CREMA LECHE PARMALAT 125 ML',9,'',9,'2','1600','5','1524','76','15','1325','199',10),(471,'CREMA LECHE PARMALT 900 ML',1,'',1,'2','9200','5','8762','438','15','7619','1143',10),(472,'CUBIERTOS FRESH ',37,'',37,'13','250','19','210','40','20','175','35',8),(473,'CUCHARA CHEF CHOY',0,'0',0,'13','2900','19','2437','463','20','2031','406',8),(474,'CUCHARA HELADO',0,'0',0,'13','1700','19','1429','271','20','1190','238',8),(475,'CUCHARA PEQUENA',4,'50',54,'13','1700','19','1429','271','20','1190','238',8),(476,'CUCHARA TAMI X 100',9,'',9,'13','3800','19','3193','607','20','2661','532',8),(477,'CUCHARA TIDY',0,'21',21,'13','2900','19','2437','463','20','2031','406',8),(478,'CUCHARA X 20 UNIDADES',12,'',12,'13','1000','19','840','160','20','700','140',8),(479,'CUCHILLO CHEF CHOY',0,'0',0,'13','2900','19','2437','463','20','2031','406',8),(480,'CUCHILLO TAMI X100',7,'',7,'13','3800','19','3193','607','20','2661','532',8),(481,'CUCHILLO TIDY  X 100',0,'9',9,'13','2900','19','2437','463','20','2031','406',8),(482,'CUCHILLO X 20 UNIDADES ',0,'0',0,'13','1000','19','840','160','20','700','140',8),(483,'CUMPLE METALICO',2,'',2,'19','5000','19','4202','798','15','3654','548',12),(484,'DOMO 4 ONZAS',16,'',16,'19','150','19','126','24','20','105','21',8),(485,'DOMO CUADRADO 1/2LB',0,'0',0,'19','1700','19','1429','271','20','1190','238',8),(486,'DOMO CUADRADO 1LB',37,'',37,'19','2700','19','2269','431','20','1891','378',8),(487,'DOMO REDONDO 1/2LB',0,'0',0,'19','1400','19','1176','224','20','980','196',8),(488,'DOMO REDONDO 2LB',0,'0',0,'19','2800','19','2353','447','20','1961','392',8),(489,'DOMO TAPA MEDIA',0,'0',0,'19','350','19','294','56','20','245','49',8),(490,'DURAZNO MITADE',6,'',6,'19','6500','19','5462','1.038','12','4877','585',11),(491,'ESEN JUNIOR 500',22,'',22,'19','1800','19','1513','287','12','1351','162',11),(492,'ESENCIA ASTEKA',0,'0',0,NULL,'7500','19','6303','1.197','12','5627','675',11),(493,'ESENCIA ASTEKA AL MENUDEO',0,'0',0,NULL,'500','19','420','80','12','375','45',11),(494,'ESENCIA CAROLESEN',1,'',1,'19','8000','19','6723','1.277','12','6002','720',11),(495,'ESENCIA DELIAROMAS',9,'',9,'19','8000','19','6723','1.277','12','6002','720',11),(496,'ESENCIA JUNIOR 250',107,'',107,'19','1000','19','840','160','12','750','90',11),(497,'ESENCIA PEQUENA 85 GRAMOS',23,'',23,'3','2500','19','2101','399','15','1827','274',13),(498,'ESENCIA PRODIA',0,'87',87,'19','9500','19','7983','1.517','12','7128','855',11),(499,'ESENCIA PRODIA AL MENUDEO',5,'',5293,'21','8','19','7','1','12','6','1',11),(500,'ESENCIA PRODISA 500 GRAMOS',27,'53',80,'3','7500','19','6303','1.197','15','5480','822',13),(501,'FECULA MAIZ',48,'',47790,'8','3','19','3','1','12','2','0',11),(502,'FELIZ CUMPLEANOS',4,'',4,'19','5000','19','4202','798','15','3654','548',12),(503,'FRUTA CRISTALIZADA',10,'',10000,'8','7','19','6','1','12','6','1',11),(504,'GALLETA TRITURADA OREO',443,'',443,'8','19','19','16','3','12','14','2',11),(505,'GALLETA TRITURADA ZULTANA',663,'',663,'8','19','19','16','3','12','14','2',11),(506,'GEL PINA  KILO',11,'7',18,'2','3300','19','2773','527','15','2411','362',14),(507,'GEL PINA  LIBRA',14,'',14,'2','2000','19','1681','319','15','1461','219',14),(508,'GEL PINA BOLSON',0,'0',0,'2','10200','19','8571','1.629','15','7453','1118',14),(509,'GEL PINA X 250',20,'',20,'2','1500','19','1261','239','15','1096','164',14),(510,'GELATINA CON SABOR CAJITA',135,'',135,'19','19','19','16','3','12','14','2',11),(511,'GELATINA CON SABOR SUELTA',25,'',25000,'8','12','19','10','2','12','9','1',11),(512,'GELATINA SIN SABOR CAJITA',43,'',43,'19','1200','19','1008','192','12','900','108',11),(513,'GELATINA SIN SABOR SUELTA',0,'0',0,'9','19','19','16','3','12','14','2',11),(514,'GLASE CAROLESA KILO',1,'',1,'19','6000','19','5042','958','12','4502','540',11),(515,'GLASE CONI KILO',0,'0',0,'19','7000','19','5882','1.118','12','5252','630',11),(516,'GLASE LA BUGUENA',3,'',3,'19','6000','19','5042','958','12','4502','540',11),(517,'GLASE PRODISA',38,'',38,'2','5500','19','4622','878','15','4019','603',13),(518,'GLOBOS FELIZ CUMPLEANOS',0,'0',0,'19','2500','19','2101','399','15','1827','274',12),(519,'GRAGEA CHOCO',0,'0',0,'8','17','19','14','3','12','13','2',11),(520,'GRAGEA COLOR X 125 GRAMOS',0,'0',0,'2','1300','19','1092','208','15','950','142',13),(521,'GRAGEA COLOR X 500 GRAMOS',23,'',23,'2','4000','19','3361','639','15','2923','438',13),(522,'GRAGEAS 125 GRAMOS',0,'0',0,'19','1400','19','1176','224','12','1050','126',11),(523,'GRAGEAS 500 GRAMOS',7,'',7,'19','4700','19','3950','750','12','3526','423',11),(524,'GRASA ECONOMICA',60,'',60000,'8','4','19','3','1','12','3','0',11),(525,'GRASA REPOST',30,'',30000,'8','5','19','5','1','12','4','0',11),(526,'GUANTES',84,'',84,'13','2400','19','2017','383','20','1681','336',8),(527,'HARINA NORMAL',245,'',244666,'8','2','19','1','0','12','1','0',11),(528,'HARINA PAN',21,'',21,'19','1600','19','1345','255','15','1169','175',7),(529,'HARINA REPOSTERA',51,'',50714,'8','2','19','2','0','12','2','0',11),(530,'HOJALDRE',0,'0',0,'11','2800','19','2353','447','12','2101','252',11),(531,'HUEVO UNIDAD',20,'',20,'19','330','0,00','','330','12','295','35',11),(532,'HUEVOS CARTON',6,'',6,'19','9400','0,00','','9.400','12','8393','1007',11),(533,'HY-VOL',349,'',349,'8','52','19','44','8','12','39','5',11),(534,'J1',0,'2187',2187,'19','200','19','168','32','20','140','28',8),(535,'J2',0,'1111',1111,'19','200','19','168','32','20','140','28',8),(536,'JAMON AHUMADO SANTA CRUZ',0,'0',0,'13','7000','19','5882','1.118','12','5252','630',6),(537,'JAMON CAFRISAN 500 GRAMOS',0,'0',0,'13','6500','19','5462','1.038','12','4877','585',6),(538,'JAMON CAFRISAN X 250 GRAMOS',12,'',12,'13','3400','19','2857','543','12','2551','306',6),(539,'JAMON CAFRISAN X 500 GRAMOS',0,'0',0,'13','6500','19','5462','1.038','12','4877','585',6),(540,'JAMON COS SANTA CRUZ',0,'0',0,'13','7200','19','6050','1.150','12','5402','648',6),(541,'JAMON CUNIT X 21',1,'',1,'13','6700','19','5630','1.070','12','5027','603',6),(542,'JAMON CUNIT X 30 ',30,'',30,'13','8700','19','7311','1.389','12','6528','783',6),(543,'JAMON DAN',4,'',4,'13','7000','19','5882','1.118','12','5252','630',6),(544,'JAMON PARICIEN',0,'0',0,'13','6500','19','5462','1.038','12','4877','585',6),(545,'JUGO CALIFORNIA NECTAR 215 ML',0,'0',0,'3','1300','19','1092','208','15','950','142',5),(546,'JUGO PETIT 330 ML',24,'',24,'3','1500','19','1261','239','15','1096','164',5),(547,'K1 ',0,'155',155,'19','180','19','151','29','20','126','25',8),(548,'LECHE CAMPO ADELA 1LT',49,'',49,'2','2000','5','1905','95','15','1656','248',10),(549,'LECHE EVAPORIZADA GLORIA',22,'',22,'10','5500','19','4622','878','15','4019','603',13),(550,'LECHE KLAFREN 1/2 LITRO',35,'',35,'2','1200','5','1143','57','15','994','149',10),(551,'LECHE KLAREN 200 ML',19,'',19,'2','900','5','857','43','15','745','112',10),(552,'LECHE POLVO',21,'',21148,'8','13','19','11','2','12','10','1',11),(553,'LECHESAN 1 LT',8,'',8,'2','2200','5','2095','105','15','1822','273',10),(554,'LEVADURA FRESCA',0,'0',0,'19','3200','19','2689','511','12','2401','288',11),(555,'LEVADURA POLVO',7,'',7000,'8','7','19','6','1','12','5','1',11),(556,'LINAZA',0,'0',0,'8','25','0,00','','25','12','22','3',11),(557,'LLUVIA CHOCO',3,'',3000,'8','19','19','16','3','12','14','2',11),(558,'MAIZ TIERNO CHEF CHOICE 2840 GRAMOS',7,'',7,'10','17000','19','14286','2.714','20','11905','2381',7),(559,'MAIZ TIERNO CHEF CHOICE 340 GRAMOS',20,'',20,'10','2700','19','2269','431','20','1891','378',7),(560,'MAIZ TIERNO SELECTO 432',0,'0',0,'10','3700','19','3109','591','20','2591','518',7),(561,'MANGUERA CUNIT X 12',24,'',24,'13','11500','19','9664','1.836','12','8628','1035',6),(562,'MANGUERA DELICHICK X 6',69,'',69,'13','4900','19','4118','782','12','3676','441',6),(563,'MANGUERA DON VITO',10,'',10,'13','14200','19','11933','2.267','12','10654','1279',6),(564,'MANGUERA MANA X 17',6,'',6,'13','13500','19','11345','2.155','12','10129','1215',6),(565,'MANGUERA SALSAN',3,'',3,'13','15800','19','13277','2.523','12','11855','1423',6),(566,'MANI TRITURADO',2,'',1600,'8','16','19','13','3','12','12','1',11),(567,'MANTEL DE FIESTA',0,'0',0,'19','3500','19','2941','559','15','2558','384',12),(568,'MANTEQUILLA DAGUSTO',2,'',2,'19','1500','19','1261','239','12','1125','135',11),(569,'MANTEQUILLA LA FINA 50 GRAMOS',19,'',19,'1','700','5','667','33','15','580','87',10),(570,'MANTEQUILLA LA GUSTO 125 GRAMOS',2,'',2,'1','1000','5','952','48','15','828','124',10),(571,'MANZANILLA',0,'0',0,'8','0','0,00','','0','12','0','0',11),(572,'MAYONESA CHEY CHOICE',22,'',22,'17','31500','19','26471','5.029','15','23018','3453',14),(573,'MAYONESA ECONOMICA SAUCE',2,'',2,'17','28000','19','23529','4.471','15','20460','3069',14),(574,'MIEL DE AVEJA',21,'',21,'3','2900','19','2437','463','15','2119','318',7),(575,'MOLDE BASE PUDIN ',0,'0',0,'19','10500','19','8824','1.676','15','7673','1151',13),(576,'MOLDE LASANA ALUMINIO REDONDA CON TAPA',41,'',41,'13','2000','19','1681','319','20','1401','280',8),(577,'MOLDE LASANA CARTA',89,'',89,'19','2000','19','1681','319','20','1401','280',8),(578,'MOLDE LASANA JUNIOR',28,'',28,'19','250','19','210','40','20','175','35',8),(579,'MOLDE LASANA MEDIANO ',6,'',6,'19','700','19','588','112','20','490','98',8),(580,'MOLDE LASANA PERSONAL',410,'',410,'19','500','19','420','80','20','350','70',8),(581,'MOLDE LASANA ROSTER',26,'',26,'19','3800','19','3193','607','20','2661','532',8),(582,'MOLDE REDONDO ALUMINIO 5 ONZAS ',0,'0',0,'13','500','19','420','80','20','350','70',8),(583,'MOLDE TORTA ALUMINIO',0,'0',0,'19','0','19','0','0','12','0','0',11),(584,'MOLDES CHOCOLATE',0,'0',0,'19','11000','19','9244','1.756','15','8038','1206',13),(585,'MORTADELA  CUNIT X 18 MEDIA LIBRA',14,'',14,'13','4000','19','3361','639','12','3001','360',6),(586,'MORTADELA CAFRISAN X 250 GRAMOS',0,'0',0,'13','3200','19','2689','511','12','2401','288',6),(587,'MORTADELA CAFRISAN X 500 GRAMOS',0,'0',0,'13','5500','19','4622','878','12','4127','495',6),(588,'MORTADELA CUNIT 250 X 18 ',14,'',14,'13','3700','19','3109','591','12','2776','333',6),(589,'MORTADELA CUNIT X 11',12,'',12,'13','2600','19','2185','415','12','1951','234',6),(590,'MORTADELA CUNIT X 15',0,'0',0,'13','','19','0','0','12','0','0',6),(591,'MORTALEDA AHUMADA SALSAN',0,'0',0,'13','7000','19','5882','1.118','12','5252','630',6),(592,'NUEZ MOSCADA',30,'',30,'19','700','19','588','112','12','525','63',11),(593,'NUMEROS INFLABLES',9,'',9,'19','2500','19','2101','399','15','1827','274',12),(594,'OREGANO',241,'',241,'8','19','0,00','','19','12','17','2',11),(595,'P1',0,'0',0,'19','250','19','210','40','20','175','35',8),(596,'P3',0,'130',130,'19','250','19','210','40','20','175','35',8),(597,'PACA DE AGUA CRISTALINA',0,'0',0,'12','6000','19','5042','958','15','4384','658',5),(598,'PALICHUZO DELGADO',41,'',41,'13','2100','19','1765','335','20','1471','294',8),(599,'PALICHUZO GRUESO',20,'20',40,'13','2500','19','2101','399','20','1751','350',8),(600,'PALILLO DIENTE',69,'',69,'13','600','19','504','96','20','420','84',8),(601,'PALILLO HAMBURQUESA',74,'',74,'13','1000','19','840','160','20','700','140',8),(602,'PALILLOS COLORES',1,'',1,'13','1000','19','840','160','15','731','110',12),(603,'PALO PALETA',17,'',17,'13','900','19','756','144','12','675','81',11),(604,'PAN HAMBURGUESA',14,'',14,'13','2800','19','2353','447','20','1961','392',7),(605,'PAN MINI',16,'',16,'13','2300','19','1933','367','20','1611','322',7),(606,'PAN SUPER',41,'',41,'13','4000','19','3361','639','20','2801','560',7),(607,'PAPA FRANCESA BLISS',0,'0',0,'2','12000','19','10084','1.916','20','8403','1681',7),(608,'PAPA FRANCESA CRONS',0,'0',0,'2','12000','19','10084','1.916','20','8403','1681',7),(609,'PAPA FRANCESA CUALITY',12,'',12,'2','12000','19','10084','1.916','20','8403','1681',7),(610,'PAPA FRANCESA MINIBEL',0,'0',0,'2','13000','19','10924','2.076','20','9104','1821',7),(611,'PAPAS FRANCESA FANFRI',1,'',1,'2','12000','19','10084','1.916','20','8403','1681',7),(612,'PAPEL  ALUMINIO 100MTS',9,'',9,'19','17000','19','14286','2.714','20','11905','2381',8),(613,'PAPEL  ALUMINIO 40MTS',20,'',20,'19','7200','19','6050','1.150','20','5042','1008',8),(614,'PAPEL  ALUMINIO 7 MTS',36,'',36,'19','2200','19','1849','351','20','1541','308',8),(615,'PAPEL ALUMINIO 21 MTS',24,'',24,'19','4600','19','3866','734','20','3221','644',8),(616,'PAPEL ALUMINIO X 300 MTS',0,'0',0,'13','49000','19','41176','7.824','20','34314','6863',8),(617,'PAPEL ANTIGRASO',16,'',16,'13','10500','19','8824','1.676','15','7673','1151',14),(618,'PAPEL PELICULA 20 MTS',0,'0',0,'19','2600','19','2185','415','20','1821','364',8),(619,'PAPEL PELICULA 30 MTS',42,'24',66,'19','3400','19','2857','543','20','2381','476',8),(620,'PAPEL PELICULA 60MTS',33,'',33,'19','4400','19','3697','703','20','3081','616',8),(621,'PASTA TOMATE KILO',7,'',7,'3','6800','19','5714','1.086','15','4969','745',14),(622,'PEPERONI PRECOCIDO PARISIEN',2,'',2,'13','15000','19','12605','2.395','12','11255','1351',6),(623,'PEPINILLO GRANDE',80,'',80,'10','3900','19','3277','623','20','2731','546',7),(624,'PEPINILLO PEQUENO',4,'',4,'19','7000','19','5882','1.118','20','4902','980',7),(625,'PEPINILLO POTE',0,'0',0,'15','3000','19','2521','479','20','2101','420',7),(626,'PIMIENTA OLOR',0,'0',0,'19','0','0,00','','0','12','0','0',11),(627,'PINA TROCITO KILO',8,'',8,'2','3900','19','3277','623','15','2850','427',14),(628,'PINZA PARA PANADERIA GRANDE',5,'',5,'19','12000','19','10084','1.916','15','8769','1315',13),(629,'PINA TROCITO GALON',1,'',1,'6','15600','19','13109','2.491','15','11399','1710',14),(630,'PITILLO BLANCO',76,'',76,'13','300','19','252','48','20','210','42',8),(631,'PITILLO FORRADO',41,'53',94,'13','1500','19','1261','239','20','1050','210',8),(632,'PITILLO FRESK',23,'18',41,'13','700','19','588','112','20','490','98',8),(633,'PITILLO GRUESO',0,'50',50,'13','700','19','588','112','20','490','98',8),(634,'PITILLO PUNTA PERFORADORA',4,'0',4,'13','1500','19','1261','239','20','1050','210',8),(635,'PLATO N.12',40,'9',49,'13','1500','19','1261','239','20','1050','210',8),(636,'PLATO N.15',22,'34',56,'13','1500','19','1261','239','20','1050','210',8),(637,'PLATO N.18',33,'24',57,'13','1800','19','1513','287','20','1261','252',8),(638,'PLATO N.20',10,'96',106,'13','2400','19','2017','383','20','1681','336',8),(639,'PLATO N.23',12,'54',66,'13','2600','19','2185','415','20','1821','364',8),(640,'PLATO N.26',22,'32',54,'13','3200','19','2689','511','20','2241','448',8),(641,'PLATO OVALADA N.16',7,'',7,'13','2300','19','1933','367','20','1611','322',8),(642,'PLATO OVALADO N.19 ',17,'10',27,'13','3700','19','3109','591','20','2591','518',8),(643,'PLATO OVALADO P3',0,'10',10,'13','3700','19','3109','591','20','2591','518',8),(644,'PLATO SOPERO 25 0NZAS',0,'41',41,'13','3700','19','3109','591','20','2591','518',8),(645,'POLVO HORNEAR',4,'',4000,'8','6','19','5','1','12','4','1',11),(646,'PONNY MINI PACA',0,'0',0,'12','','19','0','0','15','0','0',5),(647,'PONNY MINI UNIDAD',0,'0',0,'3','1000','19','840','160','15','731','110',5),(648,'PORTA PERRO X 100 UNIDADES',18,'10',28,'13','70','19','59','11','20','49','10',7),(649,'PRACTIPASTA X 450 GRAMOS',8,'',8,'19','3100','19','2605','495','12','2326','279',11),(650,'PRACTIPASTA X 560 GRAMOS',13,'',13,'19','3400','19','2857','543','12','2551','306',11),(651,'QUESO CREMA 150 GRAMOS',4,'',4,'17','2500','5','2381','119','15','2070','311',10),(652,'QUESO CREMA X 230',1,'',1,'17','3600','5','3429','171','15','2981','447',10),(653,'QUESO CREMA X 400',4,'',4,'17','6000','5','5714','286','15','4969','745',10),(654,'QUESO DURO RECORTE',3,'',3,'9','10000','19','8403','1.597','20','7003','1401',7),(655,'QUESO DURO X KILO',12,'',12,'9','16000','19','13445','2.555','20','11204','2241',7),(656,'QUESO MOZARELLA  X 10  LONCHAS',0,'0',0,'13','3600','5','3429','171','15','2981','447',10),(657,'QUESO MOZARRELA X 20 LONCHAS',15,'',15,'13','7200','5','6857','343','15','5963','894',10),(658,'QUESO MOZZARELA  ESTANSUELITA BLOQUE',0,'0',0,'22','33000','5','31429','1.571','15','27329','4099',10),(659,'QUESO MOZZARELA  MANANTIAL BLOQUE ',0,'0',0,'8','32000','5','30476','1.524','15','26501','3975',10),(660,'QUESO MOZZARELA TAJADO SUIZO',10,'',10,'13','34000','5','32381','1.619','15','28157','4224',10),(661,'QUESO PARMESANO COLANTA GRANDE',2,'',2,'13','7800','5','7429','371','15','6460','969',10),(662,'QUESO PARMESANO COLANTA PEQUENO',1,'',1,'13','2800','5','2667','133','15','2319','348',10),(663,'QUESO SUIZO BLOQUE',8,'',8,'19','33000','5','31429','1.571','15','27329','4099',10),(664,'QUESO SUIZO BLOQUE MENUDEADO',4598,'',4598,'8','14','5','13','1','15','12','2',10),(665,'SABORIZANTE 60ML',3,'',3,'3','2500','19','2101','399','15','1827','274',13),(666,'SAL CRISTAL',56,'',56,'19','400','19','336','64','12','300','36',11),(667,'SALAMI',0,'0',0,'13','7200','19','6050','1.150','12','5402','648',6),(668,'SALCHI DELIC X 26',91,'',91,'13','7300','19','6134','1.166','12','5477','657',6),(669,'SALCHICHA CUNIT X 14',18,'',18,'13','22500','19','18908','3.592','12','16882','2026',6),(670,'SALCHICHA DELICK X 16',0,'0',0,'13','15500','19','13025','2.475','12','11630','1396',6),(671,'SALCHICHA MINI CAFRISAN X 10',0,'0',0,'13','3200','19','2689','511','12','2401','288',6),(672,'SALCHICHA MINI CAFRISAN X 20',4,'',4,'13','6200','19','5210','990','12','4652','558',6),(673,'SALCHICHA RANCHERA SUPER X 7',10,'',10,'13','13600','19','11429','2.171','12','10204','1224',6),(674,'SALCHICHA RANCHERA X 2',2,'',2,'13','2400','19','2017','383','12','1801','216',6),(675,'SALCHICHA RANCHERA X 3',1,'',1,'13','2500','19','2101','399','12','1876','225',6),(676,'SALCHICHA RANCHERA X 5',0,'0',0,'13','3600','19','3025','575','12','2701','324',6),(677,'SALCHICHA RICA VIENA',13,'',13,'10','2600','19','2185','415','12','1951','234',6),(678,'SALCHICHA ROSTER X 26',20,'',20,'13','7300','19','6134','1.166','12','5477','657',6),(679,'SALCHICHA ZENU AMERICANA X 2',3,'',3,'13','3200','19','2689','511','12','2401','288',6),(680,'SALCHICHON CERVECERO CUNIT',0,'0',0,'19','14000','19','11765','2.235','12','10504','1261',6),(681,'SALCHICHON DON VITO CERVECERO',0,'0',0,'19','5500','19','4622','878','12','4127','495',6),(682,'SALCHICHON DON VITO CORRIENTE',0,'0',0,'19','3500','19','2941','559','12','2626','315',6),(683,'SALCHICHON MANA CERVECERO 1300 GRAMOS',1,'',1,'19','6000','19','5042','958','12','4502','540',6),(684,'SALCHICHON MANA CERVECERO 900 GRAMOS',0,'0',0,'19','5500','19','4622','878','12','4127','495',6),(685,'SALCHICHON MANA ECO CORRIENTE',0,'0',0,'19','3300','19','2773','527','12','2476','297',6),(686,'SALSA  TOMATE 250 GRAMOS',15,'39',54,'2','1500','19','1261','239','15','1096','164',14),(687,'SALSA ADOBA CARNE',0,'4',4,'3','3000','19','2521','479','15','2192','329',14),(688,'SALSA BBQ 1000 CM3 ',1,'',1,'3','5000','19','4202','798','15','3654','548',14),(689,'SALSA BBQ 180 GRAMOS',6,'',6,'3','1700','19','1429','271','15','1242','186',14),(690,'SALSA BBQ 250 GRAMOS',0,'0',0,'2','1700','19','1429','271','15','1242','186',14),(691,'SALSA BBQ 3800 CM3',2,'',2,'3','17500','19','14706','2.794','15','12788','1918',14),(692,'SALSA BBQ BOLSON',6,'',6,'2','17000','19','14286','2.714','15','12422','1863',14),(693,'SALSA BBQ GALON',2,'',2,'6','17400','19','14622','2.778','15','12715','1907',14),(694,'SALSA BBQ KILO',11,'',11,'2','5000','19','4202','798','15','3654','548',14),(695,'SALSA CARNES 180 GRAMOS',20,'',20,'3','1500','19','1261','239','15','1096','164',14),(696,'SALSA DE AJO',0,'0',0,'2','2500','19','2101','399','15','1827','274',14),(697,'SALSA DE TOMATE DORIA 200 GRAMOS',4,'',4,'16','3200','19','2689','511','15','2338','351',14),(698,'SALSA DE TOMATE GALON',5,'',5,'6','14500','19','12185','2.315','15','10596','1589',14),(699,'SALSA INGLESA ',13,'',13,'3','1600','19','1345','255','15','1169','175',14),(700,'SALSA INGLESA JUNIOR',6,'',6,'3','1700','19','1429','271','15','1242','186',14),(701,'SALSA MAYONESA BOLSON',5,'',5,'2','15600','19','13109','2.491','15','11399','1710',14),(702,'SALSA MAYONESA KILO',17,'3',20,'2','4800','19','4034','766','15','3507','526',14),(703,'SALSA MAYONESA POMPEYA BOLSON',14,'',14,'23','15000','19','12605','2.395','15','10961','1644',14),(704,'SALSA MAYONESA SELECTO',1,'',1,'6','34500','19','28992','5.508','15','25210','3782',14),(705,'SALSA MAYONESA X 250',25,'',25,'2','1700','19','1429','271','15','1242','186',14),(706,'SALSA MAYONESA X 500',11,'',11,'2','2700','19','2269','431','15','1973','296',14),(707,'SALSA MAYOSENA CHEF',22,'',22,'6','31500','19','26471','5.029','15','23018','3453',14),(708,'SALSA MAYOSENA KARI',0,'0',0,'6','34500','19','28992','5.508','15','25210','3782',14),(709,'SALSA MAYOSENA MIXTER',13,'',13,'6','29500','19','24790','4.710','15','21556','3233',14),(710,'SALSA MOSTAZA 250',9,'13',22,'2','1600','19','1345','255','15','1169','175',14),(711,'SALSA MOSTAZA BOLSON',0,'0',0,'2','12000','19','10084','1.916','15','8769','1315',14),(712,'SALSA MOSTAZA KILO',0,'0',0,'2','3200','19','2689','511','15','2338','351',14),(713,'SALSA MOSTAZA LIBRA',6,'7',13,'2','2000','19','1681','319','15','1461','219',14),(714,'SALSA MOSTAZA POMPEYA BOLSON',0,'0',0,'23','11000','19','9244','1.756','15','8038','1206',14),(715,'SALSA NEGRA 1000 CM3',0,'0',0,'3','2500','19','2101','399','15','1827','274',14),(716,'SALSA NEGRA 3000 CM3',3,'',3,'3','3800','19','3193','607','15','2777','417',14),(717,'SALSA NEGRA 3800 CM3',5,'',5,'3','5500','19','4622','878','15','4019','603',14),(718,'SALSA NEGRA 500 CM3',0,'0',0,'3','1200','19','1008','192','15','877','132',14),(719,'SALSA NEGRA JUNIOR X 170 ML',7,'',7,'3','1000','19','840','160','15','731','110',14),(720,'SALSA NEGRA LA JUNIORISTA GRANDE',14,'',14,'3','1500','19','1261','239','15','1096','164',14),(721,'SALSA NEGRA LA JUNIORISTA PEQUENA',10,'',10,'3','1000','19','840','160','15','731','110',14),(722,'SALSA NEGRA X 170 ML',0,'0',0,'3','1300','19','1092','208','15','950','142',14),(723,'SALSA ROSADA 250',10,'',10,'2','1700','19','1429','271','15','1242','186',14),(724,'SALSA ROSADA BOLSON',14,'',14,'2','17000','19','14286','2.714','15','12422','1863',14),(725,'SALSA ROSADA KILO',13,'',13,'2','5000','19','4202','798','15','3654','548',14),(726,'SALSA ROSADA LIBRA',4,'',4,'2','2700','19','2269','431','15','1973','296',14),(727,'SALSA SOYA 1000 CM3',5,'',5,'3','4800','19','4034','766','15','3507','526',14),(728,'SALSA SOYA 180 GRAMOS',0,'0',0,'3','1600','19','1345','255','15','1169','175',14),(729,'SALSA SOYA 3000 CM3',0,'0',0,'3','4300','19','3613','687','15','3142','471',14),(730,'SALSA SOYA 3800 CM3',3,'',3,'3','12000','19','10084','1.916','15','8769','1315',14),(731,'SALSA SOYA JUNIOR 180 GRAMOS',5,'',5,'3','1700','19','1429','271','15','1242','186',14),(732,'SALSA TARTARA 250',8,'',8,'2','1800','19','1513','287','15','1315','197',14),(733,'SALSA TARTARA BOLSON',0,'0',0,'2','17000','19','14286','2.714','15','12422','1863',14),(734,'SALSA TARTARA KILO',3,'16',19,'2','5000','19','4202','798','15','3654','548',14),(735,'SALSA TARTARA LIBRA',11,'',11,'2','2800','19','2353','447','15','2046','307',14),(736,'SALSA TOMATE BOLSON',14,'4',18,'2','12400','19','10420','1.980','15','9061','1359',14),(737,'SALSA TOMATE KILO',10,'15',25,'2','3800','19','3193','607','15','2777','417',14),(738,'SALSA TOMATE LIBRA',20,'18',38,'2','2000','19','1681','319','15','1461','219',14),(739,'SALSA TOMATE POMPEYA BOLSON',7,'',7,'23','10500','19','8824','1.676','15','7673','1151',14),(740,'SALSA TOMATE SABROSISIMA GALON',8,'',8,'6','17000','19','14286','2.714','15','12422','1863',14),(741,'SERPENTINAS',0,'0',0,'19','2000','19','1681','319','15','1461','219',12),(742,'SERVILLETA MIA 200',0,'72',72,'19','1400','19','1176','224','20','980','196',8),(743,'SERVILLETA NUBE 320',0,'0',0,'19','2400','19','2017','383','20','1681','336',8),(744,'SERVILLETA POPULAR 150',0,'0',0,'19','1400','19','1176','224','20','980','196',8),(745,'SERVILLETA SNUGGY',0,'0',0,'19','1400','19','1176','224','20','980','196',8),(746,'SOFLE POSTRE',0,'0',0,'19','150','19','126','24','20','105','21',8),(747,'SPEED MAXX',0,'0',0,'3','1000','19','840','160','15','731','110',5),(748,'STICK DECORABLES',10,'',10,'19','2200','19','1849','351','15','1608','241',12),(749,'SUERO KLAREN 200 GRAMOS',2,'',2,'2','3300','5','3143','157','15','2733','410',10),(750,'SUERO KLAREN PICANTE 200 GRAMOS',4,'',4,'2','3500','5','3333','167','15','2899','435',10),(751,'SUIZA CUNIT UND',2,'',2,'19','3200','19','2689','511','12','2401','288',6),(752,'SUIZA CUNIT X 8',44,'',44,'13','23000','19','19328','3.672','12','17257','2071',6),(753,'SUIZA DAN UNIDAD',4,'',4,'19','2800','19','2353','447','12','2101','252',6),(754,'SUIZA DAN X 8',11,'',11,'13','20000','19','16807','3.193','12','15006','1801',6),(755,'SUIZA PARISIEN UNIDAD',0,'0',0,'13','3000','19','2521','479','12','2251','270',6),(756,'SUIZA PROPIA UNIDAD',5,'',5,'19','2600','19','2185','415','12','1951','234',6),(757,'SUIZA PROPIA X 8',1,'',1,'13','18500','19','15546','2.954','12','13881','1666',6),(758,'SUIZA X 4 PARISSIEN',9,'',9,'13','12000','19','10084','1.916','12','9004','1080',6),(759,'SUPER CHORIZO PARISIEN X 5',4,'',4,'13','','19','0','0','12','0','0',6),(760,'TAPA PLANA',102,'600',702,'19','330','19','277','53','20','231','46',8),(761,'TENEDOR CHEF CHOY',0,'0',0,'13','2900','19','2437','463','20','2031','406',8),(762,'TENEDOR TAMI',8,'',8,'13','3800','19','3193','607','20','2661','532',8),(763,'TENEDOR TIDY',0,'21',21,'13','2900','19','2437','463','20','2031','406',8),(764,'TENEDORES DE COLORES',11,'',11,'13','3000','19','2521','479','15','2192','329',12),(765,'TOCINETA 250',3,'',3,NULL,'0','19','0','0','12','0','0',6),(766,'TOCINETA 500',6,'',6,'13','10500','19','8824','1.676','12','7878','945',6),(767,'TOMILLO',253,'',253,'8','40','0,00','','40','12','36','4',11),(768,'TORTA CORONA',7,'',7,'19','7500','19','6303','1.197','15','5480','822',13),(769,'TORTA CORONA BROWNIES',1,'',1,'19','7500','19','6303','1.197','15','5480','822',13),(770,'TRIANGULITO POSTRE',0,'200',200,'19','250','19','210','40','20','175','35',8),(771,'UVAS PASAS',14,'',14288,'8','10','19','8','2','12','7','1',11),(772,'VASITO SALSERO',10,'',10,'13','5000','19','4202','798','20','3501','700',8),(773,'VASO 12 ONZAS',30,'60',90,'13','1400','19','1176','224','20','980','196',8),(774,'VASO 16 ONZAS X 25',0,'102',102,'13','3600','19','3025','575','20','2521','504',8),(775,'VASO 16 ONZAS X 50',0,'0',0,'13','3600','19','3025','575','20','2521','504',8),(776,'VASO 2.5 ONZAS',7,'156',163,'13','900','19','756','144','20','630','126',8),(777,'VASO 3.3 ONZAS',19,'5',24,'13','1500','19','1261','239','20','1050','210',8),(778,'VASO 5.5 ONZAS',24,'20',44,'13','1500','19','1261','239','20','1050','210',8),(779,'VASO 7 ONZAS X 25',41,'205',246,'13','800','19','672','128','20','560','112',8),(780,'VASO 7 X 50 ',0,'0',0,'13','1500','19','1261','239','20','1050','210',8),(781,'VASO 7 X 50 TUC',17,'41',58,'13','1600','19','1345','255','20','1120','224',8),(782,'VASO DE 10 ONZAS X 25',19,'31',50,'13','1300','19','1092','208','20','910','182',8),(783,'VASO ICOPOR 4 ONZAS CON TAPA',23,'',23,'13','4200','19','3529','671','20','2941','588',8),(784,'VASO ICOPOR 4 ONZAS SIN TAPA',26,'',26,'13','4200','19','3529','671','20','2941','588',8),(785,'VASO ICOPOR 6 ONZAS',0,'0',0,'13','4200','19','3529','671','20','2941','588',8),(786,'VASO PLASTICO 14 ONZAS X 25',12,'102',114,'13','1700','19','1429','271','20','1190','238',8),(787,'VASO PLASTICO 9 ONZAS',17,'167',184,'13','1200','19','1008','192','20','840','168',8),(788,'VASO RONERO',8,'9',17,'13','800','19','672','128','20','560','112',8),(789,'VASO SOPERO  16 ONZAS X 20',13,'42',55,'13','3600','19','3025','575','20','2521','504',8),(790,'VASO SOPERO 12 ONZAS',0,'63',63,'13','3200','19','2689','511','20','2241','448',8),(791,'VASO SOPERO 14 ONZAS',0,'0',0,'13','3400','19','2857','543','20','2381','476',8),(792,'VELA PALITO CUMPLEANOS',3,'',3,'13','4500','19','3782','718','15','3288','493',12),(793,'VELAS DE NUMERICAS',52,'',52,'19','900','19','756','144','15','658','99',12),(794,'VELAS VOLCANICAS',7,'',7,'19','1500','19','1261','239','15','1096','164',12),(795,'VINAGRE BALSAMICO',2,'',2,'3','12600','19','10588','2.012','15','9207','1381',7),(796,'VINAGRE BLANCO 1700 CM3',0,'0',0,'3','2500','19','2101','399','15','1827','274',14),(797,'VINAGRE BLANCO 3000CM3',0,'0',0,'3','3500','19','2941','559','15','2558','384',14),(798,'VINAGRE BLANCO 3800 CM3',4,'',4,'3','4500','19','3782','718','15','3288','493',14),(799,'VINAGRE BLANCO X 500 CM3',7,'15',22,'3','1000','19','840','160','15','731','110',14),(800,'VINAGRE BLANCO YA GRANDE',16,'',16,'3','4600','19','3866','734','15','3361','504',14),(801,'VINAGRE BLANCO YA PEQUENA',12,'12',24,'3','1200','19','1008','192','15','877','132',14),(802,'VINAGRE DE FRUTAS EL MANA',3,'',3,'3','1300','19','1092','208','15','950','142',14),(803,'VINAGRE DE FRUTAS JUNIOR',11,'',11,'3','1300','19','1092','208','15','950','142',14),(804,'VITINA',10,'',10000,'8','6','19','5','1','12','5','1',11),(805,'VITINA 20 X 500',13,'',13,'19','3200','19','2689','511','20','2241','448',7),(806,'VIVE 100 190 ML',2,'',2,'3','1000','19','840','160','15','731','110',5),(807,'VIVE 100 240 ML',18,'',18,'3','1500','19','1261','239','15','1096','164',5),(808,'VIVE 100 380 ML',4,'',4,'3','2000','19','1681','319','15','1461','219',5),(809,'YOGURT CEREAL KLARENS',0,'0',0,'20','1700','5','1619','81','15','1408','211',10),(810,'YOGURT COLANTA',1,'',1,'15','9000','5','8571','429','15','7453','1118',10),(811,'YOGURT KLARENS',22,'',22,'20','1500','5','1429','71','15','1242','186',10);
/*!40000 ALTER TABLE `articulos` ENABLE KEYS */;
UNLOCK TABLES;

--
-- Table structure for table `bank`
--

DROP TABLE IF EXISTS `bank`;
/*!40101 SET @saved_cs_client     = @@character_set_client */;
/*!40101 SET character_set_client = utf8 */;
CREATE TABLE `bank` (
  `id` bigint(20) NOT NULL AUTO_INCREMENT,
  `name` varchar(50) NOT NULL,
  `creation_date` timestamp NOT NULL DEFAULT CURRENT_TIMESTAMP ON UPDATE CURRENT_TIMESTAMP,
  `modify_date` timestamp NOT NULL DEFAULT CURRENT_TIMESTAMP ON UPDATE CURRENT_TIMESTAMP,
  `archived` bit(1) NOT NULL DEFAULT b'0',
  PRIMARY KEY (`id`)
) ENGINE=InnoDB AUTO_INCREMENT=7 DEFAULT CHARSET=utf8;
/*!40101 SET character_set_client = @saved_cs_client */;

--
-- Dumping data for table `bank`
--

LOCK TABLES `bank` WRITE;
/*!40000 ALTER TABLE `bank` DISABLE KEYS */;
INSERT INTO `bank` VALUES (1,'Bancolombia','2019-01-09 02:44:45','2019-01-09 02:44:45','\0'),(2,'Banco de Bogotá','2019-01-09 02:44:56','2019-01-09 02:44:56','\0'),(3,'Av Villas','2019-01-09 02:45:12','2019-01-09 02:45:14','\0'),(4,'Banco de Occidente','2019-01-09 02:45:32','2019-01-09 02:45:32','\0'),(5,'Banco Popular','2019-01-09 02:45:47','2019-01-09 02:45:47','\0'),(6,'Davivienda','2019-01-09 02:46:00','2019-01-09 02:46:00','\0');
/*!40000 ALTER TABLE `bank` ENABLE KEYS */;
UNLOCK TABLES;

--
-- Table structure for table `bank_account`
--

DROP TABLE IF EXISTS `bank_account`;
/*!40101 SET @saved_cs_client     = @@character_set_client */;
/*!40101 SET character_set_client = utf8 */;
CREATE TABLE `bank_account` (
  `id` bigint(20) NOT NULL AUTO_INCREMENT,
  `account_number` varchar(50) DEFAULT NULL,
  `type` varchar(20) DEFAULT NULL,
  `bank_id` bigint(20) DEFAULT NULL,
  `status` varchar(45) NOT NULL,
  `creation_date` timestamp NOT NULL DEFAULT CURRENT_TIMESTAMP ON UPDATE CURRENT_TIMESTAMP,
  `modify_date` timestamp NOT NULL DEFAULT CURRENT_TIMESTAMP ON UPDATE CURRENT_TIMESTAMP,
  `archived` bit(1) NOT NULL DEFAULT b'0',
  PRIMARY KEY (`id`),
  KEY `bank_account_bank_idx` (`bank_id`),
  CONSTRAINT `bank_account_bank` FOREIGN KEY (`bank_id`) REFERENCES `bank` (`id`)
) ENGINE=InnoDB AUTO_INCREMENT=4 DEFAULT CHARSET=utf8;
/*!40101 SET character_set_client = @saved_cs_client */;

--
-- Dumping data for table `bank_account`
--

LOCK TABLES `bank_account` WRITE;
/*!40000 ALTER TABLE `bank_account` DISABLE KEYS */;
INSERT INTO `bank_account` VALUES (1,'1234-5678-9012','SAVING',1,'ACTIVE','2019-01-21 07:44:11','2019-01-21 07:44:11','\0'),(2,'220','SAVING',1,'ACTIVE','2019-01-21 07:44:10','2019-01-21 07:44:10','\0'),(3,'810855205','COMMON',4,'ACTIVE','2019-01-21 07:44:11','2019-01-21 07:44:11','\0');
/*!40000 ALTER TABLE `bank_account` ENABLE KEYS */;
UNLOCK TABLES;

--
-- Table structure for table `brand`
--

DROP TABLE IF EXISTS `brand`;
/*!40101 SET @saved_cs_client     = @@character_set_client */;
/*!40101 SET character_set_client = utf8 */;
CREATE TABLE `brand` (
  `id` bigint(20) NOT NULL AUTO_INCREMENT,
  `code` varchar(45) NOT NULL,
  `name` varchar(100) NOT NULL,
  `creation_date` timestamp NOT NULL DEFAULT CURRENT_TIMESTAMP,
  `modify_date` timestamp NOT NULL DEFAULT CURRENT_TIMESTAMP,
  `archived` bit(1) NOT NULL DEFAULT b'0',
  PRIMARY KEY (`id`)
) ENGINE=InnoDB DEFAULT CHARSET=latin1;
/*!40101 SET character_set_client = @saved_cs_client */;

--
-- Dumping data for table `brand`
--

LOCK TABLES `brand` WRITE;
/*!40000 ALTER TABLE `brand` DISABLE KEYS */;
/*!40000 ALTER TABLE `brand` ENABLE KEYS */;
UNLOCK TABLES;

--
-- Table structure for table `cash_register_conciliation`
--

DROP TABLE IF EXISTS `cash_register_conciliation`;
/*!40101 SET @saved_cs_client     = @@character_set_client */;
/*!40101 SET character_set_client = utf8 */;
CREATE TABLE `cash_register_conciliation` (
  `id` bigint(20) NOT NULL AUTO_INCREMENT,
  `conciliation_date` date NOT NULL,
  `person_id` bigint(20) NOT NULL,
  `cash_register_number` varchar(45) DEFAULT NULL,
  `cash_base` decimal(16,2) DEFAULT NULL,
  `sales` decimal(16,2) DEFAULT NULL,
  `credit_collection` decimal(16,2) DEFAULT NULL,
  `remnant_sale` decimal(16,2) DEFAULT NULL,
  `general_expense` decimal(16,2) DEFAULT NULL,
  `supplier_payments_loan` decimal(16,2) DEFAULT NULL,
  `remnant_egress` decimal(16,2) DEFAULT NULL,
  `total_sale` decimal(16,2) DEFAULT NULL,
  `total_cash` decimal(16,2) DEFAULT NULL,
  `total_egress` decimal(16,2) DEFAULT NULL,
  `total_credit` decimal(16,2) DEFAULT NULL,
  `supplier_payments` decimal(16,2) DEFAULT NULL,
  `cash_register_borrow` decimal(16,2) DEFAULT NULL,
  `balance` decimal(16,2) DEFAULT NULL,
  `comments` varchar(200) DEFAULT NULL,
  `creation_date` timestamp NULL DEFAULT CURRENT_TIMESTAMP ON UPDATE CURRENT_TIMESTAMP,
  `modify_date` timestamp NULL DEFAULT CURRENT_TIMESTAMP ON UPDATE CURRENT_TIMESTAMP,
  `archived` bit(1) DEFAULT b'0',
  PRIMARY KEY (`id`),
  KEY `conciliation_date_person_idx` (`person_id`,`conciliation_date`),
  CONSTRAINT `conciliation_person` FOREIGN KEY (`person_id`) REFERENCES `person` (`id`) ON DELETE NO ACTION ON UPDATE NO ACTION
) ENGINE=InnoDB AUTO_INCREMENT=24 DEFAULT CHARSET=latin1;
/*!40101 SET character_set_client = @saved_cs_client */;

--
-- Dumping data for table `cash_register_conciliation`
--

LOCK TABLES `cash_register_conciliation` WRITE;
/*!40000 ALTER TABLE `cash_register_conciliation` DISABLE KEYS */;
INSERT INTO `cash_register_conciliation` VALUES (1,'2019-03-13',20,NULL,100000.00,0.00,500.00,0.00,0.00,0.00,0.00,500.00,500.00,0.00,0.00,NULL,NULL,NULL,NULL,'2019-03-16 16:43:15','2019-03-16 16:43:15','\0'),(2,'2019-03-13',20,NULL,100000.00,0.00,500.00,0.00,0.00,0.00,0.00,500.00,500.00,0.00,0.00,NULL,NULL,NULL,NULL,'2019-03-16 16:43:15','2019-03-16 16:43:15','\0'),(3,'2019-03-13',20,NULL,100000.00,0.00,500.00,0.00,0.00,0.00,0.00,500.00,500.00,0.00,0.00,NULL,NULL,NULL,NULL,'2019-03-16 16:43:30','2019-03-16 16:43:30','\0'),(4,'2019-03-13',20,NULL,100000.00,0.00,500.00,0.00,0.00,0.00,0.00,500.00,500.00,0.00,0.00,NULL,NULL,NULL,NULL,'2019-03-16 16:43:30','2019-03-16 16:43:30','\0'),(5,'2019-03-13',20,NULL,100000.00,0.00,500.00,0.00,0.00,0.00,0.00,500.00,500.00,0.00,0.00,NULL,NULL,NULL,NULL,'2019-03-16 16:43:30','2019-03-16 16:43:30','\0'),(6,'2019-03-16',20,NULL,100000.00,0.00,1600.00,0.00,0.00,0.00,0.00,1600.00,1600.00,0.00,0.00,NULL,NULL,NULL,NULL,'2019-03-17 01:45:25','2019-03-17 01:45:25','\0'),(10,'2019-03-17',20,NULL,100000.00,0.00,0.00,0.00,5000.00,0.00,0.00,0.00,-5000.00,5000.00,0.00,NULL,NULL,NULL,NULL,'2019-03-17 19:36:33','2019-03-17 19:36:33','\0'),(11,'2019-03-17',23,NULL,0.00,NULL,NULL,NULL,NULL,NULL,NULL,NULL,NULL,NULL,NULL,172520.00,0.00,172520.00,NULL,'2019-03-18 03:44:41','2019-03-18 03:44:41','\0'),(12,'2019-03-18',23,NULL,0.00,NULL,NULL,NULL,NULL,NULL,NULL,NULL,NULL,NULL,NULL,15600.00,0.00,15600.00,NULL,'2019-03-18 05:41:54','2019-03-18 05:41:54','\0'),(15,'2019-03-20',20,'2',100000.00,7282.80,500.00,0.00,0.00,0.00,0.00,7782.80,7782.80,0.00,0.00,NULL,NULL,NULL,NULL,'2019-03-21 04:21:36','2019-03-21 04:21:36','\0'),(16,'2019-03-21',23,NULL,0.00,NULL,NULL,NULL,NULL,NULL,NULL,NULL,NULL,NULL,NULL,51000.00,0.00,51000.00,NULL,'2019-03-22 02:16:24','2019-03-22 02:16:24','\0'),(17,'2019-03-26',20,NULL,100000.00,104501.04,0.00,0.00,0.00,0.00,0.00,104501.04,104501.04,0.00,11880.96,NULL,NULL,NULL,NULL,'2019-03-26 21:00:20','2019-03-26 21:00:20','\0'),(18,'2019-03-28',14,NULL,0.00,NULL,NULL,NULL,NULL,NULL,NULL,NULL,NULL,NULL,NULL,NULL,NULL,NULL,NULL,'2019-03-29 02:08:20','2019-03-29 02:08:20','\0'),(20,'2019-03-31',14,NULL,0.00,58205.28,0.00,0.00,0.00,0.00,0.00,58205.28,58205.28,0.00,28874.16,0.00,0.00,0.00,NULL,'2019-04-01 03:52:31','2019-04-01 03:52:31','\0'),(21,'2019-03-31',23,NULL,0.00,NULL,NULL,NULL,NULL,NULL,NULL,NULL,NULL,NULL,NULL,319848.00,0.00,319848.00,NULL,'2019-04-01 03:12:58','2019-04-01 03:12:58','\0'),(22,'2019-03-31',23,NULL,0.00,NULL,NULL,NULL,NULL,NULL,NULL,NULL,NULL,NULL,NULL,319848.00,0.00,319848.00,NULL,'2019-04-01 03:16:29','2019-04-01 03:16:29','\0'),(23,'2019-04-02',14,NULL,0.00,1799.28,0.00,0.00,0.00,0.00,0.00,1799.28,1799.28,0.00,0.00,10710.00,0.00,10710.00,NULL,'2019-04-02 10:54:37','2019-04-02 10:54:37','\0');
/*!40000 ALTER TABLE `cash_register_conciliation` ENABLE KEYS */;
UNLOCK TABLES;

--
-- Table structure for table `city`
--

DROP TABLE IF EXISTS `city`;
/*!40101 SET @saved_cs_client     = @@character_set_client */;
/*!40101 SET character_set_client = utf8 */;
CREATE TABLE `city` (
  `id` bigint(20) NOT NULL AUTO_INCREMENT,
  `state_id` bigint(20) NOT NULL,
  `name` varchar(250) NOT NULL,
  `creation_date` timestamp NOT NULL DEFAULT CURRENT_TIMESTAMP ON UPDATE CURRENT_TIMESTAMP,
  `modify_date` timestamp NOT NULL DEFAULT CURRENT_TIMESTAMP ON UPDATE CURRENT_TIMESTAMP,
  `archived` bit(1) NOT NULL DEFAULT b'0',
  PRIMARY KEY (`id`),
  KEY `state_fk_idx` (`state_id`),
  CONSTRAINT `city_state_fk` FOREIGN KEY (`state_id`) REFERENCES `state` (`id`)
) ENGINE=InnoDB AUTO_INCREMENT=3577 DEFAULT CHARSET=utf8;
/*!40101 SET character_set_client = @saved_cs_client */;

--
-- Dumping data for table `city`
--

LOCK TABLES `city` WRITE;
/*!40000 ALTER TABLE `city` DISABLE KEYS */;
INSERT INTO `city` VALUES (5,6,'Abriaquí','2019-01-19 16:34:26','2019-01-19 16:34:26','\0'),(6,6,'Alejandria','2019-01-19 16:34:26','2019-01-19 16:34:26','\0'),(7,6,'Amagá','2019-01-19 16:34:26','2019-01-19 16:34:26','\0'),(8,6,'Amalfi','2019-01-19 16:34:26','2019-01-19 16:34:26','\0'),(9,6,'Andes','2019-01-19 16:34:26','2019-01-19 16:34:26','\0'),(10,6,'Angelópolis','2019-01-19 16:34:26','2019-01-19 16:34:26','\0'),(11,6,'Angostura','2019-01-19 16:34:26','2019-01-19 16:34:26','\0'),(12,6,'Anorí','2019-01-19 16:34:26','2019-01-19 16:34:26','\0'),(13,6,'Anzá','2019-01-19 16:34:26','2019-01-19 16:34:26','\0'),(14,6,'Apartadó','2019-01-19 16:34:26','2019-01-19 16:34:26','\0'),(15,6,'Arboletes','2019-01-19 16:34:26','2019-01-19 16:34:26','\0'),(16,6,'Argelia','2019-01-19 16:34:26','2019-01-19 16:34:26','\0'),(17,6,'Armenia','2019-01-19 16:34:26','2019-01-19 16:34:26','\0'),(18,6,'Barbosa','2019-01-19 16:34:26','2019-01-19 16:34:26','\0'),(19,6,'Bello','2019-01-19 16:34:26','2019-01-19 16:34:26','\0'),(20,6,'Belmira','2019-01-19 16:34:26','2019-01-19 16:34:26','\0'),(21,6,'Betania','2019-01-19 16:34:26','2019-01-19 16:34:26','\0'),(22,6,'Betulia','2019-01-19 16:34:26','2019-01-19 16:34:26','\0'),(23,6,'Bolívar','2019-01-19 16:34:26','2019-01-19 16:34:26','\0'),(24,6,'Briceño','2019-01-19 16:34:26','2019-01-19 16:34:26','\0'),(25,6,'Burítica','2019-01-19 16:34:26','2019-01-19 16:34:26','\0'),(26,6,'Caicedo','2019-01-19 16:34:26','2019-01-19 16:34:26','\0'),(27,6,'Caldas','2019-01-19 16:34:26','2019-01-19 16:34:26','\0'),(28,6,'Campamento','2019-01-19 16:34:26','2019-01-19 16:34:26','\0'),(29,6,'Caracolí','2019-01-19 16:34:26','2019-01-19 16:34:26','\0'),(30,6,'Caramanta','2019-01-19 16:34:26','2019-01-19 16:34:26','\0'),(31,6,'Carepa','2019-01-19 16:34:26','2019-01-19 16:34:26','\0'),(32,6,'Carmen de Viboral','2019-01-19 16:34:26','2019-01-19 16:34:26','\0'),(33,6,'Carolina','2019-01-19 16:34:26','2019-01-19 16:34:26','\0'),(34,6,'Caucasia','2019-01-19 16:34:26','2019-01-19 16:34:26','\0'),(35,6,'Cañasgordas','2019-01-19 16:34:26','2019-01-19 16:34:26','\0'),(36,6,'Chigorodó','2019-01-19 16:34:26','2019-01-19 16:34:26','\0'),(37,6,'Cisneros','2019-01-19 16:34:26','2019-01-19 16:34:26','\0'),(38,6,'Cocorná','2019-01-19 16:34:26','2019-01-19 16:34:26','\0'),(39,6,'Concepción','2019-01-19 16:34:26','2019-01-19 16:34:26','\0'),(40,6,'Concordia','2019-01-19 16:34:26','2019-01-19 16:34:26','\0'),(41,6,'Copacabana','2019-01-19 16:34:26','2019-01-19 16:34:26','\0'),(42,6,'Cáceres','2019-01-19 16:34:26','2019-01-19 16:34:26','\0'),(43,6,'Dabeiba','2019-01-19 16:34:26','2019-01-19 16:34:26','\0'),(44,6,'Don Matías','2019-01-19 16:34:26','2019-01-19 16:34:26','\0'),(45,6,'Ebéjico','2019-01-19 16:34:26','2019-01-19 16:34:26','\0'),(46,6,'El Bagre','2019-01-19 16:34:26','2019-01-19 16:34:26','\0'),(47,6,'Entrerríos','2019-01-19 16:34:26','2019-01-19 16:34:26','\0'),(48,6,'Envigado','2019-01-19 16:34:26','2019-01-19 16:34:26','\0'),(49,6,'Fredonia','2019-01-19 16:34:26','2019-01-19 16:34:26','\0'),(50,6,'Frontino','2019-01-19 16:34:26','2019-01-19 16:34:26','\0'),(51,6,'Giraldo','2019-01-19 16:34:26','2019-01-19 16:34:26','\0'),(52,6,'Girardota','2019-01-19 16:34:26','2019-01-19 16:34:26','\0'),(53,6,'Granada','2019-01-19 16:34:26','2019-01-19 16:34:26','\0'),(54,6,'Guadalupe','2019-01-19 16:34:26','2019-01-19 16:34:26','\0'),(55,6,'Guarne','2019-01-19 16:34:26','2019-01-19 16:34:26','\0'),(56,6,'Guatapé','2019-01-19 16:34:26','2019-01-19 16:34:26','\0'),(57,6,'Gómez Plata','2019-01-19 16:34:26','2019-01-19 16:34:26','\0'),(58,6,'Heliconia','2019-01-19 16:34:26','2019-01-19 16:34:26','\0'),(59,6,'Hispania','2019-01-19 16:34:26','2019-01-19 16:34:26','\0'),(60,6,'Itagüí','2019-01-19 16:34:26','2019-01-19 16:34:26','\0'),(61,6,'Ituango','2019-01-19 16:34:26','2019-01-19 16:34:26','\0'),(62,6,'Jardín','2019-01-19 16:34:26','2019-01-19 16:34:26','\0'),(63,6,'Jericó','2019-01-19 16:34:26','2019-01-19 16:34:26','\0'),(64,6,'La Ceja','2019-01-19 16:34:26','2019-01-19 16:34:26','\0'),(65,6,'La Estrella','2019-01-19 16:34:26','2019-01-19 16:34:26','\0'),(66,6,'La Pintada','2019-01-19 16:34:26','2019-01-19 16:34:26','\0'),(67,6,'La Unión','2019-01-19 16:34:26','2019-01-19 16:34:26','\0'),(68,6,'Liborina','2019-01-19 16:34:26','2019-01-19 16:34:26','\0'),(69,6,'Maceo','2019-01-19 16:34:26','2019-01-19 16:34:26','\0'),(70,6,'Marinilla','2019-01-19 16:34:26','2019-01-19 16:34:26','\0'),(71,6,'Medellín','2019-01-19 16:34:26','2019-01-19 16:34:26','\0'),(72,6,'Montebello','2019-01-19 16:34:26','2019-01-19 16:34:26','\0'),(73,6,'Murindó','2019-01-19 16:34:26','2019-01-19 16:34:26','\0'),(74,6,'Mutatá','2019-01-19 16:34:26','2019-01-19 16:34:26','\0'),(75,6,'Nariño','2019-01-19 16:34:26','2019-01-19 16:34:26','\0'),(76,6,'Nechí','2019-01-19 16:34:26','2019-01-19 16:34:26','\0'),(77,6,'Necoclí','2019-01-19 16:34:26','2019-01-19 16:34:26','\0'),(78,6,'Olaya','2019-01-19 16:34:26','2019-01-19 16:34:26','\0'),(79,6,'Peque','2019-01-19 16:34:26','2019-01-19 16:34:26','\0'),(80,6,'Peñol','2019-01-19 16:34:26','2019-01-19 16:34:26','\0'),(81,6,'Pueblorrico','2019-01-19 16:34:26','2019-01-19 16:34:26','\0'),(82,6,'Puerto Berrío','2019-01-19 16:34:26','2019-01-19 16:34:26','\0'),(83,6,'Puerto Nare','2019-01-19 16:34:26','2019-01-19 16:34:26','\0'),(84,6,'Puerto Triunfo','2019-01-19 16:34:26','2019-01-19 16:34:26','\0'),(85,6,'Remedios','2019-01-19 16:34:26','2019-01-19 16:34:26','\0'),(86,6,'Retiro','2019-01-19 16:34:26','2019-01-19 16:34:26','\0'),(87,6,'Ríonegro','2019-01-19 16:34:26','2019-01-19 16:34:26','\0'),(88,6,'Sabanalarga','2019-01-19 16:34:26','2019-01-19 16:34:26','\0'),(89,6,'Sabaneta','2019-01-19 16:34:26','2019-01-19 16:34:26','\0'),(90,6,'Salgar','2019-01-19 16:34:26','2019-01-19 16:34:26','\0'),(91,6,'San Andrés de Cuerquía','2019-01-19 16:34:26','2019-01-19 16:34:26','\0'),(92,6,'San Carlos','2019-01-19 16:34:26','2019-01-19 16:34:26','\0'),(93,6,'San Francisco','2019-01-19 16:34:26','2019-01-19 16:34:26','\0'),(94,6,'San Jerónimo','2019-01-19 16:34:26','2019-01-19 16:34:26','\0'),(95,6,'San José de Montaña','2019-01-19 16:34:26','2019-01-19 16:34:26','\0'),(96,6,'San Juan de Urabá','2019-01-19 16:34:26','2019-01-19 16:34:26','\0'),(97,6,'San Luís','2019-01-19 16:34:26','2019-01-19 16:34:26','\0'),(98,6,'San Pedro','2019-01-19 16:34:26','2019-01-19 16:34:26','\0'),(99,6,'San Pedro de Urabá','2019-01-19 16:34:26','2019-01-19 16:34:26','\0'),(100,6,'San Rafael','2019-01-19 16:34:26','2019-01-19 16:34:26','\0'),(101,6,'San Roque','2019-01-19 16:34:26','2019-01-19 16:34:26','\0'),(102,6,'San Vicente','2019-01-19 16:34:26','2019-01-19 16:34:26','\0'),(103,6,'Santa Bárbara','2019-01-19 16:34:26','2019-01-19 16:34:26','\0'),(104,6,'Santa Fé de Antioquia','2019-01-19 16:34:26','2019-01-19 16:34:26','\0'),(105,6,'Santa Rosa de Osos','2019-01-19 16:34:26','2019-01-19 16:34:26','\0'),(106,6,'Santo Domingo','2019-01-19 16:34:26','2019-01-19 16:34:26','\0'),(107,6,'Santuario','2019-01-19 16:34:26','2019-01-19 16:34:26','\0'),(108,6,'Segovia','2019-01-19 16:34:26','2019-01-19 16:34:26','\0'),(109,6,'Sonsón','2019-01-19 16:34:26','2019-01-19 16:34:26','\0'),(110,6,'Sopetrán','2019-01-19 16:34:26','2019-01-19 16:34:26','\0'),(111,6,'Tarazá','2019-01-19 16:34:26','2019-01-19 16:34:26','\0'),(112,6,'Tarso','2019-01-19 16:34:26','2019-01-19 16:34:26','\0'),(113,6,'Titiribí','2019-01-19 16:34:26','2019-01-19 16:34:26','\0'),(114,6,'Toledo','2019-01-19 16:34:26','2019-01-19 16:34:26','\0'),(115,6,'Turbo','2019-01-19 16:34:26','2019-01-19 16:34:26','\0'),(116,6,'Támesis','2019-01-19 16:34:26','2019-01-19 16:34:26','\0'),(117,6,'Uramita','2019-01-19 16:34:26','2019-01-19 16:34:26','\0'),(118,6,'Urrao','2019-01-19 16:34:26','2019-01-19 16:34:26','\0'),(119,6,'Valdivia','2019-01-19 16:34:26','2019-01-19 16:34:26','\0'),(120,6,'Valparaiso','2019-01-19 16:34:26','2019-01-19 16:34:26','\0'),(121,6,'Vegachí','2019-01-19 16:34:26','2019-01-19 16:34:26','\0'),(122,6,'Venecia','2019-01-19 16:34:26','2019-01-19 16:34:26','\0'),(123,6,'Vigía del Fuerte','2019-01-19 16:34:26','2019-01-19 16:34:26','\0'),(124,6,'Yalí','2019-01-19 16:34:26','2019-01-19 16:34:26','\0'),(125,6,'Yarumal','2019-01-19 16:34:26','2019-01-19 16:34:26','\0'),(126,6,'Yolombó','2019-01-19 16:34:26','2019-01-19 16:34:26','\0'),(127,6,'Yondó (Casabe)','2019-01-19 16:34:26','2019-01-19 16:34:26','\0'),(128,6,'Zaragoza','2019-01-19 16:34:26','2019-01-19 16:34:26','\0'),(132,5,'Leticia','2019-01-19 16:36:30','2019-01-19 16:36:30','\0'),(133,5,'Puerto Nariño','2019-01-19 16:36:30','2019-01-19 16:36:30','\0'),(135,5,'Leticia','2019-01-19 16:36:36','2019-01-19 16:36:36','\0'),(136,5,'Puerto Nariño','2019-01-19 16:36:36','2019-01-19 16:36:36','\0'),(138,7,'Arauca','2019-01-19 16:38:17','2019-01-19 16:38:17','\0'),(139,7,'Arauquita','2019-01-19 16:38:17','2019-01-19 16:38:17','\0'),(140,7,'Cravo Norte','2019-01-19 16:38:17','2019-01-19 16:38:17','\0'),(141,7,'Fortúl','2019-01-19 16:38:17','2019-01-19 16:38:17','\0'),(142,7,'Puerto Rondón','2019-01-19 16:38:17','2019-01-19 16:38:17','\0'),(143,7,'Saravena','2019-01-19 16:38:17','2019-01-19 16:38:17','\0'),(144,7,'Tame','2019-01-19 16:38:17','2019-01-19 16:38:17','\0'),(145,7,'Arauca','2019-01-19 16:38:17','2019-01-19 16:38:17','\0'),(146,7,'Arauquita','2019-01-19 16:38:17','2019-01-19 16:38:17','\0'),(147,7,'Cravo Norte','2019-01-19 16:38:17','2019-01-19 16:38:17','\0'),(148,7,'Fortúl','2019-01-19 16:38:17','2019-01-19 16:38:17','\0'),(149,7,'Puerto Rondón','2019-01-19 16:38:17','2019-01-19 16:38:17','\0'),(150,7,'Saravena','2019-01-19 16:38:17','2019-01-19 16:38:17','\0'),(151,7,'Tame','2019-01-19 16:38:17','2019-01-19 16:38:17','\0'),(152,8,'Providencia','2019-01-19 16:41:12','2019-01-19 16:41:12','\0'),(153,8,'San Andrés','2019-01-19 16:44:16','2019-01-19 16:44:16','\0'),(154,9,'Baranoa','2019-01-19 16:45:44','2019-01-19 16:45:44','\0'),(155,9,'Barranquilla','2019-01-19 16:45:44','2019-01-19 16:45:44','\0'),(156,9,'Campo de la Cruz','2019-01-19 16:45:44','2019-01-19 16:45:44','\0'),(157,9,'Candelaria','2019-01-19 16:45:44','2019-01-19 16:45:44','\0'),(158,9,'Galapa','2019-01-19 16:45:44','2019-01-19 16:45:44','\0'),(159,9,'Juan de Acosta','2019-01-19 16:45:44','2019-01-19 16:45:44','\0'),(160,9,'Luruaco','2019-01-19 16:45:44','2019-01-19 16:45:44','\0'),(161,9,'Malambo','2019-01-19 16:45:44','2019-01-19 16:45:44','\0'),(162,9,'Manatí','2019-01-19 16:45:44','2019-01-19 16:45:44','\0'),(163,9,'Palmar de Varela','2019-01-19 16:45:44','2019-01-19 16:45:44','\0'),(164,9,'Piojo','2019-01-19 16:45:44','2019-01-19 16:45:44','\0'),(165,9,'Polonuevo','2019-01-19 16:45:44','2019-01-19 16:45:44','\0'),(166,9,'Ponedera','2019-01-19 16:45:44','2019-01-19 16:45:44','\0'),(167,9,'Puerto Colombia','2019-01-19 16:45:44','2019-01-19 16:45:44','\0'),(168,9,'Repelón','2019-01-19 16:45:44','2019-01-19 16:45:44','\0'),(169,9,'Sabanagrande','2019-01-19 16:45:44','2019-01-19 16:45:44','\0'),(170,9,'Sabanalarga','2019-01-19 16:45:44','2019-01-19 16:45:44','\0'),(171,9,'Santa Lucía','2019-01-19 16:45:44','2019-01-19 16:45:44','\0'),(172,9,'Santo Tomás','2019-01-19 16:45:44','2019-01-19 16:45:44','\0'),(173,9,'Soledad','2019-01-19 16:45:44','2019-01-19 16:45:44','\0'),(174,9,'Suan','2019-01-19 16:45:44','2019-01-19 16:45:44','\0'),(175,9,'Tubará','2019-01-19 16:45:44','2019-01-19 16:45:44','\0'),(176,9,'Usiacuri','2019-01-19 16:45:44','2019-01-19 16:45:44','\0'),(2232,10,'Bogotá D.C.','2019-01-19 16:48:04','2019-01-19 16:48:04','\0'),(2233,11,'Achí','2019-01-19 16:49:08','2019-01-19 16:49:08','\0'),(2234,11,'Altos del Rosario','2019-01-19 16:49:08','2019-01-19 16:49:08','\0'),(2235,11,'Arenal','2019-01-19 16:49:08','2019-01-19 16:49:08','\0'),(2236,11,'Arjona','2019-01-19 16:49:08','2019-01-19 16:49:08','\0'),(2237,11,'Arroyohondo','2019-01-19 16:49:08','2019-01-19 16:49:08','\0'),(2238,11,'Barranco de Loba','2019-01-19 16:49:08','2019-01-19 16:49:08','\0'),(2239,11,'Calamar','2019-01-19 16:49:08','2019-01-19 16:49:08','\0'),(2240,11,'Cantagallo','2019-01-19 16:49:08','2019-01-19 16:49:08','\0'),(2241,11,'Cartagena','2019-01-19 16:49:08','2019-01-19 16:49:08','\0'),(2242,11,'Cicuco','2019-01-19 16:49:08','2019-01-19 16:49:08','\0'),(2243,11,'Clemencia','2019-01-19 16:49:08','2019-01-19 16:49:08','\0'),(2244,11,'Córdoba','2019-01-19 16:49:08','2019-01-19 16:49:08','\0'),(2245,11,'El Carmen de Bolívar','2019-01-19 16:49:08','2019-01-19 16:49:08','\0'),(2246,11,'El Guamo','2019-01-19 16:49:08','2019-01-19 16:49:08','\0'),(2247,11,'El Peñon','2019-01-19 16:49:08','2019-01-19 16:49:08','\0'),(2248,11,'Hatillo de Loba','2019-01-19 16:49:08','2019-01-19 16:49:08','\0'),(2249,11,'Magangué','2019-01-19 16:49:08','2019-01-19 16:49:08','\0'),(2250,11,'Mahates','2019-01-19 16:49:08','2019-01-19 16:49:08','\0'),(2251,11,'Margarita','2019-01-19 16:49:08','2019-01-19 16:49:08','\0'),(2252,11,'María la Baja','2019-01-19 16:49:08','2019-01-19 16:49:08','\0'),(2253,11,'Mompós','2019-01-19 16:49:08','2019-01-19 16:49:08','\0'),(2254,11,'Montecristo','2019-01-19 16:49:08','2019-01-19 16:49:08','\0'),(2255,11,'Morales','2019-01-19 16:49:08','2019-01-19 16:49:08','\0'),(2256,11,'Norosí','2019-01-19 16:49:08','2019-01-19 16:49:08','\0'),(2257,11,'Pinillos','2019-01-19 16:49:08','2019-01-19 16:49:08','\0'),(2258,11,'Regidor','2019-01-19 16:49:08','2019-01-19 16:49:08','\0'),(2259,11,'Río Viejo','2019-01-19 16:49:08','2019-01-19 16:49:08','\0'),(2260,11,'San Cristobal','2019-01-19 16:49:08','2019-01-19 16:49:08','\0'),(2261,11,'San Estanislao','2019-01-19 16:49:08','2019-01-19 16:49:08','\0'),(2262,11,'San Fernando','2019-01-19 16:49:08','2019-01-19 16:49:08','\0'),(2263,11,'San Jacinto','2019-01-19 16:49:08','2019-01-19 16:49:08','\0'),(2264,11,'San Jacinto del Cauca','2019-01-19 16:49:08','2019-01-19 16:49:08','\0'),(2265,11,'San Juan de Nepomuceno','2019-01-19 16:49:08','2019-01-19 16:49:08','\0'),(2266,11,'San Martín de Loba','2019-01-19 16:49:08','2019-01-19 16:49:08','\0'),(2267,11,'San Pablo','2019-01-19 16:49:08','2019-01-19 16:49:08','\0'),(2268,11,'Santa Catalina','2019-01-19 16:49:08','2019-01-19 16:49:08','\0'),(2269,11,'Santa Rosa','2019-01-19 16:49:08','2019-01-19 16:49:08','\0'),(2270,11,'Santa Rosa del Sur','2019-01-19 16:49:08','2019-01-19 16:49:08','\0'),(2271,11,'Simití','2019-01-19 16:49:08','2019-01-19 16:49:08','\0'),(2272,11,'Soplaviento','2019-01-19 16:49:08','2019-01-19 16:49:08','\0'),(2273,11,'Talaigua Nuevo','2019-01-19 16:49:08','2019-01-19 16:49:08','\0'),(2274,11,'Tiquisio (Puerto Rico)','2019-01-19 16:49:08','2019-01-19 16:49:08','\0'),(2275,11,'Turbaco','2019-01-19 16:49:08','2019-01-19 16:49:08','\0'),(2276,11,'Turbaná','2019-01-19 16:49:08','2019-01-19 16:49:08','\0'),(2277,11,'Villanueva','2019-01-19 16:49:08','2019-01-19 16:49:08','\0'),(2278,11,'Zambrano','2019-01-19 16:49:08','2019-01-19 16:49:08','\0'),(2296,12,'Almeida','2019-01-19 16:49:45','2019-01-19 16:49:45','\0'),(2297,12,'Aquitania','2019-01-19 16:49:45','2019-01-19 16:49:45','\0'),(2298,12,'Arcabuco','2019-01-19 16:49:45','2019-01-19 16:49:45','\0'),(2299,12,'Belén','2019-01-19 16:49:45','2019-01-19 16:49:45','\0'),(2300,12,'Berbeo','2019-01-19 16:49:45','2019-01-19 16:49:45','\0'),(2301,12,'Beteitiva','2019-01-19 16:49:45','2019-01-19 16:49:45','\0'),(2302,12,'Boavita','2019-01-19 16:49:45','2019-01-19 16:49:45','\0'),(2303,12,'Boyacá','2019-01-19 16:49:45','2019-01-19 16:49:45','\0'),(2304,12,'Briceño','2019-01-19 16:49:45','2019-01-19 16:49:45','\0'),(2305,12,'Buenavista','2019-01-19 16:49:45','2019-01-19 16:49:45','\0'),(2306,12,'Busbanza','2019-01-19 16:49:45','2019-01-19 16:49:45','\0'),(2307,12,'Caldas','2019-01-19 16:49:45','2019-01-19 16:49:45','\0'),(2308,12,'Campohermoso','2019-01-19 16:49:45','2019-01-19 16:49:45','\0'),(2309,12,'Cerinza','2019-01-19 16:49:45','2019-01-19 16:49:45','\0'),(2310,12,'Chinavita','2019-01-19 16:49:45','2019-01-19 16:49:45','\0'),(2311,12,'Chiquinquirá','2019-01-19 16:49:45','2019-01-19 16:49:45','\0'),(2312,12,'Chiscas','2019-01-19 16:49:45','2019-01-19 16:49:45','\0'),(2313,12,'Chita','2019-01-19 16:49:45','2019-01-19 16:49:45','\0'),(2314,12,'Chitaraque','2019-01-19 16:49:45','2019-01-19 16:49:45','\0'),(2315,12,'Chivatá','2019-01-19 16:49:45','2019-01-19 16:49:45','\0'),(2316,12,'Chíquiza','2019-01-19 16:49:45','2019-01-19 16:49:45','\0'),(2317,12,'Chívor','2019-01-19 16:49:45','2019-01-19 16:49:45','\0'),(2318,12,'Ciénaga','2019-01-19 16:49:45','2019-01-19 16:49:45','\0'),(2319,12,'Coper','2019-01-19 16:49:45','2019-01-19 16:49:45','\0'),(2320,12,'Corrales','2019-01-19 16:49:45','2019-01-19 16:49:45','\0'),(2321,12,'Covarachía','2019-01-19 16:49:45','2019-01-19 16:49:45','\0'),(2322,12,'Cubará','2019-01-19 16:49:45','2019-01-19 16:49:45','\0'),(2323,12,'Cucaita','2019-01-19 16:49:45','2019-01-19 16:49:45','\0'),(2324,12,'Cuitiva','2019-01-19 16:49:45','2019-01-19 16:49:45','\0'),(2325,12,'Cómbita','2019-01-19 16:49:45','2019-01-19 16:49:45','\0'),(2326,12,'Duitama','2019-01-19 16:49:45','2019-01-19 16:49:45','\0'),(2327,12,'El Cocuy','2019-01-19 16:49:45','2019-01-19 16:49:45','\0'),(2328,12,'El Espino','2019-01-19 16:49:45','2019-01-19 16:49:45','\0'),(2329,12,'Firavitoba','2019-01-19 16:49:45','2019-01-19 16:49:45','\0'),(2330,12,'Floresta','2019-01-19 16:49:45','2019-01-19 16:49:45','\0'),(2331,12,'Gachantivá','2019-01-19 16:49:45','2019-01-19 16:49:45','\0'),(2332,12,'Garagoa','2019-01-19 16:49:45','2019-01-19 16:49:45','\0'),(2333,12,'Guacamayas','2019-01-19 16:49:45','2019-01-19 16:49:45','\0'),(2334,12,'Guateque','2019-01-19 16:49:45','2019-01-19 16:49:45','\0'),(2335,12,'Guayatá','2019-01-19 16:49:45','2019-01-19 16:49:45','\0'),(2336,12,'Guicán','2019-01-19 16:49:45','2019-01-19 16:49:45','\0'),(2337,12,'Gámeza','2019-01-19 16:49:45','2019-01-19 16:49:45','\0'),(2338,12,'Izá','2019-01-19 16:49:45','2019-01-19 16:49:45','\0'),(2339,12,'Jenesano','2019-01-19 16:49:45','2019-01-19 16:49:45','\0'),(2340,12,'Jericó','2019-01-19 16:49:45','2019-01-19 16:49:45','\0'),(2341,12,'La Capilla','2019-01-19 16:49:45','2019-01-19 16:49:45','\0'),(2342,12,'La Uvita','2019-01-19 16:49:45','2019-01-19 16:49:45','\0'),(2343,12,'La Victoria','2019-01-19 16:49:45','2019-01-19 16:49:45','\0'),(2344,12,'Labranzagrande','2019-01-19 16:49:45','2019-01-19 16:49:45','\0'),(2345,12,'Macanal','2019-01-19 16:49:45','2019-01-19 16:49:45','\0'),(2346,12,'Maripí','2019-01-19 16:49:45','2019-01-19 16:49:45','\0'),(2347,12,'Miraflores','2019-01-19 16:49:45','2019-01-19 16:49:45','\0'),(2348,12,'Mongua','2019-01-19 16:49:45','2019-01-19 16:49:45','\0'),(2349,12,'Monguí','2019-01-19 16:49:45','2019-01-19 16:49:45','\0'),(2350,12,'Moniquirá','2019-01-19 16:49:45','2019-01-19 16:49:45','\0'),(2351,12,'Motavita','2019-01-19 16:49:45','2019-01-19 16:49:45','\0'),(2352,12,'Muzo','2019-01-19 16:49:45','2019-01-19 16:49:45','\0'),(2353,12,'Nobsa','2019-01-19 16:49:45','2019-01-19 16:49:45','\0'),(2354,12,'Nuevo Colón','2019-01-19 16:49:45','2019-01-19 16:49:45','\0'),(2355,12,'Oicatá','2019-01-19 16:49:45','2019-01-19 16:49:45','\0'),(2356,12,'Otanche','2019-01-19 16:49:45','2019-01-19 16:49:45','\0'),(2357,12,'Pachavita','2019-01-19 16:49:45','2019-01-19 16:49:45','\0'),(2358,12,'Paipa','2019-01-19 16:49:45','2019-01-19 16:49:45','\0'),(2359,12,'Pajarito','2019-01-19 16:49:45','2019-01-19 16:49:45','\0'),(2360,12,'Panqueba','2019-01-19 16:49:45','2019-01-19 16:49:45','\0'),(2361,12,'Pauna','2019-01-19 16:49:45','2019-01-19 16:49:45','\0'),(2362,12,'Paya','2019-01-19 16:49:45','2019-01-19 16:49:45','\0'),(2363,12,'Paz de Río','2019-01-19 16:49:45','2019-01-19 16:49:45','\0'),(2364,12,'Pesca','2019-01-19 16:49:45','2019-01-19 16:49:45','\0'),(2365,12,'Pisva','2019-01-19 16:49:45','2019-01-19 16:49:45','\0'),(2366,12,'Puerto Boyacá','2019-01-19 16:49:45','2019-01-19 16:49:45','\0'),(2367,12,'Páez','2019-01-19 16:49:45','2019-01-19 16:49:45','\0'),(2368,12,'Quipama','2019-01-19 16:49:45','2019-01-19 16:49:45','\0'),(2369,12,'Ramiriquí','2019-01-19 16:49:45','2019-01-19 16:49:45','\0'),(2370,12,'Rondón','2019-01-19 16:49:45','2019-01-19 16:49:45','\0'),(2371,12,'Ráquira','2019-01-19 16:49:45','2019-01-19 16:49:45','\0'),(2372,12,'Saboyá','2019-01-19 16:49:45','2019-01-19 16:49:45','\0'),(2373,12,'Samacá','2019-01-19 16:49:45','2019-01-19 16:49:45','\0'),(2374,12,'San Eduardo','2019-01-19 16:49:45','2019-01-19 16:49:45','\0'),(2375,12,'San José de Pare','2019-01-19 16:49:45','2019-01-19 16:49:45','\0'),(2376,12,'San Luís de Gaceno','2019-01-19 16:49:45','2019-01-19 16:49:45','\0'),(2377,12,'San Mateo','2019-01-19 16:49:45','2019-01-19 16:49:45','\0'),(2378,12,'San Miguel de Sema','2019-01-19 16:49:45','2019-01-19 16:49:45','\0'),(2379,12,'San Pablo de Borbur','2019-01-19 16:49:45','2019-01-19 16:49:45','\0'),(2380,12,'Santa María','2019-01-19 16:49:45','2019-01-19 16:49:45','\0'),(2381,12,'Santa Rosa de Viterbo','2019-01-19 16:49:45','2019-01-19 16:49:45','\0'),(2382,12,'Santa Sofía','2019-01-19 16:49:45','2019-01-19 16:49:45','\0'),(2383,12,'Santana','2019-01-19 16:49:45','2019-01-19 16:49:45','\0'),(2384,12,'Sativanorte','2019-01-19 16:49:45','2019-01-19 16:49:45','\0'),(2385,12,'Sativasur','2019-01-19 16:49:45','2019-01-19 16:49:45','\0'),(2386,12,'Siachoque','2019-01-19 16:49:45','2019-01-19 16:49:45','\0'),(2387,12,'Soatá','2019-01-19 16:49:45','2019-01-19 16:49:45','\0'),(2388,12,'Socha','2019-01-19 16:49:45','2019-01-19 16:49:45','\0'),(2389,12,'Socotá','2019-01-19 16:49:45','2019-01-19 16:49:45','\0'),(2390,12,'Sogamoso','2019-01-19 16:49:45','2019-01-19 16:49:45','\0'),(2391,12,'Somondoco','2019-01-19 16:49:45','2019-01-19 16:49:45','\0'),(2392,12,'Sora','2019-01-19 16:49:45','2019-01-19 16:49:45','\0'),(2393,12,'Soracá','2019-01-19 16:49:45','2019-01-19 16:49:45','\0'),(2394,12,'Sotaquirá','2019-01-19 16:49:45','2019-01-19 16:49:45','\0'),(2395,12,'Susacón','2019-01-19 16:49:45','2019-01-19 16:49:45','\0'),(2396,12,'Sutamarchán','2019-01-19 16:49:45','2019-01-19 16:49:45','\0'),(2397,12,'Sutatenza','2019-01-19 16:49:45','2019-01-19 16:49:45','\0'),(2398,12,'Sáchica','2019-01-19 16:49:45','2019-01-19 16:49:45','\0'),(2399,12,'Tasco','2019-01-19 16:49:45','2019-01-19 16:49:45','\0'),(2400,12,'Tenza','2019-01-19 16:49:45','2019-01-19 16:49:45','\0'),(2401,12,'Tibaná','2019-01-19 16:49:45','2019-01-19 16:49:45','\0'),(2402,12,'Tibasosa','2019-01-19 16:49:45','2019-01-19 16:49:45','\0'),(2403,12,'Tinjacá','2019-01-19 16:49:45','2019-01-19 16:49:45','\0'),(2404,12,'Tipacoque','2019-01-19 16:49:45','2019-01-19 16:49:45','\0'),(2405,12,'Toca','2019-01-19 16:49:45','2019-01-19 16:49:45','\0'),(2406,12,'Toguí','2019-01-19 16:49:45','2019-01-19 16:49:45','\0'),(2407,12,'Topagá','2019-01-19 16:49:45','2019-01-19 16:49:45','\0'),(2408,12,'Tota','2019-01-19 16:49:45','2019-01-19 16:49:45','\0'),(2409,12,'Tunja','2019-01-19 16:49:45','2019-01-19 16:49:45','\0'),(2410,12,'Tunungua','2019-01-19 16:49:45','2019-01-19 16:49:45','\0'),(2411,12,'Turmequé','2019-01-19 16:49:45','2019-01-19 16:49:45','\0'),(2412,12,'Tuta','2019-01-19 16:49:45','2019-01-19 16:49:45','\0'),(2413,12,'Tutasá','2019-01-19 16:49:45','2019-01-19 16:49:45','\0'),(2414,12,'Ventaquemada','2019-01-19 16:49:45','2019-01-19 16:49:45','\0'),(2415,12,'Villa de Leiva','2019-01-19 16:49:45','2019-01-19 16:49:45','\0'),(2416,12,'Viracachá','2019-01-19 16:49:45','2019-01-19 16:49:45','\0'),(2417,12,'Zetaquirá','2019-01-19 16:49:45','2019-01-19 16:49:45','\0'),(2418,12,'Úmbita','2019-01-19 16:49:45','2019-01-19 16:49:45','\0'),(2423,13,'Aguadas','2019-01-19 16:50:28','2019-01-19 16:50:28','\0'),(2424,13,'Anserma','2019-01-19 16:50:28','2019-01-19 16:50:28','\0'),(2425,13,'Aranzazu','2019-01-19 16:50:28','2019-01-19 16:50:28','\0'),(2426,13,'Belalcázar','2019-01-19 16:50:28','2019-01-19 16:50:28','\0'),(2427,13,'Chinchiná','2019-01-19 16:50:28','2019-01-19 16:50:28','\0'),(2428,13,'Filadelfia','2019-01-19 16:50:28','2019-01-19 16:50:28','\0'),(2429,13,'La Dorada','2019-01-19 16:50:28','2019-01-19 16:50:28','\0'),(2430,13,'La Merced','2019-01-19 16:50:28','2019-01-19 16:50:28','\0'),(2431,13,'La Victoria','2019-01-19 16:50:28','2019-01-19 16:50:28','\0'),(2432,13,'Manizales','2019-01-19 16:50:28','2019-01-19 16:50:28','\0'),(2433,13,'Manzanares','2019-01-19 16:50:28','2019-01-19 16:50:28','\0'),(2434,13,'Marmato','2019-01-19 16:50:28','2019-01-19 16:50:28','\0'),(2435,13,'Marquetalia','2019-01-19 16:50:28','2019-01-19 16:50:28','\0'),(2436,13,'Marulanda','2019-01-19 16:50:28','2019-01-19 16:50:28','\0'),(2437,13,'Neira','2019-01-19 16:50:28','2019-01-19 16:50:28','\0'),(2438,13,'Norcasia','2019-01-19 16:50:28','2019-01-19 16:50:28','\0'),(2439,13,'Palestina','2019-01-19 16:50:28','2019-01-19 16:50:28','\0'),(2440,13,'Pensilvania','2019-01-19 16:50:28','2019-01-19 16:50:28','\0'),(2441,13,'Pácora','2019-01-19 16:50:28','2019-01-19 16:50:28','\0'),(2442,13,'Risaralda','2019-01-19 16:50:28','2019-01-19 16:50:28','\0'),(2443,13,'Río Sucio','2019-01-19 16:50:28','2019-01-19 16:50:28','\0'),(2444,13,'Salamina','2019-01-19 16:50:28','2019-01-19 16:50:28','\0'),(2445,13,'Samaná','2019-01-19 16:50:28','2019-01-19 16:50:28','\0'),(2446,13,'San José','2019-01-19 16:50:28','2019-01-19 16:50:28','\0'),(2447,13,'Supía','2019-01-19 16:50:28','2019-01-19 16:50:28','\0'),(2448,13,'Villamaría','2019-01-19 16:50:28','2019-01-19 16:50:28','\0'),(2449,13,'Viterbo','2019-01-19 16:50:28','2019-01-19 16:50:28','\0'),(2454,14,'Albania','2019-01-19 16:51:03','2019-01-19 16:51:03','\0'),(2455,14,'Belén de los Andaquíes','2019-01-19 16:51:03','2019-01-19 16:51:03','\0'),(2456,14,'Cartagena del Chairá','2019-01-19 16:51:03','2019-01-19 16:51:03','\0'),(2457,14,'Curillo','2019-01-19 16:51:03','2019-01-19 16:51:03','\0'),(2458,14,'El Doncello','2019-01-19 16:51:03','2019-01-19 16:51:03','\0'),(2459,14,'El Paujil','2019-01-19 16:51:03','2019-01-19 16:51:03','\0'),(2460,14,'Florencia','2019-01-19 16:51:03','2019-01-19 16:51:03','\0'),(2461,14,'La Montañita','2019-01-19 16:51:03','2019-01-19 16:51:03','\0'),(2462,14,'Milán','2019-01-19 16:51:03','2019-01-19 16:51:03','\0'),(2463,14,'Morelia','2019-01-19 16:51:03','2019-01-19 16:51:03','\0'),(2464,14,'Puerto Rico','2019-01-19 16:51:03','2019-01-19 16:51:03','\0'),(2465,14,'San José del Fragua','2019-01-19 16:51:03','2019-01-19 16:51:03','\0'),(2466,14,'San Vicente del Caguán','2019-01-19 16:51:03','2019-01-19 16:51:03','\0'),(2467,14,'Solano','2019-01-19 16:51:03','2019-01-19 16:51:03','\0'),(2468,14,'Solita','2019-01-19 16:51:03','2019-01-19 16:51:03','\0'),(2469,14,'Valparaiso','2019-01-19 16:51:03','2019-01-19 16:51:03','\0'),(2485,15,'Aguazul','2019-01-19 16:51:55','2019-01-19 16:51:55','\0'),(2486,15,'Chámeza','2019-01-19 16:51:55','2019-01-19 16:51:55','\0'),(2487,15,'Hato Corozal','2019-01-19 16:51:55','2019-01-19 16:51:55','\0'),(2488,15,'La Salina','2019-01-19 16:51:55','2019-01-19 16:51:55','\0'),(2489,15,'Maní','2019-01-19 16:51:55','2019-01-19 16:51:55','\0'),(2490,15,'Monterrey','2019-01-19 16:51:55','2019-01-19 16:51:55','\0'),(2491,15,'Nunchía','2019-01-19 16:51:55','2019-01-19 16:51:55','\0'),(2492,15,'Orocué','2019-01-19 16:51:55','2019-01-19 16:51:55','\0'),(2493,15,'Paz de Ariporo','2019-01-19 16:51:55','2019-01-19 16:51:55','\0'),(2494,15,'Pore','2019-01-19 16:51:55','2019-01-19 16:51:55','\0'),(2495,15,'Recetor','2019-01-19 16:51:55','2019-01-19 16:51:55','\0'),(2496,15,'Sabanalarga','2019-01-19 16:51:55','2019-01-19 16:51:55','\0'),(2497,15,'San Luís de Palenque','2019-01-19 16:51:55','2019-01-19 16:51:55','\0'),(2498,15,'Sácama','2019-01-19 16:51:55','2019-01-19 16:51:55','\0'),(2499,15,'Tauramena','2019-01-19 16:51:55','2019-01-19 16:51:55','\0'),(2500,15,'Trinidad','2019-01-19 16:51:55','2019-01-19 16:51:55','\0'),(2501,15,'Támara','2019-01-19 16:51:55','2019-01-19 16:51:55','\0'),(2502,15,'Villanueva','2019-01-19 16:51:55','2019-01-19 16:51:55','\0'),(2503,15,'Yopal','2019-01-19 16:51:55','2019-01-19 16:51:55','\0'),(2516,16,'Almaguer','2019-01-19 16:52:57','2019-01-19 16:52:57','\0'),(2517,16,'Argelia','2019-01-19 16:52:57','2019-01-19 16:52:57','\0'),(2518,16,'Balboa','2019-01-19 16:52:57','2019-01-19 16:52:57','\0'),(2519,16,'Bolívar','2019-01-19 16:52:57','2019-01-19 16:52:57','\0'),(2520,16,'Buenos Aires','2019-01-19 16:52:57','2019-01-19 16:52:57','\0'),(2521,16,'Cajibío','2019-01-19 16:52:57','2019-01-19 16:52:57','\0'),(2522,16,'Caldono','2019-01-19 16:52:57','2019-01-19 16:52:57','\0'),(2523,16,'Caloto','2019-01-19 16:52:57','2019-01-19 16:52:57','\0'),(2524,16,'Corinto','2019-01-19 16:52:57','2019-01-19 16:52:57','\0'),(2525,16,'El Tambo','2019-01-19 16:52:57','2019-01-19 16:52:57','\0'),(2526,16,'Florencia','2019-01-19 16:52:57','2019-01-19 16:52:57','\0'),(2527,16,'Guachené','2019-01-19 16:52:57','2019-01-19 16:52:57','\0'),(2528,16,'Guapí','2019-01-19 16:52:57','2019-01-19 16:52:57','\0'),(2529,16,'Inzá','2019-01-19 16:52:57','2019-01-19 16:52:57','\0'),(2530,16,'Jambaló','2019-01-19 16:52:57','2019-01-19 16:52:57','\0'),(2531,16,'La Sierra','2019-01-19 16:52:57','2019-01-19 16:52:57','\0'),(2532,16,'La Vega','2019-01-19 16:52:57','2019-01-19 16:52:57','\0'),(2533,16,'López (Micay)','2019-01-19 16:52:57','2019-01-19 16:52:57','\0'),(2534,16,'Mercaderes','2019-01-19 16:52:57','2019-01-19 16:52:57','\0'),(2535,16,'Miranda','2019-01-19 16:52:57','2019-01-19 16:52:57','\0'),(2536,16,'Morales','2019-01-19 16:52:57','2019-01-19 16:52:57','\0'),(2537,16,'Padilla','2019-01-19 16:52:57','2019-01-19 16:52:57','\0'),(2538,16,'Patía (El Bordo)','2019-01-19 16:52:57','2019-01-19 16:52:57','\0'),(2539,16,'Piamonte','2019-01-19 16:52:57','2019-01-19 16:52:57','\0'),(2540,16,'Piendamó','2019-01-19 16:52:57','2019-01-19 16:52:57','\0'),(2541,16,'Popayán','2019-01-19 16:52:57','2019-01-19 16:52:57','\0'),(2542,16,'Puerto Tejada','2019-01-19 16:52:57','2019-01-19 16:52:57','\0'),(2543,16,'Puracé (Coconuco)','2019-01-19 16:52:57','2019-01-19 16:52:57','\0'),(2544,16,'Páez (Belalcazar)','2019-01-19 16:52:57','2019-01-19 16:52:57','\0'),(2545,16,'Rosas','2019-01-19 16:52:57','2019-01-19 16:52:57','\0'),(2546,16,'San Sebastián','2019-01-19 16:52:57','2019-01-19 16:52:57','\0'),(2547,16,'Santa Rosa','2019-01-19 16:52:57','2019-01-19 16:52:57','\0'),(2548,16,'Santander de Quilichao','2019-01-19 16:52:57','2019-01-19 16:52:57','\0'),(2549,16,'Silvia','2019-01-19 16:52:57','2019-01-19 16:52:57','\0'),(2550,16,'Sotara (Paispamba)','2019-01-19 16:52:57','2019-01-19 16:52:57','\0'),(2551,16,'Sucre','2019-01-19 16:52:57','2019-01-19 16:52:57','\0'),(2552,16,'Suárez','2019-01-19 16:52:57','2019-01-19 16:52:57','\0'),(2553,16,'Timbiquí','2019-01-19 16:52:57','2019-01-19 16:52:57','\0'),(2554,16,'Timbío','2019-01-19 16:52:57','2019-01-19 16:52:57','\0'),(2555,16,'Toribío','2019-01-19 16:52:57','2019-01-19 16:52:57','\0'),(2556,16,'Totoró','2019-01-19 16:52:57','2019-01-19 16:52:57','\0'),(2557,16,'Villa Rica','2019-01-19 16:52:57','2019-01-19 16:52:57','\0'),(2579,17,'Aguachica','2019-01-19 16:53:49','2019-01-19 16:53:49','\0'),(2580,17,'Agustín Codazzi','2019-01-19 16:53:49','2019-01-19 16:53:49','\0'),(2581,17,'Astrea','2019-01-19 16:53:49','2019-01-19 16:53:49','\0'),(2582,17,'Becerríl','2019-01-19 16:53:49','2019-01-19 16:53:49','\0'),(2583,17,'Bosconia','2019-01-19 16:53:49','2019-01-19 16:53:49','\0'),(2584,17,'Chimichagua','2019-01-19 16:53:49','2019-01-19 16:53:49','\0'),(2585,17,'Chiriguaná','2019-01-19 16:53:49','2019-01-19 16:53:49','\0'),(2586,17,'Curumaní','2019-01-19 16:53:49','2019-01-19 16:53:49','\0'),(2587,17,'El Copey','2019-01-19 16:53:49','2019-01-19 16:53:49','\0'),(2588,17,'El Paso','2019-01-19 16:53:49','2019-01-19 16:53:49','\0'),(2589,17,'Gamarra','2019-01-19 16:53:49','2019-01-19 16:53:49','\0'),(2590,17,'Gonzalez','2019-01-19 16:53:49','2019-01-19 16:53:49','\0'),(2591,17,'La Gloria','2019-01-19 16:53:49','2019-01-19 16:53:49','\0'),(2592,17,'La Jagua de Ibirico','2019-01-19 16:53:49','2019-01-19 16:53:49','\0'),(2593,17,'La Paz (Robles)','2019-01-19 16:53:49','2019-01-19 16:53:49','\0'),(2594,17,'Manaure Balcón del Cesar','2019-01-19 16:53:49','2019-01-19 16:53:49','\0'),(2595,17,'Pailitas','2019-01-19 16:53:49','2019-01-19 16:53:49','\0'),(2596,17,'Pelaya','2019-01-19 16:53:49','2019-01-19 16:53:49','\0'),(2597,17,'Pueblo Bello','2019-01-19 16:53:49','2019-01-19 16:53:49','\0'),(2598,17,'Río de oro','2019-01-19 16:53:49','2019-01-19 16:53:49','\0'),(2599,17,'San Alberto','2019-01-19 16:53:49','2019-01-19 16:53:49','\0'),(2600,17,'San Diego','2019-01-19 16:53:49','2019-01-19 16:53:49','\0'),(2601,17,'San Martín','2019-01-19 16:53:49','2019-01-19 16:53:49','\0'),(2602,17,'Tamalameque','2019-01-19 16:53:49','2019-01-19 16:53:49','\0'),(2603,17,'Valledupar','2019-01-19 16:53:49','2019-01-19 16:53:49','\0'),(2610,17,'Aguachica','2019-01-19 16:53:49','2019-01-19 16:53:49','\0'),(2611,17,'Agustín Codazzi','2019-01-19 16:53:49','2019-01-19 16:53:49','\0'),(2612,17,'Astrea','2019-01-19 16:53:49','2019-01-19 16:53:49','\0'),(2613,17,'Becerríl','2019-01-19 16:53:49','2019-01-19 16:53:49','\0'),(2614,17,'Bosconia','2019-01-19 16:53:49','2019-01-19 16:53:49','\0'),(2615,17,'Chimichagua','2019-01-19 16:53:49','2019-01-19 16:53:49','\0'),(2616,17,'Chiriguaná','2019-01-19 16:53:49','2019-01-19 16:53:49','\0'),(2617,17,'Curumaní','2019-01-19 16:53:49','2019-01-19 16:53:49','\0'),(2618,17,'El Copey','2019-01-19 16:53:49','2019-01-19 16:53:49','\0'),(2619,17,'El Paso','2019-01-19 16:53:49','2019-01-19 16:53:49','\0'),(2620,17,'Gamarra','2019-01-19 16:53:49','2019-01-19 16:53:49','\0'),(2621,17,'Gonzalez','2019-01-19 16:53:49','2019-01-19 16:53:49','\0'),(2622,17,'La Gloria','2019-01-19 16:53:49','2019-01-19 16:53:49','\0'),(2623,17,'La Jagua de Ibirico','2019-01-19 16:53:49','2019-01-19 16:53:49','\0'),(2624,17,'La Paz (Robles)','2019-01-19 16:53:49','2019-01-19 16:53:49','\0'),(2625,17,'Manaure Balcón del Cesar','2019-01-19 16:53:49','2019-01-19 16:53:49','\0'),(2626,17,'Pailitas','2019-01-19 16:53:49','2019-01-19 16:53:49','\0'),(2627,17,'Pelaya','2019-01-19 16:53:49','2019-01-19 16:53:49','\0'),(2628,17,'Pueblo Bello','2019-01-19 16:53:49','2019-01-19 16:53:49','\0'),(2629,17,'Río de oro','2019-01-19 16:53:49','2019-01-19 16:53:49','\0'),(2630,17,'San Alberto','2019-01-19 16:53:49','2019-01-19 16:53:49','\0'),(2631,17,'San Diego','2019-01-19 16:53:49','2019-01-19 16:53:49','\0'),(2632,17,'San Martín','2019-01-19 16:53:49','2019-01-19 16:53:49','\0'),(2633,17,'Tamalameque','2019-01-19 16:53:49','2019-01-19 16:53:49','\0'),(2634,17,'Valledupar','2019-01-19 16:53:49','2019-01-19 16:53:49','\0'),(2641,18,'Acandí','2019-01-19 16:54:32','2019-01-19 16:54:32','\0'),(2642,18,'Alto Baudó (Pie de Pato)','2019-01-19 16:54:32','2019-01-19 16:54:32','\0'),(2643,18,'Atrato (Yuto)','2019-01-19 16:54:32','2019-01-19 16:54:32','\0'),(2644,18,'Bagadó','2019-01-19 16:54:32','2019-01-19 16:54:32','\0'),(2645,18,'Bahía Solano (Mútis)','2019-01-19 16:54:32','2019-01-19 16:54:32','\0'),(2646,18,'Bajo Baudó (Pizarro)','2019-01-19 16:54:32','2019-01-19 16:54:32','\0'),(2647,18,'Belén de Bajirá','2019-01-19 16:54:32','2019-01-19 16:54:32','\0'),(2648,18,'Bojayá (Bellavista)','2019-01-19 16:54:32','2019-01-19 16:54:32','\0'),(2649,18,'Cantón de San Pablo','2019-01-19 16:54:32','2019-01-19 16:54:32','\0'),(2650,18,'Carmen del Darién (CURBARADÓ)','2019-01-19 16:54:32','2019-01-19 16:54:32','\0'),(2651,18,'Condoto','2019-01-19 16:54:32','2019-01-19 16:54:32','\0'),(2652,18,'Cértegui','2019-01-19 16:54:32','2019-01-19 16:54:32','\0'),(2653,18,'El Carmen de Atrato','2019-01-19 16:54:32','2019-01-19 16:54:32','\0'),(2654,18,'Istmina','2019-01-19 16:54:32','2019-01-19 16:54:32','\0'),(2655,18,'Juradó','2019-01-19 16:54:32','2019-01-19 16:54:32','\0'),(2656,18,'Lloró','2019-01-19 16:54:32','2019-01-19 16:54:32','\0'),(2657,18,'Medio Atrato','2019-01-19 16:54:32','2019-01-19 16:54:32','\0'),(2658,18,'Medio Baudó','2019-01-19 16:54:32','2019-01-19 16:54:32','\0'),(2659,18,'Medio San Juan (ANDAGOYA)','2019-01-19 16:54:32','2019-01-19 16:54:32','\0'),(2660,18,'Novita','2019-01-19 16:54:32','2019-01-19 16:54:32','\0'),(2661,18,'Nuquí','2019-01-19 16:54:32','2019-01-19 16:54:32','\0'),(2662,18,'Quibdó','2019-01-19 16:54:32','2019-01-19 16:54:32','\0'),(2663,18,'Río Iró','2019-01-19 16:54:32','2019-01-19 16:54:32','\0'),(2664,18,'Río Quito','2019-01-19 16:54:32','2019-01-19 16:54:32','\0'),(2665,18,'Ríosucio','2019-01-19 16:54:32','2019-01-19 16:54:32','\0'),(2666,18,'San José del Palmar','2019-01-19 16:54:32','2019-01-19 16:54:32','\0'),(2667,18,'Santa Genoveva de Docorodó','2019-01-19 16:54:32','2019-01-19 16:54:32','\0'),(2668,18,'Sipí','2019-01-19 16:54:32','2019-01-19 16:54:32','\0'),(2669,18,'Tadó','2019-01-19 16:54:32','2019-01-19 16:54:32','\0'),(2670,18,'Unguía','2019-01-19 16:54:32','2019-01-19 16:54:32','\0'),(2671,18,'Unión Panamericana (ÁNIMAS)','2019-01-19 16:54:32','2019-01-19 16:54:32','\0'),(2672,19,'Ayapel','2019-01-19 16:55:03','2019-01-19 16:55:03','\0'),(2673,19,'Buenavista','2019-01-19 16:55:03','2019-01-19 16:55:03','\0'),(2674,19,'Canalete','2019-01-19 16:55:03','2019-01-19 16:55:03','\0'),(2675,19,'Cereté','2019-01-19 16:55:03','2019-01-19 16:55:03','\0'),(2676,19,'Chimá','2019-01-19 16:55:03','2019-01-19 16:55:03','\0'),(2677,19,'Chinú','2019-01-19 16:55:03','2019-01-19 16:55:03','\0'),(2678,19,'Ciénaga de Oro','2019-01-19 16:55:03','2019-01-19 16:55:03','\0'),(2679,19,'Cotorra','2019-01-19 16:55:03','2019-01-19 16:55:03','\0'),(2680,19,'La Apartada y La Frontera','2019-01-19 16:55:03','2019-01-19 16:55:03','\0'),(2681,19,'Lorica','2019-01-19 16:55:03','2019-01-19 16:55:03','\0'),(2682,19,'Los Córdobas','2019-01-19 16:55:03','2019-01-19 16:55:03','\0'),(2683,19,'Momil','2019-01-19 16:55:03','2019-01-19 16:55:03','\0'),(2684,19,'Montelíbano','2019-01-19 16:55:03','2019-01-19 16:55:03','\0'),(2685,19,'Monteria','2019-01-19 16:55:03','2019-01-19 16:55:03','\0'),(2686,19,'Moñitos','2019-01-19 16:55:03','2019-01-19 16:55:03','\0'),(2687,19,'Planeta Rica','2019-01-19 16:55:03','2019-01-19 16:55:03','\0'),(2688,19,'Pueblo Nuevo','2019-01-19 16:55:03','2019-01-19 16:55:03','\0'),(2689,19,'Puerto Escondido','2019-01-19 16:55:03','2019-01-19 16:55:03','\0'),(2690,19,'Puerto Libertador','2019-01-19 16:55:03','2019-01-19 16:55:03','\0'),(2691,19,'Purísima','2019-01-19 16:55:03','2019-01-19 16:55:03','\0'),(2692,19,'Sahagún','2019-01-19 16:55:03','2019-01-19 16:55:03','\0'),(2693,19,'San Andrés Sotavento','2019-01-19 16:55:03','2019-01-19 16:55:03','\0'),(2694,19,'San Antero','2019-01-19 16:55:03','2019-01-19 16:55:03','\0'),(2695,19,'San Bernardo del Viento','2019-01-19 16:55:03','2019-01-19 16:55:03','\0'),(2696,19,'San Carlos','2019-01-19 16:55:03','2019-01-19 16:55:03','\0'),(2697,19,'San José de Uré','2019-01-19 16:55:03','2019-01-19 16:55:03','\0'),(2698,19,'San Pelayo','2019-01-19 16:55:03','2019-01-19 16:55:03','\0'),(2699,19,'Tierralta','2019-01-19 16:55:03','2019-01-19 16:55:03','\0'),(2700,19,'Tuchín','2019-01-19 16:55:03','2019-01-19 16:55:03','\0'),(2701,19,'Valencia','2019-01-19 16:55:03','2019-01-19 16:55:03','\0'),(2703,20,'Agua de Dios','2019-01-19 16:58:13','2019-01-19 16:58:13','\0'),(2704,20,'Albán','2019-01-19 16:58:13','2019-01-19 16:58:13','\0'),(2705,20,'Anapoima','2019-01-19 16:58:13','2019-01-19 16:58:13','\0'),(2706,20,'Anolaima','2019-01-19 16:58:13','2019-01-19 16:58:13','\0'),(2707,20,'Apulo','2019-01-19 16:58:13','2019-01-19 16:58:13','\0'),(2708,20,'Arbeláez','2019-01-19 16:58:13','2019-01-19 16:58:13','\0'),(2709,20,'Beltrán','2019-01-19 16:58:13','2019-01-19 16:58:13','\0'),(2710,20,'Bituima','2019-01-19 16:58:13','2019-01-19 16:58:13','\0'),(2711,20,'Bojacá','2019-01-19 16:58:13','2019-01-19 16:58:13','\0'),(2712,20,'Cabrera','2019-01-19 16:58:13','2019-01-19 16:58:13','\0'),(2713,20,'Cachipay','2019-01-19 16:58:13','2019-01-19 16:58:13','\0'),(2714,20,'Cajicá','2019-01-19 16:58:13','2019-01-19 16:58:13','\0'),(2715,20,'Caparrapí','2019-01-19 16:58:13','2019-01-19 16:58:13','\0'),(2716,20,'Carmen de Carupa','2019-01-19 16:58:13','2019-01-19 16:58:13','\0'),(2717,20,'Chaguaní','2019-01-19 16:58:13','2019-01-19 16:58:13','\0'),(2718,20,'Chipaque','2019-01-19 16:58:13','2019-01-19 16:58:13','\0'),(2719,20,'Choachí','2019-01-19 16:58:13','2019-01-19 16:58:13','\0'),(2720,20,'Chocontá','2019-01-19 16:58:13','2019-01-19 16:58:13','\0'),(2721,20,'Chía','2019-01-19 16:58:13','2019-01-19 16:58:13','\0'),(2722,20,'Cogua','2019-01-19 16:58:13','2019-01-19 16:58:13','\0'),(2723,20,'Cota','2019-01-19 16:58:13','2019-01-19 16:58:13','\0'),(2724,20,'Cucunubá','2019-01-19 16:58:13','2019-01-19 16:58:13','\0'),(2725,20,'Cáqueza','2019-01-19 16:58:13','2019-01-19 16:58:13','\0'),(2726,20,'El Colegio','2019-01-19 16:58:13','2019-01-19 16:58:13','\0'),(2727,20,'El Peñón','2019-01-19 16:58:13','2019-01-19 16:58:13','\0'),(2728,20,'El Rosal','2019-01-19 16:58:13','2019-01-19 16:58:13','\0'),(2729,20,'Facatativá','2019-01-19 16:58:13','2019-01-19 16:58:13','\0'),(2730,20,'Fosca','2019-01-19 16:58:13','2019-01-19 16:58:13','\0'),(2731,20,'Funza','2019-01-19 16:58:13','2019-01-19 16:58:13','\0'),(2732,20,'Fusagasugá','2019-01-19 16:58:13','2019-01-19 16:58:13','\0'),(2733,20,'Fómeque','2019-01-19 16:58:13','2019-01-19 16:58:13','\0'),(2734,20,'Fúquene','2019-01-19 16:58:13','2019-01-19 16:58:13','\0'),(2735,20,'Gachalá','2019-01-19 16:58:13','2019-01-19 16:58:13','\0'),(2736,20,'Gachancipá','2019-01-19 16:58:13','2019-01-19 16:58:13','\0'),(2737,20,'Gachetá','2019-01-19 16:58:13','2019-01-19 16:58:13','\0'),(2738,20,'Gama','2019-01-19 16:58:13','2019-01-19 16:58:13','\0'),(2739,20,'Girardot','2019-01-19 16:58:13','2019-01-19 16:58:13','\0'),(2740,20,'Granada','2019-01-19 16:58:13','2019-01-19 16:58:13','\0'),(2741,20,'Guachetá','2019-01-19 16:58:13','2019-01-19 16:58:13','\0'),(2742,20,'Guaduas','2019-01-19 16:58:13','2019-01-19 16:58:13','\0'),(2743,20,'Guasca','2019-01-19 16:58:13','2019-01-19 16:58:13','\0'),(2744,20,'Guataquí','2019-01-19 16:58:13','2019-01-19 16:58:13','\0'),(2745,20,'Guatavita','2019-01-19 16:58:13','2019-01-19 16:58:13','\0'),(2746,20,'Guayabal de Siquima','2019-01-19 16:58:13','2019-01-19 16:58:13','\0'),(2747,20,'Guayabetal','2019-01-19 16:58:13','2019-01-19 16:58:13','\0'),(2748,20,'Gutiérrez','2019-01-19 16:58:13','2019-01-19 16:58:13','\0'),(2749,20,'Jerusalén','2019-01-19 16:58:13','2019-01-19 16:58:13','\0'),(2750,20,'Junín','2019-01-19 16:58:13','2019-01-19 16:58:13','\0'),(2751,20,'La Calera','2019-01-19 16:58:13','2019-01-19 16:58:13','\0'),(2752,20,'La Mesa','2019-01-19 16:58:13','2019-01-19 16:58:13','\0'),(2753,20,'La Palma','2019-01-19 16:58:13','2019-01-19 16:58:13','\0'),(2754,20,'La Peña','2019-01-19 16:58:13','2019-01-19 16:58:13','\0'),(2755,20,'La Vega','2019-01-19 16:58:13','2019-01-19 16:58:13','\0'),(2756,20,'Lenguazaque','2019-01-19 16:58:13','2019-01-19 16:58:13','\0'),(2757,20,'Machetá','2019-01-19 16:58:13','2019-01-19 16:58:13','\0'),(2758,20,'Madrid','2019-01-19 16:58:13','2019-01-19 16:58:13','\0'),(2759,20,'Manta','2019-01-19 16:58:13','2019-01-19 16:58:13','\0'),(2760,20,'Medina','2019-01-19 16:58:13','2019-01-19 16:58:13','\0'),(2761,20,'Mosquera','2019-01-19 16:58:13','2019-01-19 16:58:13','\0'),(2762,20,'Nariño','2019-01-19 16:58:13','2019-01-19 16:58:13','\0'),(2763,20,'Nemocón','2019-01-19 16:58:13','2019-01-19 16:58:13','\0'),(2764,20,'Nilo','2019-01-19 16:58:13','2019-01-19 16:58:13','\0'),(2765,20,'Nimaima','2019-01-19 16:58:13','2019-01-19 16:58:13','\0'),(2766,20,'Nocaima','2019-01-19 16:58:13','2019-01-19 16:58:13','\0'),(2767,20,'Pacho','2019-01-19 16:58:13','2019-01-19 16:58:13','\0'),(2768,20,'Paime','2019-01-19 16:58:13','2019-01-19 16:58:13','\0'),(2769,20,'Pandi','2019-01-19 16:58:13','2019-01-19 16:58:13','\0'),(2770,20,'Paratebueno','2019-01-19 16:58:13','2019-01-19 16:58:13','\0'),(2771,20,'Pasca','2019-01-19 16:58:13','2019-01-19 16:58:13','\0'),(2772,20,'Puerto Salgar','2019-01-19 16:58:13','2019-01-19 16:58:13','\0'),(2773,20,'Pulí','2019-01-19 16:58:13','2019-01-19 16:58:13','\0'),(2774,20,'Quebradanegra','2019-01-19 16:58:13','2019-01-19 16:58:13','\0'),(2775,20,'Quetame','2019-01-19 16:58:13','2019-01-19 16:58:13','\0'),(2776,20,'Quipile','2019-01-19 16:58:13','2019-01-19 16:58:13','\0'),(2777,20,'Ricaurte','2019-01-19 16:58:13','2019-01-19 16:58:13','\0'),(2778,20,'San Antonio de Tequendama','2019-01-19 16:58:13','2019-01-19 16:58:13','\0'),(2779,20,'San Bernardo','2019-01-19 16:58:13','2019-01-19 16:58:13','\0'),(2780,20,'San Cayetano','2019-01-19 16:58:13','2019-01-19 16:58:13','\0'),(2781,20,'San Francisco','2019-01-19 16:58:13','2019-01-19 16:58:13','\0'),(2782,20,'San Juan de Río Seco','2019-01-19 16:58:13','2019-01-19 16:58:13','\0'),(2783,20,'Sasaima','2019-01-19 16:58:13','2019-01-19 16:58:13','\0'),(2784,20,'Sesquilé','2019-01-19 16:58:13','2019-01-19 16:58:13','\0'),(2785,20,'Sibaté','2019-01-19 16:58:13','2019-01-19 16:58:13','\0'),(2786,20,'Silvania','2019-01-19 16:58:13','2019-01-19 16:58:13','\0'),(2787,20,'Simijaca','2019-01-19 16:58:13','2019-01-19 16:58:13','\0'),(2788,20,'Soacha','2019-01-19 16:58:13','2019-01-19 16:58:13','\0'),(2789,20,'Sopó','2019-01-19 16:58:13','2019-01-19 16:58:13','\0'),(2790,20,'Subachoque','2019-01-19 16:58:13','2019-01-19 16:58:13','\0'),(2791,20,'Suesca','2019-01-19 16:58:13','2019-01-19 16:58:13','\0'),(2792,20,'Supatá','2019-01-19 16:58:13','2019-01-19 16:58:13','\0'),(2793,20,'Susa','2019-01-19 16:58:13','2019-01-19 16:58:13','\0'),(2794,20,'Sutatausa','2019-01-19 16:58:13','2019-01-19 16:58:13','\0'),(2795,20,'Tabio','2019-01-19 16:58:13','2019-01-19 16:58:13','\0'),(2796,20,'Tausa','2019-01-19 16:58:13','2019-01-19 16:58:13','\0'),(2797,20,'Tena','2019-01-19 16:58:13','2019-01-19 16:58:13','\0'),(2798,20,'Tenjo','2019-01-19 16:58:13','2019-01-19 16:58:13','\0'),(2799,20,'Tibacuy','2019-01-19 16:58:13','2019-01-19 16:58:13','\0'),(2800,20,'Tibirita','2019-01-19 16:58:13','2019-01-19 16:58:13','\0'),(2801,20,'Tocaima','2019-01-19 16:58:13','2019-01-19 16:58:13','\0'),(2802,20,'Tocancipá','2019-01-19 16:58:13','2019-01-19 16:58:13','\0'),(2803,20,'Topaipí','2019-01-19 16:58:13','2019-01-19 16:58:13','\0'),(2804,20,'Ubalá','2019-01-19 16:58:13','2019-01-19 16:58:13','\0'),(2805,20,'Ubaque','2019-01-19 16:58:13','2019-01-19 16:58:13','\0'),(2806,20,'Ubaté','2019-01-19 16:58:13','2019-01-19 16:58:13','\0'),(2807,20,'Une','2019-01-19 16:58:13','2019-01-19 16:58:13','\0'),(2808,20,'Venecia (Ospina Pérez)','2019-01-19 16:58:13','2019-01-19 16:58:13','\0'),(2809,20,'Vergara','2019-01-19 16:58:13','2019-01-19 16:58:13','\0'),(2810,20,'Viani','2019-01-19 16:58:13','2019-01-19 16:58:13','\0'),(2811,20,'Villagómez','2019-01-19 16:58:13','2019-01-19 16:58:13','\0'),(2812,20,'Villapinzón','2019-01-19 16:58:13','2019-01-19 16:58:13','\0'),(2813,20,'Villeta','2019-01-19 16:58:13','2019-01-19 16:58:13','\0'),(2814,20,'Viotá','2019-01-19 16:58:13','2019-01-19 16:58:13','\0'),(2815,20,'Yacopí','2019-01-19 16:58:13','2019-01-19 16:58:13','\0'),(2816,20,'Zipacón','2019-01-19 16:58:13','2019-01-19 16:58:13','\0'),(2817,20,'Zipaquirá','2019-01-19 16:58:13','2019-01-19 16:58:13','\0'),(2818,20,'Útica','2019-01-19 16:58:13','2019-01-19 16:58:13','\0'),(2830,21,'Inírida','2019-01-19 16:59:16','2019-01-19 16:59:16','\0'),(2831,21,'Barranco Mina','2019-01-19 17:00:55','2019-01-19 17:00:55','\0'),(2832,21,'Mapiripana','2019-01-19 17:00:55','2019-01-19 17:00:55','\0'),(2833,21,'San Felipe','2019-01-19 17:00:55','2019-01-19 17:00:55','\0'),(2834,21,'Puerto Colombia','2019-01-19 17:00:55','2019-01-19 17:00:55','\0'),(2835,21,'Guadalupe','2019-01-19 17:00:55','2019-01-19 17:00:55','\0'),(2836,21,'Cacahual','2019-01-19 17:00:55','2019-01-19 17:00:55','\0'),(2837,21,'Pana Pana','2019-01-19 17:00:55','2019-01-19 17:00:55','\0'),(2838,21,'Morichal','2019-01-19 17:00:55','2019-01-19 17:00:55','\0'),(2839,22,'Calamar','2019-01-19 17:01:51','2019-01-19 17:01:51','\0'),(2840,22,'El Retorno','2019-01-19 17:01:51','2019-01-19 17:01:51','\0'),(2841,22,'Miraflores','2019-01-19 17:01:51','2019-01-19 17:01:51','\0'),(2842,22,'San José del Guaviare','2019-01-19 17:01:51','2019-01-19 17:01:51','\0'),(2846,23,'Acevedo','2019-01-19 17:04:06','2019-01-19 17:04:06','\0'),(2847,23,'Agrado','2019-01-19 17:04:06','2019-01-19 17:04:06','\0'),(2848,23,'Aipe','2019-01-19 17:04:06','2019-01-19 17:04:06','\0'),(2849,23,'Algeciras','2019-01-19 17:04:06','2019-01-19 17:04:06','\0'),(2850,23,'Altamira','2019-01-19 17:04:06','2019-01-19 17:04:06','\0'),(2851,23,'Baraya','2019-01-19 17:04:06','2019-01-19 17:04:06','\0'),(2852,23,'Campoalegre','2019-01-19 17:04:06','2019-01-19 17:04:06','\0'),(2853,23,'Colombia','2019-01-19 17:04:06','2019-01-19 17:04:06','\0'),(2854,23,'Elías','2019-01-19 17:04:06','2019-01-19 17:04:06','\0'),(2855,23,'Garzón','2019-01-19 17:04:06','2019-01-19 17:04:06','\0'),(2856,23,'Gigante','2019-01-19 17:04:06','2019-01-19 17:04:06','\0'),(2857,23,'Guadalupe','2019-01-19 17:04:06','2019-01-19 17:04:06','\0'),(2858,23,'Hobo','2019-01-19 17:04:06','2019-01-19 17:04:06','\0'),(2859,23,'Isnos','2019-01-19 17:04:06','2019-01-19 17:04:06','\0'),(2860,23,'La Argentina','2019-01-19 17:04:06','2019-01-19 17:04:06','\0'),(2861,23,'La Plata','2019-01-19 17:04:06','2019-01-19 17:04:06','\0'),(2862,23,'Neiva','2019-01-19 17:04:06','2019-01-19 17:04:06','\0'),(2863,23,'Nátaga','2019-01-19 17:04:06','2019-01-19 17:04:06','\0'),(2864,23,'Oporapa','2019-01-19 17:04:06','2019-01-19 17:04:06','\0'),(2865,23,'Paicol','2019-01-19 17:04:06','2019-01-19 17:04:06','\0'),(2866,23,'Palermo','2019-01-19 17:04:06','2019-01-19 17:04:06','\0'),(2867,23,'Palestina','2019-01-19 17:04:06','2019-01-19 17:04:06','\0'),(2868,23,'Pital','2019-01-19 17:04:06','2019-01-19 17:04:06','\0'),(2869,23,'Pitalito','2019-01-19 17:04:06','2019-01-19 17:04:06','\0'),(2870,23,'Rivera','2019-01-19 17:04:06','2019-01-19 17:04:06','\0'),(2871,23,'Saladoblanco','2019-01-19 17:04:06','2019-01-19 17:04:06','\0'),(2872,23,'San Agustín','2019-01-19 17:04:06','2019-01-19 17:04:06','\0'),(2873,23,'Santa María','2019-01-19 17:04:06','2019-01-19 17:04:06','\0'),(2874,23,'Suaza','2019-01-19 17:04:06','2019-01-19 17:04:06','\0'),(2875,23,'Tarqui','2019-01-19 17:04:06','2019-01-19 17:04:06','\0'),(2876,23,'Tello','2019-01-19 17:04:06','2019-01-19 17:04:06','\0'),(2877,23,'Teruel','2019-01-19 17:04:06','2019-01-19 17:04:06','\0'),(2878,23,'Tesalia','2019-01-19 17:04:06','2019-01-19 17:04:06','\0'),(2879,23,'Timaná','2019-01-19 17:04:06','2019-01-19 17:04:06','\0'),(2880,23,'Villavieja','2019-01-19 17:04:06','2019-01-19 17:04:06','\0'),(2881,23,'Yaguará','2019-01-19 17:04:06','2019-01-19 17:04:06','\0'),(2882,23,'Íquira','2019-01-19 17:04:06','2019-01-19 17:04:06','\0'),(2909,24,'Albania','2019-01-19 17:04:35','2019-01-19 17:04:35','\0'),(2910,24,'Barrancas','2019-01-19 17:04:35','2019-01-19 17:04:35','\0'),(2911,24,'Dibulla','2019-01-19 17:04:35','2019-01-19 17:04:35','\0'),(2912,24,'Distracción','2019-01-19 17:04:35','2019-01-19 17:04:35','\0'),(2913,24,'El Molino','2019-01-19 17:04:35','2019-01-19 17:04:35','\0'),(2914,24,'Fonseca','2019-01-19 17:04:35','2019-01-19 17:04:35','\0'),(2915,24,'Hatonuevo','2019-01-19 17:04:35','2019-01-19 17:04:35','\0'),(2916,24,'La Jagua del Pilar','2019-01-19 17:04:35','2019-01-19 17:04:35','\0'),(2917,24,'Maicao','2019-01-19 17:04:35','2019-01-19 17:04:35','\0'),(2918,24,'Manaure','2019-01-19 17:04:35','2019-01-19 17:04:35','\0'),(2919,24,'Riohacha','2019-01-19 17:04:35','2019-01-19 17:04:35','\0'),(2920,24,'San Juan del Cesar','2019-01-19 17:04:35','2019-01-19 17:04:35','\0'),(2921,24,'Uribia','2019-01-19 17:04:35','2019-01-19 17:04:35','\0'),(2922,24,'Urumita','2019-01-19 17:04:35','2019-01-19 17:04:35','\0'),(2923,24,'Villanueva','2019-01-19 17:04:35','2019-01-19 17:04:35','\0'),(2924,25,'Algarrobo','2019-01-19 17:05:10','2019-01-19 17:05:10','\0'),(2925,25,'Aracataca','2019-01-19 17:05:10','2019-01-19 17:05:10','\0'),(2926,25,'Ariguaní (El Difícil)','2019-01-19 17:05:10','2019-01-19 17:05:10','\0'),(2927,25,'Cerro San Antonio','2019-01-19 17:05:10','2019-01-19 17:05:10','\0'),(2928,25,'Chivolo','2019-01-19 17:05:10','2019-01-19 17:05:10','\0'),(2929,25,'Ciénaga','2019-01-19 17:05:10','2019-01-19 17:05:10','\0'),(2930,25,'Concordia','2019-01-19 17:05:10','2019-01-19 17:05:10','\0'),(2931,25,'El Banco','2019-01-19 17:05:10','2019-01-19 17:05:10','\0'),(2932,25,'El Piñon','2019-01-19 17:05:10','2019-01-19 17:05:10','\0'),(2933,25,'El Retén','2019-01-19 17:05:10','2019-01-19 17:05:10','\0'),(2934,25,'Fundación','2019-01-19 17:05:10','2019-01-19 17:05:10','\0'),(2935,25,'Guamal','2019-01-19 17:05:10','2019-01-19 17:05:10','\0'),(2936,25,'Nueva Granada','2019-01-19 17:05:10','2019-01-19 17:05:10','\0'),(2937,25,'Pedraza','2019-01-19 17:05:10','2019-01-19 17:05:10','\0'),(2938,25,'Pijiño','2019-01-19 17:05:10','2019-01-19 17:05:10','\0'),(2939,25,'Pivijay','2019-01-19 17:05:10','2019-01-19 17:05:10','\0'),(2940,25,'Plato','2019-01-19 17:05:10','2019-01-19 17:05:10','\0'),(2941,25,'Puebloviejo','2019-01-19 17:05:10','2019-01-19 17:05:10','\0'),(2942,25,'Remolino','2019-01-19 17:05:10','2019-01-19 17:05:10','\0'),(2943,25,'Sabanas de San Angel (SAN ANGEL)','2019-01-19 17:05:10','2019-01-19 17:05:10','\0'),(2944,25,'Salamina','2019-01-19 17:05:10','2019-01-19 17:05:10','\0'),(2945,25,'San Sebastián de Buenavista','2019-01-19 17:05:10','2019-01-19 17:05:10','\0'),(2946,25,'San Zenón','2019-01-19 17:05:10','2019-01-19 17:05:10','\0'),(2947,25,'Santa Ana','2019-01-19 17:05:10','2019-01-19 17:05:10','\0'),(2948,25,'Santa Bárbara de Pinto','2019-01-19 17:05:10','2019-01-19 17:05:10','\0'),(2949,25,'Santa Marta','2019-01-19 17:05:10','2019-01-19 17:05:10','\0'),(2950,25,'Sitionuevo','2019-01-19 17:05:10','2019-01-19 17:05:10','\0'),(2951,25,'Tenerife','2019-01-19 17:05:10','2019-01-19 17:05:10','\0'),(2952,25,'Zapayán (PUNTA DE PIEDRAS)','2019-01-19 17:05:10','2019-01-19 17:05:10','\0'),(2953,25,'Zona Bananera (PRADO - SEVILLA)','2019-01-19 17:05:10','2019-01-19 17:05:10','\0'),(2955,26,'Acacías','2019-01-19 17:05:36','2019-01-19 17:05:36','\0'),(2956,26,'Barranca de Upía','2019-01-19 17:05:36','2019-01-19 17:05:36','\0'),(2957,26,'Cabuyaro','2019-01-19 17:05:36','2019-01-19 17:05:36','\0'),(2958,26,'Castilla la Nueva','2019-01-19 17:05:36','2019-01-19 17:05:36','\0'),(2959,26,'Cubarral','2019-01-19 17:05:36','2019-01-19 17:05:36','\0'),(2960,26,'Cumaral','2019-01-19 17:05:36','2019-01-19 17:05:36','\0'),(2961,26,'El Calvario','2019-01-19 17:05:36','2019-01-19 17:05:36','\0'),(2962,26,'El Castillo','2019-01-19 17:05:36','2019-01-19 17:05:36','\0'),(2963,26,'El Dorado','2019-01-19 17:05:36','2019-01-19 17:05:36','\0'),(2964,26,'Fuente de Oro','2019-01-19 17:05:36','2019-01-19 17:05:36','\0'),(2965,26,'Granada','2019-01-19 17:05:36','2019-01-19 17:05:36','\0'),(2966,26,'Guamal','2019-01-19 17:05:36','2019-01-19 17:05:36','\0'),(2967,26,'La Macarena','2019-01-19 17:05:36','2019-01-19 17:05:36','\0'),(2968,26,'Lejanías','2019-01-19 17:05:36','2019-01-19 17:05:36','\0'),(2969,26,'Mapiripan','2019-01-19 17:05:36','2019-01-19 17:05:36','\0'),(2970,26,'Mesetas','2019-01-19 17:05:36','2019-01-19 17:05:36','\0'),(2971,26,'Puerto Concordia','2019-01-19 17:05:36','2019-01-19 17:05:36','\0'),(2972,26,'Puerto Gaitán','2019-01-19 17:05:36','2019-01-19 17:05:36','\0'),(2973,26,'Puerto Lleras','2019-01-19 17:05:36','2019-01-19 17:05:36','\0'),(2974,26,'Puerto López','2019-01-19 17:05:36','2019-01-19 17:05:36','\0'),(2975,26,'Puerto Rico','2019-01-19 17:05:36','2019-01-19 17:05:36','\0'),(2976,26,'Restrepo','2019-01-19 17:05:36','2019-01-19 17:05:36','\0'),(2977,26,'San Carlos de Guaroa','2019-01-19 17:05:36','2019-01-19 17:05:36','\0'),(2978,26,'San Juan de Arama','2019-01-19 17:05:36','2019-01-19 17:05:36','\0'),(2979,26,'San Juanito','2019-01-19 17:05:36','2019-01-19 17:05:36','\0'),(2980,26,'San Martín','2019-01-19 17:05:36','2019-01-19 17:05:36','\0'),(2981,26,'Uribe','2019-01-19 17:05:36','2019-01-19 17:05:36','\0'),(2982,26,'Villavicencio','2019-01-19 17:05:36','2019-01-19 17:05:36','\0'),(2983,26,'Vista Hermosa','2019-01-19 17:05:36','2019-01-19 17:05:36','\0'),(2986,27,'Albán (San José)','2019-01-19 17:06:42','2019-01-19 17:06:42','\0'),(2987,27,'Ancuya','2019-01-19 17:06:42','2019-01-19 17:06:42','\0'),(2988,27,'Arboleda (Berruecos)','2019-01-19 17:06:42','2019-01-19 17:06:42','\0'),(2989,27,'Barbacoas','2019-01-19 17:06:42','2019-01-19 17:06:42','\0'),(2990,27,'Belén','2019-01-19 17:06:42','2019-01-19 17:06:42','\0'),(2991,27,'Buesaco','2019-01-19 17:06:42','2019-01-19 17:06:42','\0'),(2992,27,'Chachaguí','2019-01-19 17:06:42','2019-01-19 17:06:42','\0'),(2993,27,'Colón (Génova)','2019-01-19 17:06:42','2019-01-19 17:06:42','\0'),(2994,27,'Consaca','2019-01-19 17:06:42','2019-01-19 17:06:42','\0'),(2995,27,'Contadero','2019-01-19 17:06:42','2019-01-19 17:06:42','\0'),(2996,27,'Cuaspud (Carlosama)','2019-01-19 17:06:42','2019-01-19 17:06:42','\0'),(2997,27,'Cumbal','2019-01-19 17:06:42','2019-01-19 17:06:42','\0'),(2998,27,'Cumbitara','2019-01-19 17:06:42','2019-01-19 17:06:42','\0'),(2999,27,'Córdoba','2019-01-19 17:06:42','2019-01-19 17:06:42','\0'),(3000,27,'El Charco','2019-01-19 17:06:42','2019-01-19 17:06:42','\0'),(3001,27,'El Peñol','2019-01-19 17:06:42','2019-01-19 17:06:42','\0'),(3002,27,'El Rosario','2019-01-19 17:06:42','2019-01-19 17:06:42','\0'),(3003,27,'El Tablón de Gómez','2019-01-19 17:06:42','2019-01-19 17:06:42','\0'),(3004,27,'El Tambo','2019-01-19 17:06:42','2019-01-19 17:06:42','\0'),(3005,27,'Francisco Pizarro','2019-01-19 17:06:42','2019-01-19 17:06:42','\0'),(3006,27,'Funes','2019-01-19 17:06:42','2019-01-19 17:06:42','\0'),(3007,27,'Guachavés','2019-01-19 17:06:42','2019-01-19 17:06:42','\0'),(3008,27,'Guachucal','2019-01-19 17:06:42','2019-01-19 17:06:42','\0'),(3009,27,'Guaitarilla','2019-01-19 17:06:42','2019-01-19 17:06:42','\0'),(3010,27,'Gualmatán','2019-01-19 17:06:42','2019-01-19 17:06:42','\0'),(3011,27,'Iles','2019-01-19 17:06:42','2019-01-19 17:06:42','\0'),(3012,27,'Imúes','2019-01-19 17:06:42','2019-01-19 17:06:42','\0'),(3013,27,'Ipiales','2019-01-19 17:06:42','2019-01-19 17:06:42','\0'),(3014,27,'La Cruz','2019-01-19 17:06:42','2019-01-19 17:06:42','\0'),(3015,27,'La Florida','2019-01-19 17:06:42','2019-01-19 17:06:42','\0'),(3016,27,'La Llanada','2019-01-19 17:06:42','2019-01-19 17:06:42','\0'),(3017,27,'La Tola','2019-01-19 17:06:42','2019-01-19 17:06:42','\0'),(3018,27,'La Unión','2019-01-19 17:06:42','2019-01-19 17:06:42','\0'),(3019,27,'Leiva','2019-01-19 17:06:42','2019-01-19 17:06:42','\0'),(3020,27,'Linares','2019-01-19 17:06:42','2019-01-19 17:06:42','\0'),(3021,27,'Magüi (Payán)','2019-01-19 17:06:42','2019-01-19 17:06:42','\0'),(3022,27,'Mallama (Piedrancha)','2019-01-19 17:06:42','2019-01-19 17:06:42','\0'),(3023,27,'Mosquera','2019-01-19 17:06:42','2019-01-19 17:06:42','\0'),(3024,27,'Nariño','2019-01-19 17:06:42','2019-01-19 17:06:42','\0'),(3025,27,'Olaya Herrera','2019-01-19 17:06:42','2019-01-19 17:06:42','\0'),(3026,27,'Ospina','2019-01-19 17:06:42','2019-01-19 17:06:42','\0'),(3027,27,'Policarpa','2019-01-19 17:06:42','2019-01-19 17:06:42','\0'),(3028,27,'Potosí','2019-01-19 17:06:42','2019-01-19 17:06:42','\0'),(3029,27,'Providencia','2019-01-19 17:06:42','2019-01-19 17:06:42','\0'),(3030,27,'Puerres','2019-01-19 17:06:42','2019-01-19 17:06:42','\0'),(3031,27,'Pupiales','2019-01-19 17:06:42','2019-01-19 17:06:42','\0'),(3032,27,'Ricaurte','2019-01-19 17:06:42','2019-01-19 17:06:42','\0'),(3033,27,'Roberto Payán (San José)','2019-01-19 17:06:42','2019-01-19 17:06:42','\0'),(3034,27,'Samaniego','2019-01-19 17:06:42','2019-01-19 17:06:42','\0'),(3035,27,'San Bernardo','2019-01-19 17:06:42','2019-01-19 17:06:42','\0'),(3036,27,'San Juan de Pasto','2019-01-19 17:06:42','2019-01-19 17:06:42','\0'),(3037,27,'San Lorenzo','2019-01-19 17:06:42','2019-01-19 17:06:42','\0'),(3038,27,'San Pablo','2019-01-19 17:06:42','2019-01-19 17:06:42','\0'),(3039,27,'San Pedro de Cartago','2019-01-19 17:06:42','2019-01-19 17:06:42','\0'),(3040,27,'Sandoná','2019-01-19 17:06:42','2019-01-19 17:06:42','\0'),(3041,27,'Santa Bárbara (Iscuandé)','2019-01-19 17:06:42','2019-01-19 17:06:42','\0'),(3042,27,'Sapuyes','2019-01-19 17:06:42','2019-01-19 17:06:42','\0'),(3043,27,'Sotomayor (Los Andes)','2019-01-19 17:06:42','2019-01-19 17:06:42','\0'),(3044,27,'Taminango','2019-01-19 17:06:42','2019-01-19 17:06:42','\0'),(3045,27,'Tangua','2019-01-19 17:06:42','2019-01-19 17:06:42','\0'),(3046,27,'Tumaco','2019-01-19 17:06:42','2019-01-19 17:06:42','\0'),(3047,27,'Túquerres','2019-01-19 17:06:42','2019-01-19 17:06:42','\0'),(3048,27,'Yacuanquer','2019-01-19 17:06:42','2019-01-19 17:06:42','\0'),(3049,28,'Arboledas','2019-01-19 17:07:45','2019-01-19 17:07:45','\0'),(3050,28,'Bochalema','2019-01-19 17:07:45','2019-01-19 17:07:45','\0'),(3051,28,'Bucarasica','2019-01-19 17:07:45','2019-01-19 17:07:45','\0'),(3052,28,'Chinácota','2019-01-19 17:07:45','2019-01-19 17:07:45','\0'),(3053,28,'Chitagá','2019-01-19 17:07:45','2019-01-19 17:07:45','\0'),(3054,28,'Convención','2019-01-19 17:07:45','2019-01-19 17:07:45','\0'),(3055,28,'Cucutilla','2019-01-19 17:07:45','2019-01-19 17:07:45','\0'),(3056,28,'Cáchira','2019-01-19 17:07:45','2019-01-19 17:07:45','\0'),(3057,28,'Cácota','2019-01-19 17:07:45','2019-01-19 17:07:45','\0'),(3058,28,'Cúcuta','2019-01-19 17:07:45','2019-01-19 17:07:45','\0'),(3059,28,'Durania','2019-01-19 17:07:45','2019-01-19 17:07:45','\0'),(3060,28,'El Carmen','2019-01-19 17:07:45','2019-01-19 17:07:45','\0'),(3061,28,'El Tarra','2019-01-19 17:07:45','2019-01-19 17:07:45','\0'),(3062,28,'El Zulia','2019-01-19 17:07:45','2019-01-19 17:07:45','\0'),(3063,28,'Gramalote','2019-01-19 17:07:45','2019-01-19 17:07:45','\0'),(3064,28,'Hacarí','2019-01-19 17:07:45','2019-01-19 17:07:45','\0'),(3065,28,'Herrán','2019-01-19 17:07:45','2019-01-19 17:07:45','\0'),(3066,28,'La Esperanza','2019-01-19 17:07:45','2019-01-19 17:07:45','\0'),(3067,28,'La Playa','2019-01-19 17:07:45','2019-01-19 17:07:45','\0'),(3068,28,'Labateca','2019-01-19 17:07:45','2019-01-19 17:07:45','\0'),(3069,28,'Los Patios','2019-01-19 17:07:45','2019-01-19 17:07:45','\0'),(3070,28,'Lourdes','2019-01-19 17:07:45','2019-01-19 17:07:45','\0'),(3071,28,'Mutiscua','2019-01-19 17:07:45','2019-01-19 17:07:45','\0'),(3072,28,'Ocaña','2019-01-19 17:07:45','2019-01-19 17:07:45','\0'),(3073,28,'Pamplona','2019-01-19 17:07:45','2019-01-19 17:07:45','\0'),(3074,28,'Pamplonita','2019-01-19 17:07:45','2019-01-19 17:07:45','\0'),(3075,28,'Puerto Santander','2019-01-19 17:07:45','2019-01-19 17:07:45','\0'),(3076,28,'Ragonvalia','2019-01-19 17:07:45','2019-01-19 17:07:45','\0'),(3077,28,'Salazar','2019-01-19 17:07:45','2019-01-19 17:07:45','\0'),(3078,28,'San Calixto','2019-01-19 17:07:45','2019-01-19 17:07:45','\0'),(3079,28,'San Cayetano','2019-01-19 17:07:45','2019-01-19 17:07:45','\0'),(3080,28,'Santiago','2019-01-19 17:07:45','2019-01-19 17:07:45','\0'),(3081,28,'Sardinata','2019-01-19 17:07:45','2019-01-19 17:07:45','\0'),(3082,28,'Silos','2019-01-19 17:07:45','2019-01-19 17:07:45','\0'),(3083,28,'Teorama','2019-01-19 17:07:45','2019-01-19 17:07:45','\0'),(3084,28,'Tibú','2019-01-19 17:07:45','2019-01-19 17:07:45','\0'),(3085,28,'Toledo','2019-01-19 17:07:45','2019-01-19 17:07:45','\0'),(3086,28,'Villa Caro','2019-01-19 17:07:45','2019-01-19 17:07:45','\0'),(3087,28,'Villa del Rosario','2019-01-19 17:07:45','2019-01-19 17:07:45','\0'),(3088,28,'Ábrego','2019-01-19 17:07:45','2019-01-19 17:07:45','\0'),(3112,28,'Arboledas','2019-01-19 17:07:45','2019-01-19 17:07:45','\0'),(3113,28,'Bochalema','2019-01-19 17:07:45','2019-01-19 17:07:45','\0'),(3114,28,'Bucarasica','2019-01-19 17:07:45','2019-01-19 17:07:45','\0'),(3115,28,'Chinácota','2019-01-19 17:07:45','2019-01-19 17:07:45','\0'),(3116,28,'Chitagá','2019-01-19 17:07:45','2019-01-19 17:07:45','\0'),(3117,28,'Convención','2019-01-19 17:07:45','2019-01-19 17:07:45','\0'),(3118,28,'Cucutilla','2019-01-19 17:07:45','2019-01-19 17:07:45','\0'),(3119,28,'Cáchira','2019-01-19 17:07:45','2019-01-19 17:07:45','\0'),(3120,28,'Cácota','2019-01-19 17:07:45','2019-01-19 17:07:45','\0'),(3121,28,'Cúcuta','2019-01-19 17:07:45','2019-01-19 17:07:45','\0'),(3122,28,'Durania','2019-01-19 17:07:45','2019-01-19 17:07:45','\0'),(3123,28,'El Carmen','2019-01-19 17:07:45','2019-01-19 17:07:45','\0'),(3124,28,'El Tarra','2019-01-19 17:07:45','2019-01-19 17:07:45','\0'),(3125,28,'El Zulia','2019-01-19 17:07:45','2019-01-19 17:07:45','\0'),(3126,28,'Gramalote','2019-01-19 17:07:45','2019-01-19 17:07:45','\0'),(3127,28,'Hacarí','2019-01-19 17:07:45','2019-01-19 17:07:45','\0'),(3128,28,'Herrán','2019-01-19 17:07:45','2019-01-19 17:07:45','\0'),(3129,28,'La Esperanza','2019-01-19 17:07:45','2019-01-19 17:07:45','\0'),(3130,28,'La Playa','2019-01-19 17:07:45','2019-01-19 17:07:45','\0'),(3131,28,'Labateca','2019-01-19 17:07:45','2019-01-19 17:07:45','\0'),(3132,28,'Los Patios','2019-01-19 17:07:45','2019-01-19 17:07:45','\0'),(3133,28,'Lourdes','2019-01-19 17:07:45','2019-01-19 17:07:45','\0'),(3134,28,'Mutiscua','2019-01-19 17:07:45','2019-01-19 17:07:45','\0'),(3135,28,'Ocaña','2019-01-19 17:07:45','2019-01-19 17:07:45','\0'),(3136,28,'Pamplona','2019-01-19 17:07:45','2019-01-19 17:07:45','\0'),(3137,28,'Pamplonita','2019-01-19 17:07:45','2019-01-19 17:07:45','\0'),(3138,28,'Puerto Santander','2019-01-19 17:07:45','2019-01-19 17:07:45','\0'),(3139,28,'Ragonvalia','2019-01-19 17:07:45','2019-01-19 17:07:45','\0'),(3140,28,'Salazar','2019-01-19 17:07:45','2019-01-19 17:07:45','\0'),(3141,28,'San Calixto','2019-01-19 17:07:45','2019-01-19 17:07:45','\0'),(3142,28,'San Cayetano','2019-01-19 17:07:45','2019-01-19 17:07:45','\0'),(3143,28,'Santiago','2019-01-19 17:07:45','2019-01-19 17:07:45','\0'),(3144,28,'Sardinata','2019-01-19 17:07:45','2019-01-19 17:07:45','\0'),(3145,28,'Silos','2019-01-19 17:07:45','2019-01-19 17:07:45','\0'),(3146,28,'Teorama','2019-01-19 17:07:45','2019-01-19 17:07:45','\0'),(3147,28,'Tibú','2019-01-19 17:07:45','2019-01-19 17:07:45','\0'),(3148,28,'Toledo','2019-01-19 17:07:45','2019-01-19 17:07:45','\0'),(3149,28,'Villa Caro','2019-01-19 17:07:45','2019-01-19 17:07:45','\0'),(3150,28,'Villa del Rosario','2019-01-19 17:07:45','2019-01-19 17:07:45','\0'),(3151,28,'Ábrego','2019-01-19 17:07:45','2019-01-19 17:07:45','\0'),(3175,28,'Arboledas','2019-01-19 17:07:45','2019-01-19 17:07:45','\0'),(3176,28,'Bochalema','2019-01-19 17:07:45','2019-01-19 17:07:45','\0'),(3177,28,'Bucarasica','2019-01-19 17:07:45','2019-01-19 17:07:45','\0'),(3178,28,'Chinácota','2019-01-19 17:07:45','2019-01-19 17:07:45','\0'),(3179,28,'Chitagá','2019-01-19 17:07:45','2019-01-19 17:07:45','\0'),(3180,28,'Convención','2019-01-19 17:07:45','2019-01-19 17:07:45','\0'),(3181,28,'Cucutilla','2019-01-19 17:07:45','2019-01-19 17:07:45','\0'),(3182,28,'Cáchira','2019-01-19 17:07:45','2019-01-19 17:07:45','\0'),(3183,28,'Cácota','2019-01-19 17:07:45','2019-01-19 17:07:45','\0'),(3184,28,'Cúcuta','2019-01-19 17:07:45','2019-01-19 17:07:45','\0'),(3185,28,'Durania','2019-01-19 17:07:45','2019-01-19 17:07:45','\0'),(3186,28,'El Carmen','2019-01-19 17:07:45','2019-01-19 17:07:45','\0'),(3187,28,'El Tarra','2019-01-19 17:07:45','2019-01-19 17:07:45','\0'),(3188,28,'El Zulia','2019-01-19 17:07:45','2019-01-19 17:07:45','\0'),(3189,28,'Gramalote','2019-01-19 17:07:45','2019-01-19 17:07:45','\0'),(3190,28,'Hacarí','2019-01-19 17:07:45','2019-01-19 17:07:45','\0'),(3191,28,'Herrán','2019-01-19 17:07:45','2019-01-19 17:07:45','\0'),(3192,28,'La Esperanza','2019-01-19 17:07:45','2019-01-19 17:07:45','\0'),(3193,28,'La Playa','2019-01-19 17:07:45','2019-01-19 17:07:45','\0'),(3194,28,'Labateca','2019-01-19 17:07:45','2019-01-19 17:07:45','\0'),(3195,28,'Los Patios','2019-01-19 17:07:45','2019-01-19 17:07:45','\0'),(3196,28,'Lourdes','2019-01-19 17:07:45','2019-01-19 17:07:45','\0'),(3197,28,'Mutiscua','2019-01-19 17:07:45','2019-01-19 17:07:45','\0'),(3198,28,'Ocaña','2019-01-19 17:07:45','2019-01-19 17:07:45','\0'),(3199,28,'Pamplona','2019-01-19 17:07:45','2019-01-19 17:07:45','\0'),(3200,28,'Pamplonita','2019-01-19 17:07:45','2019-01-19 17:07:45','\0'),(3201,28,'Puerto Santander','2019-01-19 17:07:45','2019-01-19 17:07:45','\0'),(3202,28,'Ragonvalia','2019-01-19 17:07:45','2019-01-19 17:07:45','\0'),(3203,28,'Salazar','2019-01-19 17:07:45','2019-01-19 17:07:45','\0'),(3204,28,'San Calixto','2019-01-19 17:07:45','2019-01-19 17:07:45','\0'),(3205,28,'San Cayetano','2019-01-19 17:07:45','2019-01-19 17:07:45','\0'),(3206,28,'Santiago','2019-01-19 17:07:45','2019-01-19 17:07:45','\0'),(3207,28,'Sardinata','2019-01-19 17:07:45','2019-01-19 17:07:45','\0'),(3208,28,'Silos','2019-01-19 17:07:45','2019-01-19 17:07:45','\0'),(3209,28,'Teorama','2019-01-19 17:07:45','2019-01-19 17:07:45','\0'),(3210,28,'Tibú','2019-01-19 17:07:45','2019-01-19 17:07:45','\0'),(3211,28,'Toledo','2019-01-19 17:07:45','2019-01-19 17:07:45','\0'),(3212,28,'Villa Caro','2019-01-19 17:07:45','2019-01-19 17:07:45','\0'),(3213,28,'Villa del Rosario','2019-01-19 17:07:45','2019-01-19 17:07:45','\0'),(3214,28,'Ábrego','2019-01-19 17:07:45','2019-01-19 17:07:45','\0'),(3238,29,'Colón','2019-01-19 17:08:22','2019-01-19 17:08:22','\0'),(3239,29,'Mocoa','2019-01-19 17:08:22','2019-01-19 17:08:22','\0'),(3240,29,'Orito','2019-01-19 17:08:22','2019-01-19 17:08:22','\0'),(3241,29,'Puerto Asís','2019-01-19 17:08:22','2019-01-19 17:08:22','\0'),(3242,29,'Puerto Caicedo','2019-01-19 17:08:22','2019-01-19 17:08:22','\0'),(3243,29,'Puerto Guzmán','2019-01-19 17:08:22','2019-01-19 17:08:22','\0'),(3244,29,'Puerto Leguízamo','2019-01-19 17:08:22','2019-01-19 17:08:22','\0'),(3245,29,'San Francisco','2019-01-19 17:08:22','2019-01-19 17:08:22','\0'),(3246,29,'San Miguel','2019-01-19 17:08:22','2019-01-19 17:08:22','\0'),(3247,29,'Santiago','2019-01-19 17:08:22','2019-01-19 17:08:22','\0'),(3248,29,'Sibundoy','2019-01-19 17:08:22','2019-01-19 17:08:22','\0'),(3249,29,'Valle del Guamuez','2019-01-19 17:08:22','2019-01-19 17:08:22','\0'),(3250,29,'Villagarzón','2019-01-19 17:08:22','2019-01-19 17:08:22','\0'),(3253,30,'Armenia','2019-01-19 17:09:11','2019-01-19 17:09:11','\0'),(3254,30,'Buenavista','2019-01-19 17:09:11','2019-01-19 17:09:11','\0'),(3255,30,'Calarcá','2019-01-19 17:09:11','2019-01-19 17:09:11','\0'),(3256,30,'Circasia','2019-01-19 17:09:11','2019-01-19 17:09:11','\0'),(3257,30,'Cordobá','2019-01-19 17:09:11','2019-01-19 17:09:11','\0'),(3258,30,'Filandia','2019-01-19 17:09:11','2019-01-19 17:09:11','\0'),(3259,30,'Génova','2019-01-19 17:09:11','2019-01-19 17:09:11','\0'),(3260,30,'La Tebaida','2019-01-19 17:09:11','2019-01-19 17:09:11','\0'),(3261,30,'Montenegro','2019-01-19 17:09:11','2019-01-19 17:09:11','\0'),(3262,30,'Pijao','2019-01-19 17:09:11','2019-01-19 17:09:11','\0'),(3263,30,'Quimbaya','2019-01-19 17:09:11','2019-01-19 17:09:11','\0'),(3264,30,'Salento','2019-01-19 17:09:11','2019-01-19 17:09:11','\0'),(3268,31,'Apía','2019-01-19 17:09:35','2019-01-19 17:09:35','\0'),(3269,31,'Balboa','2019-01-19 17:09:35','2019-01-19 17:09:35','\0'),(3270,31,'Belén de Umbría','2019-01-19 17:09:35','2019-01-19 17:09:35','\0'),(3271,31,'Dos Quebradas','2019-01-19 17:09:35','2019-01-19 17:09:35','\0'),(3272,31,'Guática','2019-01-19 17:09:35','2019-01-19 17:09:35','\0'),(3273,31,'La Celia','2019-01-19 17:09:35','2019-01-19 17:09:35','\0'),(3274,31,'La Virginia','2019-01-19 17:09:35','2019-01-19 17:09:35','\0'),(3275,31,'Marsella','2019-01-19 17:09:35','2019-01-19 17:09:35','\0'),(3276,31,'Mistrató','2019-01-19 17:09:35','2019-01-19 17:09:35','\0'),(3277,31,'Pereira','2019-01-19 17:09:35','2019-01-19 17:09:35','\0'),(3278,31,'Pueblo Rico','2019-01-19 17:09:35','2019-01-19 17:09:35','\0'),(3279,31,'Quinchía','2019-01-19 17:09:35','2019-01-19 17:09:35','\0'),(3280,31,'Santa Rosa de Cabal','2019-01-19 17:09:35','2019-01-19 17:09:35','\0'),(3281,31,'Santuario','2019-01-19 17:09:35','2019-01-19 17:09:35','\0'),(3283,32,'Aguada','2019-01-19 17:10:24','2019-01-19 17:10:24','\0'),(3284,32,'Albania','2019-01-19 17:10:24','2019-01-19 17:10:24','\0'),(3285,32,'Aratoca','2019-01-19 17:10:24','2019-01-19 17:10:24','\0'),(3286,32,'Barbosa','2019-01-19 17:10:24','2019-01-19 17:10:24','\0'),(3287,32,'Barichara','2019-01-19 17:10:24','2019-01-19 17:10:24','\0'),(3288,32,'Barrancabermeja','2019-01-19 17:10:24','2019-01-19 17:10:24','\0'),(3289,32,'Betulia','2019-01-19 17:10:24','2019-01-19 17:10:24','\0'),(3290,32,'Bolívar','2019-01-19 17:10:24','2019-01-19 17:10:24','\0'),(3291,32,'Bucaramanga','2019-01-19 17:10:24','2019-01-19 17:10:24','\0'),(3292,32,'Cabrera','2019-01-19 17:10:24','2019-01-19 17:10:24','\0'),(3293,32,'California','2019-01-19 17:10:24','2019-01-19 17:10:24','\0'),(3294,32,'Capitanejo','2019-01-19 17:10:24','2019-01-19 17:10:24','\0'),(3295,32,'Carcasí','2019-01-19 17:10:24','2019-01-19 17:10:24','\0'),(3296,32,'Cepita','2019-01-19 17:10:24','2019-01-19 17:10:24','\0'),(3297,32,'Cerrito','2019-01-19 17:10:24','2019-01-19 17:10:24','\0'),(3298,32,'Charalá','2019-01-19 17:10:24','2019-01-19 17:10:24','\0'),(3299,32,'Charta','2019-01-19 17:10:24','2019-01-19 17:10:24','\0'),(3300,32,'Chima','2019-01-19 17:10:24','2019-01-19 17:10:24','\0'),(3301,32,'Chipatá','2019-01-19 17:10:24','2019-01-19 17:10:24','\0'),(3302,32,'Cimitarra','2019-01-19 17:10:24','2019-01-19 17:10:24','\0'),(3303,32,'Concepción','2019-01-19 17:10:24','2019-01-19 17:10:24','\0'),(3304,32,'Confines','2019-01-19 17:10:24','2019-01-19 17:10:24','\0'),(3305,32,'Contratación','2019-01-19 17:10:24','2019-01-19 17:10:24','\0'),(3306,32,'Coromoro','2019-01-19 17:10:24','2019-01-19 17:10:24','\0'),(3307,32,'Curití','2019-01-19 17:10:24','2019-01-19 17:10:24','\0'),(3308,32,'El Carmen','2019-01-19 17:10:24','2019-01-19 17:10:24','\0'),(3309,32,'El Guacamayo','2019-01-19 17:10:24','2019-01-19 17:10:24','\0'),(3310,32,'El Peñon','2019-01-19 17:10:24','2019-01-19 17:10:24','\0'),(3311,32,'El Playón','2019-01-19 17:10:24','2019-01-19 17:10:24','\0'),(3312,32,'Encino','2019-01-19 17:10:24','2019-01-19 17:10:24','\0'),(3313,32,'Enciso','2019-01-19 17:10:24','2019-01-19 17:10:24','\0'),(3314,32,'Floridablanca','2019-01-19 17:10:24','2019-01-19 17:10:24','\0'),(3315,32,'Florián','2019-01-19 17:10:24','2019-01-19 17:10:24','\0'),(3316,32,'Galán','2019-01-19 17:10:24','2019-01-19 17:10:24','\0'),(3317,32,'Girón','2019-01-19 17:10:24','2019-01-19 17:10:24','\0'),(3318,32,'Guaca','2019-01-19 17:10:24','2019-01-19 17:10:24','\0'),(3319,32,'Guadalupe','2019-01-19 17:10:24','2019-01-19 17:10:24','\0'),(3320,32,'Guapota','2019-01-19 17:10:24','2019-01-19 17:10:24','\0'),(3321,32,'Guavatá','2019-01-19 17:10:24','2019-01-19 17:10:24','\0'),(3322,32,'Guepsa','2019-01-19 17:10:24','2019-01-19 17:10:24','\0'),(3323,32,'Gámbita','2019-01-19 17:10:24','2019-01-19 17:10:24','\0'),(3324,32,'Hato','2019-01-19 17:10:24','2019-01-19 17:10:24','\0'),(3325,32,'Jesús María','2019-01-19 17:10:24','2019-01-19 17:10:24','\0'),(3326,32,'Jordán','2019-01-19 17:10:24','2019-01-19 17:10:24','\0'),(3327,32,'La Belleza','2019-01-19 17:10:24','2019-01-19 17:10:24','\0'),(3328,32,'La Paz','2019-01-19 17:10:24','2019-01-19 17:10:24','\0'),(3329,32,'Landázuri','2019-01-19 17:10:24','2019-01-19 17:10:24','\0'),(3330,32,'Lebrija','2019-01-19 17:10:24','2019-01-19 17:10:24','\0'),(3331,32,'Los Santos','2019-01-19 17:10:24','2019-01-19 17:10:24','\0'),(3332,32,'Macaravita','2019-01-19 17:10:24','2019-01-19 17:10:24','\0'),(3333,32,'Matanza','2019-01-19 17:10:24','2019-01-19 17:10:24','\0'),(3334,32,'Mogotes','2019-01-19 17:10:24','2019-01-19 17:10:24','\0'),(3335,32,'Molagavita','2019-01-19 17:10:24','2019-01-19 17:10:24','\0'),(3336,32,'Málaga','2019-01-19 17:10:24','2019-01-19 17:10:24','\0'),(3337,32,'Ocamonte','2019-01-19 17:10:24','2019-01-19 17:10:24','\0'),(3338,32,'Oiba','2019-01-19 17:10:24','2019-01-19 17:10:24','\0'),(3339,32,'Onzaga','2019-01-19 17:10:24','2019-01-19 17:10:24','\0'),(3340,32,'Palmar','2019-01-19 17:10:24','2019-01-19 17:10:24','\0'),(3341,32,'Palmas del Socorro','2019-01-19 17:10:24','2019-01-19 17:10:24','\0'),(3342,32,'Pie de Cuesta','2019-01-19 17:10:24','2019-01-19 17:10:24','\0'),(3343,32,'Pinchote','2019-01-19 17:10:24','2019-01-19 17:10:24','\0'),(3344,32,'Puente Nacional','2019-01-19 17:10:24','2019-01-19 17:10:24','\0'),(3345,32,'Puerto Parra','2019-01-19 17:10:24','2019-01-19 17:10:24','\0'),(3346,32,'Puerto Wilches','2019-01-19 17:10:24','2019-01-19 17:10:24','\0'),(3347,32,'Páramo','2019-01-19 17:10:24','2019-01-19 17:10:24','\0'),(3348,32,'Rio Negro','2019-01-19 17:10:24','2019-01-19 17:10:24','\0'),(3349,32,'Sabana de Torres','2019-01-19 17:10:24','2019-01-19 17:10:24','\0'),(3350,32,'San Andrés','2019-01-19 17:10:24','2019-01-19 17:10:24','\0'),(3351,32,'San Benito','2019-01-19 17:10:24','2019-01-19 17:10:24','\0'),(3352,32,'San Gíl','2019-01-19 17:10:24','2019-01-19 17:10:24','\0'),(3353,32,'San Joaquín','2019-01-19 17:10:24','2019-01-19 17:10:24','\0'),(3354,32,'San José de Miranda','2019-01-19 17:10:24','2019-01-19 17:10:24','\0'),(3355,32,'San Miguel','2019-01-19 17:10:24','2019-01-19 17:10:24','\0'),(3356,32,'San Vicente del Chucurí','2019-01-19 17:10:24','2019-01-19 17:10:24','\0'),(3357,32,'Santa Bárbara','2019-01-19 17:10:24','2019-01-19 17:10:24','\0'),(3358,32,'Santa Helena del Opón','2019-01-19 17:10:24','2019-01-19 17:10:24','\0'),(3359,32,'Simacota','2019-01-19 17:10:24','2019-01-19 17:10:24','\0'),(3360,32,'Socorro','2019-01-19 17:10:24','2019-01-19 17:10:24','\0'),(3361,32,'Suaita','2019-01-19 17:10:24','2019-01-19 17:10:24','\0'),(3362,32,'Sucre','2019-01-19 17:10:24','2019-01-19 17:10:24','\0'),(3363,32,'Suratá','2019-01-19 17:10:24','2019-01-19 17:10:24','\0'),(3364,32,'Tona','2019-01-19 17:10:24','2019-01-19 17:10:24','\0'),(3365,32,'Valle de San José','2019-01-19 17:10:24','2019-01-19 17:10:24','\0'),(3366,32,'Vetas','2019-01-19 17:10:24','2019-01-19 17:10:24','\0'),(3367,32,'Villanueva','2019-01-19 17:10:24','2019-01-19 17:10:24','\0'),(3368,32,'Vélez','2019-01-19 17:10:24','2019-01-19 17:10:24','\0'),(3369,32,'Zapatoca','2019-01-19 17:10:24','2019-01-19 17:10:24','\0'),(3410,33,'Buenavista','2019-01-19 17:10:49','2019-01-19 17:10:49','\0'),(3411,33,'Caimito','2019-01-19 17:10:49','2019-01-19 17:10:49','\0'),(3412,33,'Chalán','2019-01-19 17:10:49','2019-01-19 17:10:49','\0'),(3413,33,'Colosó (Ricaurte)','2019-01-19 17:10:49','2019-01-19 17:10:49','\0'),(3414,33,'Corozal','2019-01-19 17:10:49','2019-01-19 17:10:49','\0'),(3415,33,'Coveñas','2019-01-19 17:10:49','2019-01-19 17:10:49','\0'),(3416,33,'El Roble','2019-01-19 17:10:49','2019-01-19 17:10:49','\0'),(3417,33,'Galeras (Nueva Granada)','2019-01-19 17:10:49','2019-01-19 17:10:49','\0'),(3418,33,'Guaranda','2019-01-19 17:10:49','2019-01-19 17:10:49','\0'),(3419,33,'La Unión','2019-01-19 17:10:49','2019-01-19 17:10:49','\0'),(3420,33,'Los Palmitos','2019-01-19 17:10:49','2019-01-19 17:10:49','\0'),(3421,33,'Majagual','2019-01-19 17:10:49','2019-01-19 17:10:49','\0'),(3422,33,'Morroa','2019-01-19 17:10:49','2019-01-19 17:10:49','\0'),(3423,33,'Ovejas','2019-01-19 17:10:49','2019-01-19 17:10:49','\0'),(3424,33,'Palmito','2019-01-19 17:10:49','2019-01-19 17:10:49','\0'),(3425,33,'Sampués','2019-01-19 17:10:49','2019-01-19 17:10:49','\0'),(3426,33,'San Benito Abad','2019-01-19 17:10:49','2019-01-19 17:10:49','\0'),(3427,33,'San Juan de Betulia','2019-01-19 17:10:49','2019-01-19 17:10:49','\0'),(3428,33,'San Marcos','2019-01-19 17:10:49','2019-01-19 17:10:49','\0'),(3429,33,'San Onofre','2019-01-19 17:10:49','2019-01-19 17:10:49','\0'),(3430,33,'San Pedro','2019-01-19 17:10:49','2019-01-19 17:10:49','\0'),(3431,33,'Sincelejo','2019-01-19 17:10:49','2019-01-19 17:10:49','\0'),(3432,33,'Sincé','2019-01-19 17:10:49','2019-01-19 17:10:49','\0'),(3433,33,'Sucre','2019-01-19 17:10:49','2019-01-19 17:10:49','\0'),(3434,33,'Tolú','2019-01-19 17:10:49','2019-01-19 17:10:49','\0'),(3435,33,'Tolú Viejo','2019-01-19 17:10:49','2019-01-19 17:10:49','\0'),(3441,34,'Alpujarra','2019-01-19 17:11:52','2019-01-19 17:11:52','\0'),(3442,34,'Alvarado','2019-01-19 17:11:52','2019-01-19 17:11:52','\0'),(3443,34,'Ambalema','2019-01-19 17:11:52','2019-01-19 17:11:52','\0'),(3444,34,'Anzoátegui','2019-01-19 17:11:52','2019-01-19 17:11:52','\0'),(3445,34,'Armero (Guayabal)','2019-01-19 17:11:52','2019-01-19 17:11:52','\0'),(3446,34,'Ataco','2019-01-19 17:11:52','2019-01-19 17:11:52','\0'),(3447,34,'Cajamarca','2019-01-19 17:11:52','2019-01-19 17:11:52','\0'),(3448,34,'Carmen de Apicalá','2019-01-19 17:11:52','2019-01-19 17:11:52','\0'),(3449,34,'Casabianca','2019-01-19 17:11:52','2019-01-19 17:11:52','\0'),(3450,34,'Chaparral','2019-01-19 17:11:52','2019-01-19 17:11:52','\0'),(3451,34,'Coello','2019-01-19 17:11:52','2019-01-19 17:11:52','\0'),(3452,34,'Coyaima','2019-01-19 17:11:52','2019-01-19 17:11:52','\0'),(3453,34,'Cunday','2019-01-19 17:11:52','2019-01-19 17:11:52','\0'),(3454,34,'Dolores','2019-01-19 17:11:52','2019-01-19 17:11:52','\0'),(3455,34,'Espinal','2019-01-19 17:11:52','2019-01-19 17:11:52','\0'),(3456,34,'Falan','2019-01-19 17:11:52','2019-01-19 17:11:52','\0'),(3457,34,'Flandes','2019-01-19 17:11:52','2019-01-19 17:11:52','\0'),(3458,34,'Fresno','2019-01-19 17:11:52','2019-01-19 17:11:52','\0'),(3459,34,'Guamo','2019-01-19 17:11:52','2019-01-19 17:11:52','\0'),(3460,34,'Herveo','2019-01-19 17:11:52','2019-01-19 17:11:52','\0'),(3461,34,'Honda','2019-01-19 17:11:52','2019-01-19 17:11:52','\0'),(3462,34,'Ibagué','2019-01-19 17:11:52','2019-01-19 17:11:52','\0'),(3463,34,'Icononzo','2019-01-19 17:11:52','2019-01-19 17:11:52','\0'),(3464,34,'Lérida','2019-01-19 17:11:52','2019-01-19 17:11:52','\0'),(3465,34,'Líbano','2019-01-19 17:11:52','2019-01-19 17:11:52','\0'),(3466,34,'Mariquita','2019-01-19 17:11:52','2019-01-19 17:11:52','\0'),(3467,34,'Melgar','2019-01-19 17:11:52','2019-01-19 17:11:52','\0'),(3468,34,'Murillo','2019-01-19 17:11:52','2019-01-19 17:11:52','\0'),(3469,34,'Natagaima','2019-01-19 17:11:52','2019-01-19 17:11:52','\0'),(3470,34,'Ortega','2019-01-19 17:11:52','2019-01-19 17:11:52','\0'),(3471,34,'Palocabildo','2019-01-19 17:11:52','2019-01-19 17:11:52','\0'),(3472,34,'Piedras','2019-01-19 17:11:52','2019-01-19 17:11:52','\0'),(3473,34,'Planadas','2019-01-19 17:11:52','2019-01-19 17:11:52','\0'),(3474,34,'Prado','2019-01-19 17:11:52','2019-01-19 17:11:52','\0'),(3475,34,'Purificación','2019-01-19 17:11:52','2019-01-19 17:11:52','\0'),(3476,34,'Rioblanco','2019-01-19 17:11:52','2019-01-19 17:11:52','\0'),(3477,34,'Roncesvalles','2019-01-19 17:11:52','2019-01-19 17:11:52','\0'),(3478,34,'Rovira','2019-01-19 17:11:52','2019-01-19 17:11:52','\0'),(3479,34,'Saldaña','2019-01-19 17:11:52','2019-01-19 17:11:52','\0'),(3480,34,'San Antonio','2019-01-19 17:11:52','2019-01-19 17:11:52','\0'),(3481,34,'San Luis','2019-01-19 17:11:52','2019-01-19 17:11:52','\0'),(3482,34,'Santa Isabel','2019-01-19 17:11:52','2019-01-19 17:11:52','\0'),(3483,34,'Suárez','2019-01-19 17:11:52','2019-01-19 17:11:52','\0'),(3484,34,'Valle de San Juan','2019-01-19 17:11:52','2019-01-19 17:11:52','\0'),(3485,34,'Venadillo','2019-01-19 17:11:52','2019-01-19 17:11:52','\0'),(3486,34,'Villahermosa','2019-01-19 17:11:52','2019-01-19 17:11:52','\0'),(3487,34,'Villarrica','2019-01-19 17:11:52','2019-01-19 17:11:52','\0'),(3504,35,'Alcalá','2019-01-19 17:12:40','2019-01-19 17:12:40','\0'),(3505,35,'Andalucía','2019-01-19 17:12:40','2019-01-19 17:12:40','\0'),(3506,35,'Ansermanuevo','2019-01-19 17:12:40','2019-01-19 17:12:40','\0'),(3507,35,'Argelia','2019-01-19 17:12:40','2019-01-19 17:12:40','\0'),(3508,35,'Bolívar','2019-01-19 17:12:40','2019-01-19 17:12:40','\0'),(3509,35,'Buenaventura','2019-01-19 17:12:40','2019-01-19 17:12:40','\0'),(3510,35,'Buga','2019-01-19 17:12:40','2019-01-19 17:12:40','\0'),(3511,35,'Bugalagrande','2019-01-19 17:12:40','2019-01-19 17:12:40','\0'),(3512,35,'Caicedonia','2019-01-19 17:12:40','2019-01-19 17:12:40','\0'),(3513,35,'Calima (Darién)','2019-01-19 17:12:40','2019-01-19 17:12:40','\0'),(3514,35,'Calí','2019-01-19 17:12:40','2019-01-19 17:12:40','\0'),(3515,35,'Candelaria','2019-01-19 17:12:40','2019-01-19 17:12:40','\0'),(3516,35,'Cartago','2019-01-19 17:12:40','2019-01-19 17:12:40','\0'),(3517,35,'Dagua','2019-01-19 17:12:40','2019-01-19 17:12:40','\0'),(3518,35,'El Cairo','2019-01-19 17:12:40','2019-01-19 17:12:40','\0'),(3519,35,'El Cerrito','2019-01-19 17:12:40','2019-01-19 17:12:40','\0'),(3520,35,'El Dovio','2019-01-19 17:12:40','2019-01-19 17:12:40','\0'),(3521,35,'El Águila','2019-01-19 17:12:40','2019-01-19 17:12:40','\0'),(3522,35,'Florida','2019-01-19 17:12:40','2019-01-19 17:12:40','\0'),(3523,35,'Ginebra','2019-01-19 17:12:40','2019-01-19 17:12:40','\0'),(3524,35,'Guacarí','2019-01-19 17:12:40','2019-01-19 17:12:40','\0'),(3525,35,'Jamundí','2019-01-19 17:12:40','2019-01-19 17:12:40','\0'),(3526,35,'La Cumbre','2019-01-19 17:12:40','2019-01-19 17:12:40','\0'),(3527,35,'La Unión','2019-01-19 17:12:40','2019-01-19 17:12:40','\0'),(3528,35,'La Victoria','2019-01-19 17:12:40','2019-01-19 17:12:40','\0'),(3529,35,'Obando','2019-01-19 17:12:40','2019-01-19 17:12:40','\0'),(3530,35,'Palmira','2019-01-19 17:12:40','2019-01-19 17:12:40','\0'),(3531,35,'Pradera','2019-01-19 17:12:40','2019-01-19 17:12:40','\0'),(3532,35,'Restrepo','2019-01-19 17:12:40','2019-01-19 17:12:40','\0'),(3533,35,'Riofrío','2019-01-19 17:12:40','2019-01-19 17:12:40','\0'),(3534,35,'Roldanillo','2019-01-19 17:12:40','2019-01-19 17:12:40','\0'),(3535,35,'San Pedro','2019-01-19 17:12:40','2019-01-19 17:12:40','\0'),(3536,35,'Sevilla','2019-01-19 17:12:40','2019-01-19 17:12:40','\0'),(3537,35,'Toro','2019-01-19 17:12:40','2019-01-19 17:12:40','\0'),(3538,35,'Trujillo','2019-01-19 17:12:40','2019-01-19 17:12:40','\0'),(3539,35,'Tulúa','2019-01-19 17:12:40','2019-01-19 17:12:40','\0'),(3540,35,'Ulloa','2019-01-19 17:12:40','2019-01-19 17:12:40','\0'),(3541,35,'Versalles','2019-01-19 17:12:40','2019-01-19 17:12:40','\0'),(3542,35,'Vijes','2019-01-19 17:12:40','2019-01-19 17:12:40','\0'),(3543,35,'Yotoco','2019-01-19 17:12:40','2019-01-19 17:12:40','\0'),(3544,35,'Yumbo','2019-01-19 17:12:40','2019-01-19 17:12:40','\0'),(3545,35,'Zarzal','2019-01-19 17:12:40','2019-01-19 17:12:40','\0'),(3567,36,'Carurú','2019-01-19 17:13:17','2019-01-19 17:13:17','\0'),(3568,36,'Mitú','2019-01-19 17:13:17','2019-01-19 17:13:17','\0'),(3569,36,'Taraira','2019-01-19 17:13:17','2019-01-19 17:13:17','\0'),(3570,36,'Papanahua','2019-01-19 17:14:17','2019-01-19 17:14:17','\0'),(3571,36,'Pacoa','2019-01-19 17:14:17','2019-01-19 17:14:17','\0'),(3572,36,'Yavarate','2019-01-19 17:14:17','2019-01-19 17:14:17','\0'),(3573,37,'Cumaribo','2019-01-19 17:14:56','2019-01-19 17:14:56','\0'),(3574,37,'La Primavera','2019-01-19 17:14:56','2019-01-19 17:14:56','\0'),(3575,37,'Puerto Carreño','2019-01-19 17:14:56','2019-01-19 17:14:56','\0'),(3576,37,'Santa Rosalía','2019-01-19 17:14:56','2019-01-19 17:14:56','\0');
/*!40000 ALTER TABLE `city` ENABLE KEYS */;
UNLOCK TABLES;

--
-- Table structure for table `collection`
--

DROP TABLE IF EXISTS `collection`;
/*!40101 SET @saved_cs_client     = @@character_set_client */;
/*!40101 SET character_set_client = utf8 */;
CREATE TABLE `collection` (
  `id` bigint(20) NOT NULL AUTO_INCREMENT,
  `collection_date` timestamp NOT NULL DEFAULT CURRENT_TIMESTAMP ON UPDATE CURRENT_TIMESTAMP,
  `document_id` bigint(20) NOT NULL,
  `initial_balance` decimal(16,2) DEFAULT NULL,
  `fee` decimal(16,2) DEFAULT NULL,
  `final_balance` decimal(16,2) DEFAULT NULL,
  `payment_method_id` bigint(20) DEFAULT NULL,
  `creation_date` timestamp NOT NULL DEFAULT CURRENT_TIMESTAMP,
  `modify_date` timestamp NOT NULL DEFAULT CURRENT_TIMESTAMP,
  `archived` bit(1) NOT NULL DEFAULT b'0',
  PRIMARY KEY (`id`),
  KEY `collection_document_idx` (`document_id`),
  KEY `collection_payment_method_idx` (`payment_method_id`),
  CONSTRAINT `collection_document` FOREIGN KEY (`document_id`) REFERENCES `document` (`id`) ON DELETE NO ACTION ON UPDATE NO ACTION,
  CONSTRAINT `collection_payment_method` FOREIGN KEY (`payment_method_id`) REFERENCES `payment_method` (`id`) ON DELETE NO ACTION ON UPDATE NO ACTION
) ENGINE=InnoDB AUTO_INCREMENT=23 DEFAULT CHARSET=latin1;
/*!40101 SET character_set_client = @saved_cs_client */;

--
-- Dumping data for table `collection`
--

LOCK TABLES `collection` WRITE;
/*!40000 ALTER TABLE `collection` DISABLE KEYS */;
/*!40000 ALTER TABLE `collection` ENABLE KEYS */;
UNLOCK TABLES;

--
-- Table structure for table `company`
--

DROP TABLE IF EXISTS `company`;
/*!40101 SET @saved_cs_client     = @@character_set_client */;
/*!40101 SET character_set_client = utf8 */;
CREATE TABLE `company` (
  `id` bigint(20) NOT NULL AUTO_INCREMENT,
  `nit` varchar(50) NOT NULL,
  `name` varchar(50) NOT NULL,
  `invoice_resolution` varchar(50) DEFAULT NULL,
  `regime_type` varchar(50) DEFAULT NULL,
  `address` varchar(100) DEFAULT NULL,
  `phone` varchar(20) DEFAULT NULL,
  `mobile` varchar(20) DEFAULT NULL,
  `email` varchar(100) DEFAULT NULL,
  `website` varchar(100) DEFAULT NULL,
  `creation_date` timestamp NOT NULL DEFAULT CURRENT_TIMESTAMP,
  `modify_date` timestamp NOT NULL DEFAULT CURRENT_TIMESTAMP,
  `archived` bit(1) NOT NULL DEFAULT b'0',
  PRIMARY KEY (`id`)
) ENGINE=InnoDB AUTO_INCREMENT=2 DEFAULT CHARSET=latin1;
/*!40101 SET character_set_client = @saved_cs_client */;

--
-- Dumping data for table `company`
--

LOCK TABLES `company` WRITE;
/*!40000 ALTER TABLE `company` DISABLE KEYS */;
INSERT INTO `company` VALUES (1,'901.247.237-8','COMERCIALIZADORA KISAM SAS','18762012706565','REGIMEN COMUN','Calle 37B Cra 6a N.81 Villa Adela 2','3190539','3014037440','gerenciakisam@gmail.com','','2019-02-02 00:06:26','2019-02-02 00:06:26','\0');
/*!40000 ALTER TABLE `company` ENABLE KEYS */;
UNLOCK TABLES;

--
-- Table structure for table `contact`
--

DROP TABLE IF EXISTS `contact`;
/*!40101 SET @saved_cs_client     = @@character_set_client */;
/*!40101 SET character_set_client = utf8 */;
CREATE TABLE `contact` (
  `id` bigint(20) NOT NULL AUTO_INCREMENT,
  `name` varchar(50) NOT NULL,
  `address` varchar(100) NOT NULL,
  `city_id` bigint(20) NOT NULL,
  `mobile` varchar(20) NOT NULL,
  `phone` varchar(20) DEFAULT NULL,
  `email` varchar(45) DEFAULT NULL,
  `web_site` varchar(250) DEFAULT NULL,
  `type` char(1) NOT NULL,
  `person_id` bigint(20) NOT NULL,
  `creation_date` timestamp NOT NULL DEFAULT CURRENT_TIMESTAMP ON UPDATE CURRENT_TIMESTAMP,
  `modify_date` timestamp NOT NULL DEFAULT CURRENT_TIMESTAMP ON UPDATE CURRENT_TIMESTAMP,
  `archived` bit(1) NOT NULL DEFAULT b'0',
  PRIMARY KEY (`id`),
  KEY `contact_person_fk_idx` (`person_id`),
  KEY `contact_city_idx` (`city_id`),
  CONSTRAINT `contact_city` FOREIGN KEY (`city_id`) REFERENCES `city` (`id`),
  CONSTRAINT `contact_person_fk` FOREIGN KEY (`person_id`) REFERENCES `person` (`id`)
) ENGINE=InnoDB DEFAULT CHARSET=utf8;
/*!40101 SET character_set_client = @saved_cs_client */;

--
-- Dumping data for table `contact`
--

LOCK TABLES `contact` WRITE;
/*!40000 ALTER TABLE `contact` DISABLE KEYS */;
/*!40000 ALTER TABLE `contact` ENABLE KEYS */;
UNLOCK TABLES;

--
-- Table structure for table `country`
--

DROP TABLE IF EXISTS `country`;
/*!40101 SET @saved_cs_client     = @@character_set_client */;
/*!40101 SET character_set_client = utf8 */;
CREATE TABLE `country` (
  `id` bigint(20) NOT NULL AUTO_INCREMENT,
  `name` varchar(250) NOT NULL,
  `creation_date` timestamp NOT NULL DEFAULT CURRENT_TIMESTAMP ON UPDATE CURRENT_TIMESTAMP,
  `modify_date` timestamp NOT NULL DEFAULT CURRENT_TIMESTAMP ON UPDATE CURRENT_TIMESTAMP,
  `archived` bit(1) NOT NULL DEFAULT b'0',
  PRIMARY KEY (`id`)
) ENGINE=InnoDB AUTO_INCREMENT=3 DEFAULT CHARSET=utf8;
/*!40101 SET character_set_client = @saved_cs_client */;

--
-- Dumping data for table `country`
--

LOCK TABLES `country` WRITE;
/*!40000 ALTER TABLE `country` DISABLE KEYS */;
INSERT INTO `country` VALUES (1,'Colombia','2018-12-05 02:19:23','2018-12-05 02:19:23','\0'),(2,'Venezuela','2019-01-09 03:04:49','2019-01-09 03:04:49','\0');
/*!40000 ALTER TABLE `country` ENABLE KEYS */;
UNLOCK TABLES;

--
-- Table structure for table `currency`
--

DROP TABLE IF EXISTS `currency`;
/*!40101 SET @saved_cs_client     = @@character_set_client */;
/*!40101 SET character_set_client = utf8 */;
CREATE TABLE `currency` (
  `id` bigint(20) NOT NULL AUTO_INCREMENT,
  `code` varchar(45) NOT NULL,
  `name` varchar(45) NOT NULL,
  `creation_date` timestamp NULL DEFAULT NULL,
  `modify_date` timestamp NOT NULL DEFAULT CURRENT_TIMESTAMP ON UPDATE CURRENT_TIMESTAMP,
  `archived` bit(1) NOT NULL,
  PRIMARY KEY (`id`)
) ENGINE=InnoDB AUTO_INCREMENT=2 DEFAULT CHARSET=utf8;
/*!40101 SET character_set_client = @saved_cs_client */;

--
-- Dumping data for table `currency`
--

LOCK TABLES `currency` WRITE;
/*!40000 ALTER TABLE `currency` DISABLE KEYS */;
INSERT INTO `currency` VALUES (1,'COP','Pesos',NULL,'2018-12-12 03:45:49','\0');
/*!40000 ALTER TABLE `currency` ENABLE KEYS */;
UNLOCK TABLES;

--
-- Table structure for table `customer`
--

DROP TABLE IF EXISTS `customer`;
/*!40101 SET @saved_cs_client     = @@character_set_client */;
/*!40101 SET character_set_client = utf8 */;
CREATE TABLE `customer` (
  `id` bigint(20) NOT NULL,
  PRIMARY KEY (`id`)
) ENGINE=InnoDB DEFAULT CHARSET=utf8;
/*!40101 SET character_set_client = @saved_cs_client */;

--
-- Dumping data for table `customer`
--

LOCK TABLES `customer` WRITE;
/*!40000 ALTER TABLE `customer` DISABLE KEYS */;
/*!40000 ALTER TABLE `customer` ENABLE KEYS */;
UNLOCK TABLES;

--
-- Table structure for table `document`
--

DROP TABLE IF EXISTS `document`;
/*!40101 SET @saved_cs_client     = @@character_set_client */;
/*!40101 SET character_set_client = utf8 */;
CREATE TABLE `document` (
  `id` bigint(20) NOT NULL AUTO_INCREMENT,
  `code` varchar(45) NOT NULL,
  `reference` varchar(45) DEFAULT NULL,
  `type_id` bigint(20) NOT NULL,
  `resolution` varchar(50) DEFAULT NULL,
  `person_id` bigint(20) DEFAULT NULL,
  `document_date` timestamp NULL DEFAULT NULL,
  `payment_type_id` bigint(20) DEFAULT NULL,
  `payment_method_id` bigint(20) DEFAULT NULL,
  `payment_term` varchar(45) DEFAULT NULL,
  `expiration_date` timestamp NULL DEFAULT NULL,
  `currency_id` bigint(20) DEFAULT NULL,
  `total_value_no_tax` decimal(16,2) DEFAULT NULL,
  `total_value` decimal(16,2) DEFAULT NULL,
  `status_id` bigint(20) NOT NULL DEFAULT '1',
  `salesman_id` bigint(20) DEFAULT NULL,
  `cash` varchar(45) DEFAULT NULL,
  `pay_value` decimal(16,2) DEFAULT NULL,
  `document_returned_id` bigint(20) DEFAULT NULL,
  `creation_date` timestamp NOT NULL DEFAULT CURRENT_TIMESTAMP ON UPDATE CURRENT_TIMESTAMP,
  `modify_date` timestamp NOT NULL DEFAULT CURRENT_TIMESTAMP ON UPDATE CURRENT_TIMESTAMP,
  `archived` bit(1) NOT NULL DEFAULT b'0',
  PRIMARY KEY (`id`),
  UNIQUE KEY `document_number_UQ` (`code`,`type_id`),
  KEY `document_document_type_idx` (`type_id`),
  KEY `document_person_idx` (`person_id`),
  KEY `document_payment_type_idx` (`payment_type_id`),
  KEY `document_payment_method_idx` (`payment_method_id`),
  KEY `document_currency_idx` (`currency_id`),
  KEY `document_status` (`status_id`),
  KEY `document_salesman_idx` (`salesman_id`),
  CONSTRAINT `document_currency` FOREIGN KEY (`currency_id`) REFERENCES `currency` (`id`),
  CONSTRAINT `document_document_type` FOREIGN KEY (`type_id`) REFERENCES `document_type` (`id`),
  CONSTRAINT `document_payment_method` FOREIGN KEY (`payment_method_id`) REFERENCES `payment_method` (`id`),
  CONSTRAINT `document_payment_type` FOREIGN KEY (`payment_type_id`) REFERENCES `payment_type` (`id`),
  CONSTRAINT `document_person` FOREIGN KEY (`person_id`) REFERENCES `person` (`id`),
  CONSTRAINT `document_salesman` FOREIGN KEY (`salesman_id`) REFERENCES `person` (`id`) ON DELETE NO ACTION ON UPDATE NO ACTION,
  CONSTRAINT `document_status` FOREIGN KEY (`status_id`) REFERENCES `document_status` (`id`)
) ENGINE=InnoDB AUTO_INCREMENT=172 DEFAULT CHARSET=utf8;
/*!40101 SET character_set_client = @saved_cs_client */;

--
-- Dumping data for table `document`
--

LOCK TABLES `document` WRITE;
/*!40000 ALTER TABLE `document` DISABLE KEYS */;
INSERT INTO `document` VALUES (168,'1','',1,'18762012706565',27,'2019-04-02 10:39:44',1,NULL,'',NULL,NULL,570.00,3570.00,2,14,NULL,NULL,NULL,'2019-04-02 10:40:12','2019-04-02 10:40:12','\0'),(169,'1','',2,'18762012706565',43,'2019-04-02 10:40:18',1,NULL,'',NULL,NULL,255.36,1599.36,2,14,NULL,2000.00,NULL,'2019-04-02 10:40:45','2019-04-02 10:40:45','\0'),(170,'2','',2,'18762012706565',43,'2019-04-02 10:53:11',1,NULL,'',NULL,NULL,31.92,199.92,2,14,NULL,20000.00,NULL,'2019-04-02 10:53:37','2019-04-02 10:53:37','\0'),(171,'2','',1,'18762012706565',28,'2019-04-02 10:53:52',1,NULL,'',NULL,NULL,1140.00,7140.00,2,14,NULL,NULL,NULL,'2019-04-02 10:54:36','2019-04-02 10:54:36','\0');
/*!40000 ALTER TABLE `document` ENABLE KEYS */;
UNLOCK TABLES;

--
-- Table structure for table `document_detail`
--

DROP TABLE IF EXISTS `document_detail`;
/*!40101 SET @saved_cs_client     = @@character_set_client */;
/*!40101 SET character_set_client = utf8 */;
CREATE TABLE `document_detail` (
  `id` bigint(20) NOT NULL AUTO_INCREMENT,
  `document_id` bigint(20) NOT NULL,
  `product_id` bigint(20) NOT NULL,
  `description` varchar(100) DEFAULT NULL,
  `quantity` decimal(16,4) DEFAULT NULL,
  `sub_total` decimal(16,2) DEFAULT NULL,
  `measurement_unit_id` bigint(20) DEFAULT NULL,
  `mu_product_id` bigint(20) DEFAULT NULL,
  `price` decimal(16,2) DEFAULT NULL,
  `discount` decimal(16,2) DEFAULT NULL,
  `tax` decimal(16,2) DEFAULT NULL,
  `creation_date` timestamp NOT NULL DEFAULT CURRENT_TIMESTAMP ON UPDATE CURRENT_TIMESTAMP,
  `modify_date` timestamp NOT NULL DEFAULT CURRENT_TIMESTAMP ON UPDATE CURRENT_TIMESTAMP,
  `archived` bit(1) NOT NULL DEFAULT b'0',
  PRIMARY KEY (`id`),
  KEY `document_detail_document_idx` (`document_id`),
  KEY `document_product_idx` (`product_id`),
  KEY `document_measurement_unit_idx` (`measurement_unit_id`),
  KEY `document_mu_product_idx` (`mu_product_id`),
  CONSTRAINT `document_detail_document` FOREIGN KEY (`document_id`) REFERENCES `document` (`id`),
  CONSTRAINT `document_measurement_unit` FOREIGN KEY (`measurement_unit_id`) REFERENCES `measurement_unit` (`id`) ON DELETE NO ACTION ON UPDATE NO ACTION,
  CONSTRAINT `document_mu_product` FOREIGN KEY (`mu_product_id`) REFERENCES `measurement_unit_product` (`id`) ON DELETE NO ACTION ON UPDATE NO ACTION,
  CONSTRAINT `document_product` FOREIGN KEY (`product_id`) REFERENCES `product` (`id`)
) ENGINE=InnoDB AUTO_INCREMENT=168 DEFAULT CHARSET=utf8;
/*!40101 SET character_set_client = @saved_cs_client */;

--
-- Dumping data for table `document_detail`
--

LOCK TABLES `document_detail` WRITE;
/*!40000 ALTER TABLE `document_detail` DISABLE KEYS */;
INSERT INTO `document_detail` VALUES (164,168,3137,NULL,10.0000,3570.00,19,1338,300.00,NULL,19.00,'2019-04-02 10:40:12','2019-04-02 10:40:12','\0'),(165,169,3145,NULL,2.0000,1599.36,19,1346,672.00,0.00,19.00,'2019-04-02 10:40:45','2019-04-02 10:40:45','\0'),(166,170,3143,NULL,1.0000,199.92,19,1344,168.00,0.00,19.00,'2019-04-02 10:53:38','2019-04-02 10:53:38','\0'),(167,171,3137,NULL,20.0000,7140.00,19,1338,300.00,NULL,19.00,'2019-04-02 10:54:36','2019-04-02 10:54:36','\0');
/*!40000 ALTER TABLE `document_detail` ENABLE KEYS */;
UNLOCK TABLES;

--
-- Table structure for table `document_detail_lot`
--

DROP TABLE IF EXISTS `document_detail_lot`;
/*!40101 SET @saved_cs_client     = @@character_set_client */;
/*!40101 SET character_set_client = utf8 */;
CREATE TABLE `document_detail_lot` (
  `id` bigint(20) NOT NULL AUTO_INCREMENT,
  `document_detail_id` bigint(20) NOT NULL,
  `lot_id` bigint(20) NOT NULL,
  `initial_stock_lot` decimal(16,5) DEFAULT NULL,
  `final_stock_lot` decimal(16,5) NOT NULL,
  `quantity` decimal(16,5) DEFAULT NULL,
  `creation_date` timestamp NOT NULL DEFAULT CURRENT_TIMESTAMP ON UPDATE CURRENT_TIMESTAMP,
  `modify_date` timestamp NOT NULL DEFAULT CURRENT_TIMESTAMP ON UPDATE CURRENT_TIMESTAMP,
  `archived` bit(1) NOT NULL DEFAULT b'0',
  PRIMARY KEY (`id`)
) ENGINE=InnoDB AUTO_INCREMENT=109 DEFAULT CHARSET=latin1;
/*!40101 SET character_set_client = @saved_cs_client */;

--
-- Dumping data for table `document_detail_lot`
--

LOCK TABLES `document_detail_lot` WRITE;
/*!40000 ALTER TABLE `document_detail_lot` DISABLE KEYS */;
INSERT INTO `document_detail_lot` VALUES (105,164,2366,0.00000,10.00000,10.00000,'2019-04-02 10:40:12','2019-04-02 10:40:12','\0'),(106,165,2366,10.00000,8.00000,2.00000,'2019-04-02 10:40:45','2019-04-02 10:40:45','\0'),(107,166,2366,8.00000,7.00000,1.00000,'2019-04-02 10:53:38','2019-04-02 10:53:38','\0'),(108,167,2367,0.00000,20.00000,20.00000,'2019-04-02 10:54:36','2019-04-02 10:54:36','\0');
/*!40000 ALTER TABLE `document_detail_lot` ENABLE KEYS */;
UNLOCK TABLES;

--
-- Table structure for table `document_status`
--

DROP TABLE IF EXISTS `document_status`;
/*!40101 SET @saved_cs_client     = @@character_set_client */;
/*!40101 SET character_set_client = utf8 */;
CREATE TABLE `document_status` (
  `id` bigint(20) NOT NULL AUTO_INCREMENT,
  `name` varchar(45) NOT NULL,
  `document_type_id` bigint(20) DEFAULT NULL,
  `creation_date` timestamp NOT NULL DEFAULT CURRENT_TIMESTAMP ON UPDATE CURRENT_TIMESTAMP,
  `modify_date` timestamp NOT NULL DEFAULT CURRENT_TIMESTAMP ON UPDATE CURRENT_TIMESTAMP,
  `archived` bit(1) NOT NULL DEFAULT b'0',
  PRIMARY KEY (`id`),
  KEY `status_document_type` (`document_type_id`),
  CONSTRAINT `status_document_type` FOREIGN KEY (`document_type_id`) REFERENCES `document_type` (`id`)
) ENGINE=InnoDB AUTO_INCREMENT=6 DEFAULT CHARSET=utf8;
/*!40101 SET character_set_client = @saved_cs_client */;

--
-- Dumping data for table `document_status`
--

LOCK TABLES `document_status` WRITE;
/*!40000 ALTER TABLE `document_status` DISABLE KEYS */;
INSERT INTO `document_status` VALUES (1,'Nueva',1,'2019-01-04 05:45:23','2019-01-04 05:45:23','\0'),(2,'Registrada',1,'2019-01-04 13:38:19','2019-01-04 13:38:19','\0'),(3,'Cancelada',1,'2019-01-04 05:45:29','2019-01-04 05:45:29','\0'),(4,'Vencida',1,'2019-01-04 05:45:32','2019-01-04 05:45:32','\0'),(5,'Rechazada',1,'2019-01-04 05:45:56','2019-01-04 05:45:56','\0');
/*!40000 ALTER TABLE `document_status` ENABLE KEYS */;
UNLOCK TABLES;

--
-- Table structure for table `document_type`
--

DROP TABLE IF EXISTS `document_type`;
/*!40101 SET @saved_cs_client     = @@character_set_client */;
/*!40101 SET character_set_client = utf8 */;
CREATE TABLE `document_type` (
  `id` bigint(20) NOT NULL AUTO_INCREMENT,
  `code` varchar(45) NOT NULL,
  `name` varchar(45) NOT NULL,
  `transaction_type` varchar(45) NOT NULL,
  `sequence` bigint(20) DEFAULT NULL,
  `creation_date` timestamp NOT NULL DEFAULT CURRENT_TIMESTAMP ON UPDATE CURRENT_TIMESTAMP,
  `modify_date` timestamp NOT NULL DEFAULT CURRENT_TIMESTAMP ON UPDATE CURRENT_TIMESTAMP,
  `archived` bit(1) NOT NULL DEFAULT b'0',
  PRIMARY KEY (`id`),
  UNIQUE KEY `code_UNIQUE` (`code`)
) ENGINE=InnoDB AUTO_INCREMENT=6 DEFAULT CHARSET=utf8;
/*!40101 SET character_set_client = @saved_cs_client */;

--
-- Dumping data for table `document_type`
--

LOCK TABLES `document_type` WRITE;
/*!40000 ALTER TABLE `document_type` DISABLE KEYS */;
INSERT INTO `document_type` VALUES (1,'CO','Factura de compra','ENTRADA',2,'2019-04-02 10:54:37','2019-04-02 10:54:37','\0'),(2,'VE','Factura de venta','SALIDA',2,'2019-04-02 10:53:38','2019-04-02 10:53:38','\0'),(3,'RE','Remision','ENTRADA',0,'2019-02-03 01:05:52','2019-02-03 01:05:52','\0'),(4,'FV','Factura de venta','SALIDA',0,'2019-02-03 01:05:52','2019-02-03 01:05:52',''),(5,'DV','Devolución','SALIDA',0,'2019-03-10 22:51:42','2019-03-10 22:51:42','\0');
/*!40000 ALTER TABLE `document_type` ENABLE KEYS */;
UNLOCK TABLES;

--
-- Table structure for table `dulceria`
--

DROP TABLE IF EXISTS `dulceria`;
/*!40101 SET @saved_cs_client     = @@character_set_client */;
/*!40101 SET character_set_client = utf8 */;
CREATE TABLE `dulceria` (
  `CODE` int(11) DEFAULT NULL,
  `NOMBRE` text,
  `STOCK` int(11) DEFAULT NULL,
  `BODEGA` text,
  `CANT` int(11) DEFAULT NULL,
  `MEDIDA` int(11) DEFAULT NULL,
  `FINAL_PRICE` bigint(20) DEFAULT NULL,
  `IVA` text,
  `VENTA` bigint(20) DEFAULT NULL,
  `UTILIDAD_PRC` text,
  `COSTO` bigint(20) DEFAULT NULL,
  `UTILIDAD` int(11) DEFAULT NULL,
  `CATEGORIA` int(11) DEFAULT NULL,
  `VACIO` text
) ENGINE=InnoDB DEFAULT CHARSET=latin1;
/*!40101 SET character_set_client = @saved_cs_client */;

--
-- Dumping data for table `dulceria`
--

LOCK TABLES `dulceria` WRITE;
/*!40000 ALTER TABLE `dulceria` DISABLE KEYS */;
INSERT INTO `dulceria` VALUES (1,' CHOCOLATINA JEF',41,'',41,19,400,'1,19',336,'1,12',300,36,9,''),(2,' GALLETA WAFER X 18',6,'',6,13,2,'1,19',2,'1,12',2,198,9,''),(3,' PAPITAS RIZADAS GRANDE',0,'',0,2,3,'1,19',2,'1,12',2,243,9,''),(4,'AGOGO CAJAS',31,'',31,5,5,'1,19',4,'1,12',4,423,9,''),(5,'AGOGO PAQUETE GIGANTE',22,'',22,13,5,'1,19',4,'1,12',3,405,9,''),(6,'AGOGO UND',161,'',161,19,100,'1,19',84,'1,12',75,9,9,''),(7,'ANILLITOS',44,'',44,19,200,'1,19',168,'1,12',150,18,9,''),(8,'AREQUIPE TETERITO',6,'',6,3,3,'1,19',3,'1,12',2,297,9,''),(9,'BARRA CEREAL TOSH',9,'',9,19,800,'1,19',672,'1,12',600,72,9,''),(10,'BARRIETE PAQUETE',0,'',0,13,0,'1,19',0,'1,12',0,0,9,''),(11,'BARRILETE UNIDAD',0,'',0,19,100,'1,19',84,'1,12',75,9,9,''),(12,'BESO DE NEGRA UNIDAD',10,'',10,19,1,'1,19',840,'1,12',750,90,9,''),(13,'BIAGE BLANCO PAQUETE',7,'',7,13,4,'1,19',4,'1,12',3,378,9,''),(14,'BIAGE CHOCOLATE PAQUETE',7,'',7,13,4,'1,19',4,'1,12',3,378,9,''),(15,'BIAGE PAQUETE',0,'',0,13,4,'1,19',3,'1,12',3,360,9,''),(16,'BIAGE UNIDAD',101,'',101,19,100,'1,19',84,'1,12',75,9,9,''),(17,'BOCADILLO UNIDAD',0,'',0,19,300,'1,19',252,'1,12',225,27,9,''),(18,'BOLA CHICLE PAQUETE',0,'',0,13,4,'1,19',3,'1,12',3,360,9,''),(19,'BOLA CHICLE UNIDAD',0,'',0,19,100,'1,19',84,'1,12',75,9,9,''),(20,'BOLIQUESO UNIDAD',0,'',0,19,700,'1,19',588,'1,12',525,63,9,''),(21,'BOLIQUESO X 12',0,'',0,13,11,'1,19',9,'1,12',8,972,9,''),(22,'BOLITAS DE TAMARINDO',53,'',53,19,100,'1,19',84,'1,12',75,9,9,''),(23,'BOMBOM PIMPOM PAQUETE',30,'',30,13,4,'1,19',4,'1,12',3,378,9,''),(24,'BOMBOM PIMPOM UNIDAD',46,'',46,19,200,'1,19',168,'1,12',150,18,9,''),(25,'BOMBOM YOGUETA PAQUETE',1,'',1,13,4,'1,19',4,'1,12',3,396,9,''),(26,'BOMBOM YOGUETA UNIDAD',22,'',22,19,250,'1,19',210,'1,12',188,23,9,''),(27,'BOMBOMBUM PAQUETE',27,'',27,13,4,'1,19',4,'1,12',3,396,9,''),(28,'BOMBOMBUM UNIDAD',29,'',29,19,200,'1,19',168,'1,12',150,18,9,''),(29,'BRUSCHETTE(PIZZA)',12,'',12,16,2,'1,19',1,'1,12',1,135,9,''),(30,'BUBALU CAJA',5,'',5,5,6,'1,19',5,'1,12',5,558,9,''),(31,'BUBALU UNIDAD',84,'',84,19,100,'1,19',84,'1,12',75,9,9,''),(32,'CAJA SUPER ACIDO SHA',28,'',28,5,6,'1,19',5,'1,12',5,540,9,''),(33,'CHESTRIS PAQUETE',0,'',0,13,11,'1,19',9,'1,12',8,972,9,''),(34,'CHESTRIS UNIDAD',9,'',9,19,1,'1,19',840,'1,12',750,90,9,''),(35,'CHETOS GRANDES',1,'',1,13,1,'1,19',840,'1,12',750,90,9,''),(36,'CHIC OKALOKA',0,'',0,19,500,'1,19',420,'1,12',375,45,9,''),(37,'CHICHARRON',0,'',0,13,3,'1,19',2,'1,12',2,252,9,''),(38,'CHICHARRON PAQUETE',0,'',0,13,3,'1,19',2,'1,12',2,252,9,''),(39,'CHICLE SUPER ACIDO',75,'',75,19,100,'1,19',84,'1,12',75,9,9,''),(40,'CHICLE SUPER ACIDO CAJA',11,'',11,5,6,'1,19',5,'1,12',4,495,9,''),(41,'CHICLEES ADAMS CAJA',1,'',1,5,8,'1,19',7,'1,12',6,702,9,''),(42,'CHICLES ADAMS',127,'',127,19,100,'1,19',84,'1,12',75,9,9,''),(43,'CHOCO KRISPYS SOBRE',2,'',2,16,1,'1,19',840,'1,12',750,90,9,''),(44,'CHOCOBALL PAQUTE',1,'',1,13,4,'1,19',3,'1,12',3,315,9,''),(45,'CHOCOBALL UNIDAD',0,'',0,19,100,'1,19',84,'1,12',75,9,9,''),(46,'CHOCOBREAK BLANCO PAQUETE',0,'',0,13,5,'1,19',4,'1,12',4,450,9,''),(47,'CHOCOBREAK BLANCO UNIDAD',113,'',113,19,200,'1,19',168,'1,12',150,18,9,''),(48,'CHOCOBREAK ROJO',0,'',0,13,4,'1,19',3,'1,12',3,315,9,''),(49,'CHOCODISK SOBRE',40,'',40,16,500,'1,19',420,'1,12',375,45,9,''),(50,'CHOCOJEF COCO PAQUETE',0,'',0,13,7,'1,19',6,'1,12',5,630,9,''),(51,'CHOCOJEF COCO UNIDAD',9,'',9,19,1,'1,19',1,'1,12',900,108,9,''),(52,'CHOCOLATE GOL UNIDAD',32,'',32,19,800,'1,19',672,'1,12',600,72,9,''),(53,'CHOCOLATE GOLD CAJA',2,'',2,5,14,'1,19',12,'1,12',11,1,9,''),(54,'CHOCOLATINA JEF 30 GR UNIDAD',0,'',0,19,500,'1,19',420,'1,12',375,45,9,''),(55,'CHOCOLATINA JEF 30 GR X 50',0,'',0,13,19,'1,19',16,'1,12',14,2,9,''),(56,'CHOCOLATINA JEF BURBUJA PAQUETE',5,'',5,13,5,'1,19',4,'1,12',4,441,9,''),(57,'CHOCOLATINA JEF BURBUJA UNIDAD',24,'',24,19,500,'1,19',420,'1,12',375,45,9,''),(58,'CHOCOLATINA JET SURTIDA X 24',4,'',4,19,5,'1,19',4,'1,12',3,405,9,''),(59,'CHOCOLATINA JET UNIDAD',0,'',0,19,4,'1,19',4,'1,12',3,387,9,''),(60,'CHOCOLATINA JUMBO CRUJI UNIDAD',0,'',0,19,3,'1,19',2,'1,12',2,225,9,''),(61,'CHOCOLATINA LECHE MUU',0,'',0,5,300,'1,19',252,'1,12',225,27,9,''),(62,'CHOCOLATINA LECHE MUU',37,'',37,19,500,'1,19',420,'1,12',375,45,9,''),(63,'CHOCOMELO',5,'',5,19,700,'1,19',588,'1,12',525,63,9,''),(64,'CHUPETA TIPITIN PAQUETE',1,'',1,13,2,'1,19',2,'1,12',2,207,9,''),(65,'CHUPETA TIPITIN UNIDAD',34,'',34,19,150,'1,19',126,'1,12',113,14,9,''),(66,'CHUPETAS UNIDAD PINK',37,'',37,19,150,'1,19',126,'1,12',113,14,9,''),(67,'COCOSETE SANDWICH PAQUETE',0,'',0,13,5,'1,19',4,'1,12',4,432,9,''),(68,'COCOSETE SANDWICH UNIDAD',0,'',0,19,500,'1,19',420,'1,12',375,45,9,''),(69,'COCOSETTE CAJA',2,'',2,4,22,'1,19',18,'1,12',16,2,9,''),(70,'COCOSETTE UNIDAD',3,'',3,19,1,'1,19',840,'1,12',750,90,9,''),(71,'COFFE DELAY PAQUETE',1,'',1,13,6,'1,19',5,'1,12',5,567,9,''),(72,'COFFE DELAY UNIDAD',55,'',55,19,100,'1,19',84,'1,12',75,9,9,''),(73,'COLCAFE SOBRE',46,'',46,16,500,'1,19',420,'1,12',375,45,9,''),(74,'CONFITES SURTIDO',0,'',0,13,4,'1,19',3,'1,12',3,342,9,''),(75,'CONSERVA TAMARINDO',1,'',1,15,5,'1,19',4,'1,12',3,405,9,''),(76,'CONSERVAS PANELITA X 100',0,'',0,4,8,'1,19',6,'1,12',6,675,9,''),(77,'CONSERVAS PANELITA X 50',5,'',5,4,5,'1,19',4,'1,12',3,405,9,''),(78,'CONSERVAS PANELITA X 60',4,'',4,4,5,'1,19',4,'1,12',4,450,9,''),(79,'CRISMELO BLANCO',27,'',27,19,5,'1,19',4,'1,12',4,432,9,''),(80,'DETODITO GRANDE',0,'',0,13,2,'1,19',2,'1,12',2,180,9,''),(81,'DIABOLIN',0,'',0,13,3,'1,19',3,'1,12',2,297,9,''),(82,'DUCALES DOBLE',0,'',0,13,4,'1,19',3,'1,12',3,324,9,''),(83,'DUCALES TACO',0,'',0,13,2,'1,19',2,'1,12',1,162,9,''),(84,'DUCALES TENTACION',0,'',0,13,4,'1,19',3,'1,12',3,360,9,''),(85,'DUCALES X 9',3,'',3,13,4,'1,19',3,'1,12',3,342,9,''),(86,'FESTIVAL RECREO 12X6',3,'',3,13,6,'1,19',5,'1,12',5,558,9,''),(87,'FESTIVAL X 26',0,'',0,13,14,'1,19',12,'1,12',11,1,9,''),(88,'FRESAS SURTIDAS PAQUETE',0,'',0,13,4,'1,19',3,'1,12',3,342,9,''),(89,'FROOT LOOPS SOBRE',7,'',7,16,1,'1,19',840,'1,12',750,90,9,''),(90,'FRUNA ORIGINAL PAQUETE',0,'',0,13,5,'1,19',4,'1,12',4,468,9,''),(91,'FRUNA ORIGINAL UNIDAD',32,'',32,19,300,'1,19',252,'1,12',225,27,9,''),(92,'FRUNAS BALL PAQUETE X 70',5,'',5,13,6,'1,19',5,'1,12',5,558,9,''),(93,'FRUNAS CUBITO PAQUETE',0,'',0,13,5,'1,19',4,'1,12',4,468,9,''),(94,'FRUTAS RELLENA PAQUETE',2,'',2,13,4,'1,19',3,'1,12',3,360,9,''),(95,'FRUTICAS DULCE DURO',100,'',100,19,4,'1,19',3,'1,12',3,360,9,''),(96,'FRUTICAS GRUJI X 100',5,'',5,13,4,'1,19',3,'1,12',3,360,9,''),(97,'FUSION OKALOKA',0,'',0,19,600,'1,19',504,'1,12',450,54,9,''),(98,'FUSSION RON CON PASAS PAQUETE',1,'',1,13,4,'1,19',4,'1,12',3,378,9,''),(99,'GALLE RITS UNIDAD',0,'',0,19,500,'1,19',420,'1,12',375,45,9,''),(100,'GALLE WAFER X 24',0,'',0,13,3,'1,19',3,'1,12',2,270,9,''),(101,'GALLETA BRIDGE WAFER X 10',5,'',5,13,4,'1,19',3,'1,12',3,333,9,''),(102,'GALLETA CAPRI',0,'',0,19,3,'1,19',3,'1,12',2,270,9,''),(103,'GALLETA CLUB SOCIAL PAQUETE',37,'',37,13,4,'1,19',3,'1,12',3,333,9,''),(104,'GALLETA CLUB SOCIAL UNIDAD',35,'',35,19,600,'1,19',504,'1,12',450,54,9,''),(105,'GALLETA DORADITAS 4 TACOS X 364 GRA',14,'',14,13,4,'1,19',3,'1,12',3,342,9,''),(106,'GALLETA DORADITAS TACO X 126',0,'',0,13,2,'1,19',1,'1,12',1,135,9,''),(107,'GALLETA FESTIVAL 12X4',0,'',0,13,5,'1,19',4,'1,12',4,468,9,''),(108,'GALLETA FESTIVAL PAQUETE 12X6',13,'',13,13,6,'1,19',5,'1,12',5,558,9,''),(109,'GALLETA FESTIVAL UNIDAD GRANDE',62,'',62,13,700,'1,19',588,'1,12',525,63,9,''),(110,'GALLETA FESTIVAL UNIDAD PQ',9,'',9,13,500,'1,19',420,'1,12',375,45,9,''),(111,'GALLETA GRAKENAS SALTIN PAQUETE',1,'',1,13,4,'1,19',3,'1,12',3,342,9,''),(112,'GALLETA GRAKENAS SALTIN TACO',28,'',28,13,1,'1,19',840,'1,12',750,90,9,''),(113,'GALLETA LECHE RONDAYA',0,'',0,13,4,'1,19',3,'1,12',3,324,9,''),(114,'GALLETA MAMUT BLANCO',10,'',10,19,300,'1,19',252,'1,12',225,27,9,''),(115,'GALLETA MILO ANILLOS PAQUETE X 12',3,'',3,13,6,'1,19',5,'1,12',4,513,9,''),(116,'GALLETA MILO ANILLOS PAQUETE X 16',5,'',5,13,9,'1,19',8,'1,12',7,810,9,''),(117,'GALLETA MILO ANILLOS UNIDAD X 6',8,'',8,19,600,'1,19',504,'1,12',450,54,9,''),(118,'GALLETA MILO ARO UNIDAD X 4',5,'',5,19,500,'1,19',420,'1,12',375,45,9,''),(119,'GALLETA MILO PAQUETE',0,'',0,13,6,'1,19',5,'1,12',4,522,9,''),(120,'GALLETA MILO UNIDAD GRANDE X 6 GALLETAS',0,'',0,19,700,'1,19',588,'1,12',525,63,9,''),(121,'GALLETA MILO UNIDAD PQ',0,'',0,19,500,'1,19',420,'1,12',375,45,9,''),(122,'GALLETA MUU MAX X 12',4,'',4,13,6,'1,19',5,'1,12',4,522,9,''),(123,'GALLETA MUU SABORES X 12',7,'',7,13,5,'1,19',4,'1,12',4,432,9,''),(124,'GALLETA MUUU X 18',22,'',22,13,2,'1,19',2,'1,12',2,180,9,''),(125,'GALLETA MUUUX 24',22,'',22,13,3,'1,19',3,'1,12',2,270,9,''),(126,'GALLETA NAVIDENA',0,'',0,13,3,'1,19',3,'1,12',2,288,9,''),(127,'GALLETA NOEL',0,'',0,13,3,'1,19',2,'1,12',2,234,9,''),(128,'GALLETA OREO PAQUETE X 12',57,'',57,13,6,'1,19',5,'1,12',4,522,9,''),(129,'GALLETA OREO TUBO',0,'',0,13,2,'1,19',2,'1,12',1,162,9,''),(130,'GALLETA OREO UNIDAD',5,'',5,19,500,'1,19',420,'1,12',375,45,9,''),(131,'GALLETA PUNTO ROJO',31,'',31,13,2,'1,19',2,'1,12',2,198,9,''),(132,'GALLETA RECREO 12 X 4',4,'',4,13,6,'1,19',5,'1,12',4,522,9,''),(133,'GALLETA RECREO 6X1',0,'',0,13,19,'1,19',16,'1,12',14,2,9,''),(134,'GALLETA TOSTH PAQUETE',0,'',0,13,4,'1,19',3,'1,12',3,333,9,''),(135,'GALLETA TOSTH UNIDAD',0,'',0,19,700,'1,19',588,'1,12',525,63,9,''),(136,'GALLETA ZULTANA 6X1',0,'',0,13,19,'1,19',16,'1,12',14,2,9,''),(137,'GALLETAS DORADITAS  4 TACOS X 126',0,'',0,13,5,'1,19',4,'1,12',4,468,9,''),(138,'GELATINA GOLOSA',1,'',1,4,500,'1,19',420,'1,12',375,45,9,''),(139,'GLOBOM HUEVITOS PAQUETE',4,'',4,13,3,'1,19',2,'1,12',2,261,9,''),(140,'GLOBOM HUEVITOS UNIDAD',146,'',146,19,100,'1,19',84,'1,12',75,9,9,''),(141,'GOLD CHIP CAJA',0,'',0,4,10,'1,19',8,'1,12',7,864,9,''),(142,'GOLD CHIP UNIDAD',0,'',0,19,500,'1,19',420,'1,12',375,45,9,''),(143,'GOMITAS PLAY X 211 GRAMOS',23,'',23,19,1,'1,19',840,'1,12',750,90,9,''),(144,'GRAKENAS PAQUETE',0,'',0,13,4,'1,19',3,'1,12',3,324,9,''),(145,'GRAKENAS UNIDAD',23,'',23,19,600,'1,19',504,'1,12',450,54,9,''),(146,'GRISLY AROS',0,'',0,13,5,'1,19',4,'1,12',3,405,9,''),(147,'GRISLY CAJA X 100',6,'',6,13,9,'1,19',8,'1,12',7,828,9,''),(148,'GRISLY CLASICA',0,'',0,19,4,'1,19',4,'1,12',3,378,9,''),(149,'GUDIS UNIDAS',0,'',0,19,600,'1,19',504,'1,12',450,54,9,''),(150,'GUDIS X 12',0,'',0,13,6,'1,19',5,'1,12',5,558,9,''),(151,'GUSANITOS PLAY GOMA',16,'',16,2,5,'1,19',4,'1,12',4,468,9,''),(152,'HALLS BARRA',17,'',17,1,1,'1,19',840,'1,12',750,90,9,''),(153,'HALLS PAQUETE',0,'',0,13,4,'1,19',4,'1,12',3,378,9,''),(154,'HALLS UNIDAD',113,'',113,19,100,'1,19',84,'1,12',75,9,9,''),(155,'HUEVITOS ',40,'',40,19,100,'1,19',84,'1,12',75,9,9,''),(156,'ICE MINT PAQUETE',0,'',0,13,4,'1,19',3,'1,12',3,360,9,''),(157,'ICE MINT UNIDAD',0,'',0,19,100,'1,19',84,'1,12',75,9,9,''),(158,'LASANA',2,'',2,4,8,'1,19',6,'1,12',6,675,9,''),(159,'LECHE COMDENSADA MOCOA',0,'',0,10,4,'1,19',3,'1,12',3,360,9,''),(160,'LECHE CONDENSADA GARRAFA',0,'',0,7,9,'1,19',7,'1,12',7,792,9,''),(161,'LECHE CONDENSADA LATA GLORIA',0,'',0,10,5,'1,19',4,'1,12',3,405,9,''),(162,'LECHE CONDENSADA TETERITO',0,'',0,3,3,'1,19',3,'1,12',2,297,9,''),(163,'LECHE CONDENSADA TUBITO 100 GRAMOS',0,'',0,18,2,'1,19',1,'1,12',1,144,9,''),(164,'LECHE CONDENSADA TUBITO 45 GRAMOS',0,'',0,18,1,'1,19',1,'1,12',900,108,9,''),(165,'LECHE CONDENSADA TUBITO X 20 GRA',3,'',3,18,300,'1,19',252,'1,12',225,27,9,''),(166,'LECHE CONDENSADATUBITO 500 GR',0,'',0,18,5,'1,19',4,'1,12',4,468,9,''),(167,'LECHE CONDENSADATUBITO SOBRE 30 GRA',0,'',0,18,600,'1,19',504,'1,12',450,54,9,''),(168,'LECHE CONSENSADA TUBITO LATA 480',0,'',0,18,5,'1,19',4,'1,12',4,450,9,''),(169,'LONCHERA X 12',5,'',5,13,5,'1,19',4,'1,12',4,432,9,'');
/*!40000 ALTER TABLE `dulceria` ENABLE KEYS */;
UNLOCK TABLES;

--
-- Table structure for table `dulceria1`
--

DROP TABLE IF EXISTS `dulceria1`;
/*!40101 SET @saved_cs_client     = @@character_set_client */;
/*!40101 SET character_set_client = utf8 */;
CREATE TABLE `dulceria1` (
  `CODE` int(11) DEFAULT NULL,
  `NOMBRE` text,
  `STOCK` int(11) DEFAULT NULL,
  `BODEGA` text,
  `CANT` int(11) DEFAULT NULL,
  `MEDIDA` int(11) DEFAULT NULL,
  `FINAL_PRICE` int(11) DEFAULT NULL,
  `IVA` text,
  `VENTA` int(11) DEFAULT NULL,
  `UTILIDAD_PRC` text,
  `COSTO` int(11) DEFAULT NULL,
  `UTILIDAD` int(11) DEFAULT NULL,
  `CATEGORIA` int(11) DEFAULT NULL,
  `VACIO` text
) ENGINE=InnoDB DEFAULT CHARSET=latin1;
/*!40101 SET character_set_client = @saved_cs_client */;

--
-- Dumping data for table `dulceria1`
--

LOCK TABLES `dulceria1` WRITE;
/*!40000 ALTER TABLE `dulceria1` DISABLE KEYS */;
INSERT INTO `dulceria1` VALUES (1,'CHOCOLATINA JEF',41,'',41,19,400,'1,19',336,'1,12',300,36,9,''),(2,'GALLETA WAFER X 18',6,'',6,13,2200,'1,19',1849,'1,12',1651,198,9,''),(3,'PAPITAS RIZADAS GRANDE',0,'',0,2,2700,'1,19',2269,'1,12',2026,243,9,''),(4,'AGOGO CAJAS',31,'',31,5,4700,'1,19',3950,'1,12',3526,423,9,''),(5,'AGOGO PAQUETE GIGANTE',22,'',22,13,4500,'1,19',3782,'1,12',3376,405,9,''),(6,'AGOGO UND',161,'',161,19,100,'1,19',84,'1,12',75,9,9,''),(7,'ANILLITOS',44,'',44,19,200,'1,19',168,'1,12',150,18,9,''),(8,'AREQUIPE TETERITO',6,'',6,3,3300,'1,19',2773,'1,12',2476,297,9,''),(9,'BARRA CEREAL TOSH',9,'',9,19,800,'1,19',672,'1,12',600,72,9,''),(10,'BARRIETE PAQUETE',0,'',0,13,0,'1,19',0,'1,12',0,0,9,''),(11,'BARRILETE UNIDAD',0,'',0,19,100,'1,19',84,'1,12',75,9,9,''),(12,'BESO DE NEGRA UNIDAD',10,'',10,19,1000,'1,19',840,'1,12',750,90,9,''),(13,'BIAGE BLANCO PAQUETE',7,'',7,13,4200,'1,19',3529,'1,12',3151,378,9,''),(14,'BIAGE CHOCOLATE PAQUETE',7,'',7,13,4200,'1,19',3529,'1,12',3151,378,9,''),(15,'BIAGE PAQUETE',0,'',0,13,4000,'1,19',3361,'1,12',3001,360,9,''),(16,'BIAGE UNIDAD',101,'',101,19,100,'1,19',84,'1,12',75,9,9,''),(17,'BOCADILLO UNIDAD',0,'',0,19,300,'1,19',252,'1,12',225,27,9,''),(18,'BOLA CHICLE PAQUETE',0,'',0,13,4000,'1,19',3361,'1,12',3001,360,9,''),(19,'BOLA CHICLE UNIDAD',0,'',0,19,100,'1,19',84,'1,12',75,9,9,''),(20,'BOLIQUESO UNIDAD',0,'',0,19,700,'1,19',588,'1,12',525,63,9,''),(21,'BOLIQUESO X 12',0,'',0,13,10800,'1,19',9076,'1,12',8103,972,9,''),(22,'BOLITAS DE TAMARINDO',53,'',53,19,100,'1,19',84,'1,12',75,9,9,''),(23,'BOMBOM PIMPOM PAQUETE',30,'',30,13,4200,'1,19',3529,'1,12',3151,378,9,''),(24,'BOMBOM PIMPOM UNIDAD',46,'',46,19,200,'1,19',168,'1,12',150,18,9,''),(25,'BOMBOM YOGUETA PAQUETE',1,'',1,13,4400,'1,19',3697,'1,12',3301,396,9,''),(26,'BOMBOM YOGUETA UNIDAD',22,'',22,19,250,'1,19',210,'1,12',188,23,9,''),(27,'BOMBOMBUM PAQUETE',27,'',27,13,4400,'1,19',3697,'1,12',3301,396,9,''),(28,'BOMBOMBUM UNIDAD',29,'',29,19,200,'1,19',168,'1,12',150,18,9,''),(29,'BRUSCHETTE(PIZZA)',12,'',12,16,1500,'1,19',1261,'1,12',1125,135,9,''),(30,'BUBALU CAJA',5,'',5,5,6200,'1,19',5210,'1,12',4652,558,9,''),(31,'BUBALU UNIDAD',84,'',84,19,100,'1,19',84,'1,12',75,9,9,''),(32,'CAJA SUPER ACIDO SHA',28,'',28,5,6000,'1,19',5042,'1,12',4502,540,9,''),(33,'CHESTRIS PAQUETE',0,'',0,13,10800,'1,19',9076,'1,12',8103,972,9,''),(34,'CHESTRIS UNIDAD',9,'',9,19,1000,'1,19',840,'1,12',750,90,9,''),(35,'CHETOS GRANDES',1,'',1,13,1000,'1,19',840,'1,12',750,90,9,''),(36,'CHIC OKALOKA',0,'',0,19,500,'1,19',420,'1,12',375,45,9,''),(37,'CHICHARRON',0,'',0,13,2800,'1,19',2353,'1,12',2101,252,9,''),(38,'CHICHARRON PAQUETE',0,'',0,13,2800,'1,19',2353,'1,12',2101,252,9,''),(39,'CHICLE SUPER ACIDO',75,'',75,19,100,'1,19',84,'1,12',75,9,9,''),(40,'CHICLE SUPER ACIDO CAJA',11,'',11,5,5500,'1,19',4622,'1,12',4127,495,9,''),(41,'CHICLEES ADAMS CAJA',1,'',1,5,7800,'1,19',6555,'1,12',5852,702,9,''),(42,'CHICLES ADAMS',127,'',127,19,100,'1,19',84,'1,12',75,9,9,''),(43,'CHOCO KRISPYS SOBRE',2,'',2,16,1000,'1,19',840,'1,12',750,90,9,''),(44,'CHOCOBALL PAQUTE',1,'',1,13,3500,'1,19',2941,'1,12',2626,315,9,''),(45,'CHOCOBALL UNIDAD',0,'',0,19,100,'1,19',84,'1,12',75,9,9,''),(46,'CHOCOBREAK BLANCO PAQUETE',0,'',0,13,5000,'1,19',4202,'1,12',3752,450,9,''),(47,'CHOCOBREAK BLANCO UNIDAD',113,'',113,19,200,'1,19',168,'1,12',150,18,9,''),(48,'CHOCOBREAK ROJO',0,'',0,13,3500,'1,19',2941,'1,12',2626,315,9,''),(49,'CHOCODISK SOBRE',40,'',40,16,500,'1,19',420,'1,12',375,45,9,''),(50,'CHOCOJEF COCO PAQUETE',0,'',0,13,7000,'1,19',5882,'1,12',5252,630,9,''),(51,'CHOCOJEF COCO UNIDAD',9,'',9,19,1200,'1,19',1008,'1,12',900,108,9,''),(52,'CHOCOLATE GOL UNIDAD',32,'',32,19,800,'1,19',672,'1,12',600,72,9,''),(53,'CHOCOLATE GOLD CAJA',2,'',2,5,14000,'1,19',11765,'1,12',10504,1261,9,''),(54,'CHOCOLATINA JEF 30 GR UNIDAD',0,'',0,19,500,'1,19',420,'1,12',375,45,9,''),(55,'CHOCOLATINA JEF 30 GR X 50',0,'',0,13,19000,'1,19',15966,'1,12',14256,1711,9,''),(56,'CHOCOLATINA JEF BURBUJA PAQUETE',5,'',5,13,4900,'1,19',4118,'1,12',3676,441,9,''),(57,'CHOCOLATINA JEF BURBUJA UNIDAD',24,'',24,19,500,'1,19',420,'1,12',375,45,9,''),(58,'CHOCOLATINA JET SURTIDA X 24',4,'',4,19,4500,'1,19',3782,'1,12',3376,405,9,''),(59,'CHOCOLATINA JET UNIDAD',0,'',0,19,4300,'1,19',3613,'1,12',3226,387,9,''),(60,'CHOCOLATINA JUMBO CRUJI UNIDAD',0,'',0,19,2500,'1,19',2101,'1,12',1876,225,9,''),(61,'CHOCOLATINA LECHE MUU',0,'',0,5,300,'1,19',252,'1,12',225,27,9,''),(62,'CHOCOLATINA LECHE MUU',37,'',37,19,500,'1,19',420,'1,12',375,45,9,''),(63,'CHOCOMELO',5,'',5,19,700,'1,19',588,'1,12',525,63,9,''),(64,'CHUPETA TIPITIN PAQUETE',1,'',1,13,2300,'1,19',1933,'1,12',1726,207,9,''),(65,'CHUPETA TIPITIN UNIDAD',34,'',34,19,150,'1,19',126,'1,12',113,14,9,''),(66,'CHUPETAS UNIDAD PINK',37,'',37,19,150,'1,19',126,'1,12',113,14,9,''),(67,'COCOSETE SANDWICH PAQUETE',0,'',0,13,4800,'1,19',4034,'1,12',3601,432,9,''),(68,'COCOSETE SANDWICH UNIDAD',0,'',0,19,500,'1,19',420,'1,12',375,45,9,''),(69,'COCOSETTE CAJA',2,'',2,4,21900,'1,19',18403,'1,12',16432,1972,9,''),(70,'COCOSETTE UNIDAD',3,'',3,19,1000,'1,19',840,'1,12',750,90,9,''),(71,'COFFE DELAY PAQUETE',1,'',1,13,6300,'1,19',5294,'1,12',4727,567,9,''),(72,'COFFE DELAY UNIDAD',55,'',55,19,100,'1,19',84,'1,12',75,9,9,''),(73,'COLCAFE SOBRE',46,'',46,16,500,'1,19',420,'1,12',375,45,9,''),(74,'CONFITES SURTIDO',0,'',0,13,3800,'1,19',3193,'1,12',2851,342,9,''),(75,'CONSERVA TAMARINDO',1,'',1,15,4500,'1,19',3782,'1,12',3376,405,9,''),(76,'CONSERVAS PANELITA X 100',0,'',0,4,7500,'1,19',6303,'1,12',5627,675,9,''),(77,'CONSERVAS PANELITA X 50',5,'',5,4,4500,'1,19',3782,'1,12',3376,405,9,''),(78,'CONSERVAS PANELITA X 60',4,'',4,4,5000,'1,19',4202,'1,12',3752,450,9,''),(79,'CRISMELO BLANCO',27,'',27,19,4800,'1,19',4034,'1,12',3601,432,9,''),(80,'DETODITO GRANDE',0,'',0,13,2000,'1,19',1681,'1,12',1501,180,9,''),(81,'DIABOLIN',0,'',0,13,3300,'1,19',2773,'1,12',2476,297,9,''),(82,'DUCALES DOBLE',0,'',0,13,3600,'1,19',3025,'1,12',2701,324,9,''),(83,'DUCALES TACO',0,'',0,13,1800,'1,19',1513,'1,12',1351,162,9,''),(84,'DUCALES TENTACION',0,'',0,13,4000,'1,19',3361,'1,12',3001,360,9,''),(85,'DUCALES X 9',3,'',3,13,3800,'1,19',3193,'1,12',2851,342,9,''),(86,'FESTIVAL RECREO 12X6',3,'',3,13,6200,'1,19',5210,'1,12',4652,558,9,''),(87,'FESTIVAL X 26',0,'',0,13,14000,'1,19',11765,'1,12',10504,1261,9,''),(88,'FRESAS SURTIDAS PAQUETE',0,'',0,13,3800,'1,19',3193,'1,12',2851,342,9,''),(89,'FROOT LOOPS SOBRE',7,'',7,16,1000,'1,19',840,'1,12',750,90,9,''),(90,'FRUNA ORIGINAL PAQUETE',0,'',0,13,5200,'1,19',4370,'1,12',3902,468,9,''),(91,'FRUNA ORIGINAL UNIDAD',32,'',32,19,300,'1,19',252,'1,12',225,27,9,''),(92,'FRUNAS BALL PAQUETE X 70',5,'',5,13,6200,'1,19',5210,'1,12',4652,558,9,''),(93,'FRUNAS CUBITO PAQUETE',0,'',0,13,5200,'1,19',4370,'1,12',3902,468,9,''),(94,'FRUTAS RELLENA PAQUETE',2,'',2,13,4000,'1,19',3361,'1,12',3001,360,9,''),(95,'FRUTICAS DULCE DURO',100,'',100,19,4000,'1,19',3361,'1,12',3001,360,9,''),(96,'FRUTICAS GRUJI X 100',5,'',5,13,4000,'1,19',3361,'1,12',3001,360,9,''),(97,'FUSION OKALOKA',0,'',0,19,600,'1,19',504,'1,12',450,54,9,''),(98,'FUSSION RON CON PASAS PAQUETE',1,'',1,13,4200,'1,19',3529,'1,12',3151,378,9,''),(99,'GALLE RITS UNIDAD',0,'',0,19,500,'1,19',420,'1,12',375,45,9,''),(100,'GALLE WAFER X 24',0,'',0,13,3000,'1,19',2521,'1,12',2251,270,9,''),(101,'GALLETA BRIDGE WAFER X 10',5,'',5,13,3700,'1,19',3109,'1,12',2776,333,9,''),(102,'GALLETA CAPRI',0,'',0,19,3000,'1,19',2521,'1,12',2251,270,9,''),(103,'GALLETA CLUB SOCIAL PAQUETE',37,'',37,13,3700,'1,19',3109,'1,12',2776,333,9,''),(104,'GALLETA CLUB SOCIAL UNIDAD',35,'',35,19,600,'1,19',504,'1,12',450,54,9,''),(105,'GALLETA DORADITAS 4 TACOS X 364 GRA',14,'',14,13,3800,'1,19',3193,'1,12',2851,342,9,''),(106,'GALLETA DORADITAS TACO X 126',0,'',0,13,1500,'1,19',1261,'1,12',1125,135,9,''),(107,'GALLETA FESTIVAL 12X4',0,'',0,13,5200,'1,19',4370,'1,12',3902,468,9,''),(108,'GALLETA FESTIVAL PAQUETE 12X6',13,'',13,13,6200,'1,19',5210,'1,12',4652,558,9,''),(109,'GALLETA FESTIVAL UNIDAD GRANDE',62,'',62,13,700,'1,19',588,'1,12',525,63,9,''),(110,'GALLETA FESTIVAL UNIDAD PQ',9,'',9,13,500,'1,19',420,'1,12',375,45,9,''),(111,'GALLETA GRAKENAS SALTIN PAQUETE',1,'',1,13,3800,'1,19',3193,'1,12',2851,342,9,''),(112,'GALLETA GRAKENAS SALTIN TACO',28,'',28,13,1000,'1,19',840,'1,12',750,90,9,''),(113,'GALLETA LECHE RONDAYA',0,'',0,13,3600,'1,19',3025,'1,12',2701,324,9,''),(114,'GALLETA MAMUT BLANCO',10,'',10,19,300,'1,19',252,'1,12',225,27,9,''),(115,'GALLETA MILO ANILLOS PAQUETE X 12',3,'',3,13,5700,'1,19',4790,'1,12',4277,513,9,''),(116,'GALLETA MILO ANILLOS PAQUETE X 16',5,'',5,13,9000,'1,19',7563,'1,12',6753,810,9,''),(117,'GALLETA MILO ANILLOS UNIDAD X 6',8,'',8,19,600,'1,19',504,'1,12',450,54,9,''),(118,'GALLETA MILO ARO UNIDAD X 4',5,'',5,19,500,'1,19',420,'1,12',375,45,9,''),(119,'GALLETA MILO PAQUETE',0,'',0,13,5800,'1,19',4874,'1,12',4352,522,9,''),(120,'GALLETA MILO UNIDAD GRANDE X 6 GALLETAS',0,'',0,19,700,'1,19',588,'1,12',525,63,9,''),(121,'GALLETA MILO UNIDAD PQ',0,'',0,19,500,'1,19',420,'1,12',375,45,9,''),(122,'GALLETA MUU MAX X 12',4,'',4,13,5800,'1,19',4874,'1,12',4352,522,9,''),(123,'GALLETA MUU SABORES X 12',7,'',7,13,4800,'1,19',4034,'1,12',3601,432,9,''),(124,'GALLETA MUUU X 18',22,'',22,13,2000,'1,19',1681,'1,12',1501,180,9,''),(125,'GALLETA MUUUX 24',22,'',22,13,3000,'1,19',2521,'1,12',2251,270,9,''),(126,'GALLETA NAVIDENA',0,'',0,13,3200,'1,19',2689,'1,12',2401,288,9,''),(127,'GALLETA NOEL',0,'',0,13,2600,'1,19',2185,'1,12',1951,234,9,''),(128,'GALLETA OREO PAQUETE X 12',57,'',57,13,5800,'1,19',4874,'1,12',4352,522,9,''),(129,'GALLETA OREO TUBO',0,'',0,13,1800,'1,19',1513,'1,12',1351,162,9,''),(130,'GALLETA OREO UNIDAD',5,'',5,19,500,'1,19',420,'1,12',375,45,9,''),(131,'GALLETA PUNTO ROJO',31,'',31,13,2200,'1,19',1849,'1,12',1651,198,9,''),(132,'GALLETA RECREO 12 X 4',4,'',4,13,5800,'1,19',4874,'1,12',4352,522,9,''),(133,'GALLETA RECREO 6X1',0,'',0,13,19200,'1,19',16134,'1,12',14406,1729,9,''),(134,'GALLETA TOSTH PAQUETE',0,'',0,13,3700,'1,19',3109,'1,12',2776,333,9,''),(135,'GALLETA TOSTH UNIDAD',0,'',0,19,700,'1,19',588,'1,12',525,63,9,''),(136,'GALLETA ZULTANA 6X1',0,'',0,13,19200,'1,19',16134,'1,12',14406,1729,9,''),(137,'GALLETAS DORADITAS  4 TACOS X 126',0,'',0,13,5200,'1,19',4370,'1,12',3902,468,9,''),(138,'GELATINA GOLOSA',1,'',1,4,500,'1,19',420,'1,12',375,45,9,''),(139,'GLOBOM HUEVITOS PAQUETE',4,'',4,13,2900,'1,19',2437,'1,12',2176,261,9,''),(140,'GLOBOM HUEVITOS UNIDAD',146,'',146,19,100,'1,19',84,'1,12',75,9,9,''),(141,'GOLD CHIP CAJA',0,'',0,4,9600,'1,19',8067,'1,12',7203,864,9,''),(142,'GOLD CHIP UNIDAD',0,'',0,19,500,'1,19',420,'1,12',375,45,9,''),(143,'GOMITAS PLAY X 211 GRAMOS',23,'',23,19,1000,'1,19',840,'1,12',750,90,9,''),(144,'GRAKENAS PAQUETE',0,'',0,13,3600,'1,19',3025,'1,12',2701,324,9,''),(145,'GRAKENAS UNIDAD',23,'',23,19,600,'1,19',504,'1,12',450,54,9,''),(146,'GRISLY AROS',0,'',0,13,4500,'1,19',3782,'1,12',3376,405,9,''),(147,'GRISLY CAJA X 100',6,'',6,13,9200,'1,19',7731,'1,12',6903,828,9,''),(148,'GRISLY CLASICA',0,'',0,19,4200,'1,19',3529,'1,12',3151,378,9,''),(149,'GUDIS UNIDAS',0,'',0,19,600,'1,19',504,'1,12',450,54,9,''),(150,'GUDIS X 12',0,'',0,13,6200,'1,19',5210,'1,12',4652,558,9,''),(151,'GUSANITOS PLAY GOMA',16,'',16,2,5200,'1,19',4370,'1,12',3902,468,9,''),(152,'HALLS BARRA',17,'',17,1,1000,'1,19',840,'1,12',750,90,9,''),(153,'HALLS PAQUETE',0,'',0,13,4200,'1,19',3529,'1,12',3151,378,9,''),(154,'HALLS UNIDAD',113,'',113,19,100,'1,19',84,'1,12',75,9,9,''),(155,'HUEVITOS ',40,'',40,19,100,'1,19',84,'1,12',75,9,9,''),(156,'ICE MINT PAQUETE',0,'',0,13,4000,'1,19',3361,'1,12',3001,360,9,''),(157,'ICE MINT UNIDAD',0,'',0,19,100,'1,19',84,'1,12',75,9,9,''),(158,'LASANA',2,'',2,4,7500,'1,19',6303,'1,12',5627,675,9,''),(159,'LECHE COMDENSADA MOCOA',0,'',0,10,4000,'1,19',3361,'1,12',3001,360,9,''),(160,'LECHE CONDENSADA GARRAFA',0,'',0,7,8800,'1,19',7395,'1,12',6603,792,9,''),(161,'LECHE CONDENSADA LATA GLORIA',0,'',0,10,4500,'1,19',3782,'1,12',3376,405,9,''),(162,'LECHE CONDENSADA TETERITO',0,'',0,3,3300,'1,19',2773,'1,12',2476,297,9,''),(163,'LECHE CONDENSADA TUBITO 100 GRAMOS',0,'',0,18,1600,'1,19',1345,'1,12',1200,144,9,''),(164,'LECHE CONDENSADA TUBITO 45 GRAMOS',0,'',0,18,1200,'1,19',1008,'1,12',900,108,9,''),(165,'LECHE CONDENSADA TUBITO X 20 GRA',3,'',3,18,300,'1,19',252,'1,12',225,27,9,''),(166,'LECHE CONDENSADATUBITO 500 GR',0,'',0,18,5200,'1,19',4370,'1,12',3902,468,9,''),(167,'LECHE CONDENSADATUBITO SOBRE 30 GRA',0,'',0,18,600,'1,19',504,'1,12',450,54,9,''),(168,'LECHE CONSENSADA TUBITO LATA 480',0,'',0,18,5000,'1,19',4202,'1,12',3752,450,9,''),(169,'LONCHERA X 12',5,'',5,13,4800,'1,19',4034,'1,12',3601,432,9,'');
/*!40000 ALTER TABLE `dulceria1` ENABLE KEYS */;
UNLOCK TABLES;

--
-- Table structure for table `dulceria2`
--

DROP TABLE IF EXISTS `dulceria2`;
/*!40101 SET @saved_cs_client     = @@character_set_client */;
/*!40101 SET character_set_client = utf8 */;
CREATE TABLE `dulceria2` (
  `CODE` int(11) DEFAULT NULL,
  `NOMBRE` text,
  `STOCK` int(11) DEFAULT NULL,
  `BODEGA` text,
  `CANT` int(11) DEFAULT NULL,
  `MEDIDA` int(11) DEFAULT NULL,
  `FINAL_PRICE` int(11) DEFAULT NULL,
  `IVA` text,
  `VENTA` int(11) DEFAULT NULL,
  `UTILIDAD_PRC` text,
  `COSTO` int(11) DEFAULT NULL,
  `UTILIDAD` int(11) DEFAULT NULL,
  `CATEGORIA` int(11) DEFAULT NULL,
  `VACIO` text
) ENGINE=InnoDB DEFAULT CHARSET=latin1;
/*!40101 SET character_set_client = @saved_cs_client */;

--
-- Dumping data for table `dulceria2`
--

LOCK TABLES `dulceria2` WRITE;
/*!40000 ALTER TABLE `dulceria2` DISABLE KEYS */;
INSERT INTO `dulceria2` VALUES (170,'LONCHERA X 24',0,'',0,13,9000,'1,19',7563,'1,12',6753,810,9,''),(171,'LOQUINO PAQUETE',0,'',0,13,4000,'1,19',3361,'1,12',3001,360,9,''),(172,'LOQUINO UNIDAD',0,'',0,19,100,'1,19',84,'1,12',75,9,9,''),(173,'M & M',12,'',12,16,2500,'1,19',2101,'1,12',1876,225,9,''),(174,'MANI ALMENDRA MARANON GRANDE',2,'',2,2,7000,'1,19',5882,'1,12',5252,630,9,''),(175,'MANI ALMENDRA MARANON PQ',17,'',17,2,1800,'1,19',1513,'1,12',1351,162,9,''),(176,'MANI ARANDANO GRANDE',1,'',1,2,6500,'1,19',5462,'1,12',4877,585,9,''),(177,'MANI ARANDANO PEQUENO',14,'',14,2,1700,'1,19',1429,'1,12',1276,153,9,''),(178,'MANI ESPECIAL CON SAL X 50 GRAMOS',25,'',25,2,1500,'1,19',1261,'1,12',1125,135,9,''),(179,'MANI KRASKS PEQUENO',22,'',22,2,700,'1,19',588,'1,12',525,63,9,''),(180,'MANI LA ESPECIAL CON SAL X 200 GRAMOS',4,'',4,2,4000,'1,19',3361,'1,12',3001,360,9,''),(181,'MANI LA ESPECIAL RECUBIERTO ',3,'',3,13,6200,'1,19',5210,'1,12',4652,558,9,''),(182,'MANI PASAS GRANDE',3,'',3,2,4500,'1,19',3782,'1,12',3376,405,9,''),(183,'MANI PASAS PEQUENO',38,'',38,2,1600,'1,19',1345,'1,12',1200,144,9,''),(184,'MANI SALADO 25 GRAMOS',35,'',35,2,700,'1,19',588,'1,12',525,63,9,''),(185,'MANI SALADO 45 GRAMOS',0,'',0,2,1400,'1,19',1176,'1,12',1050,126,9,''),(186,'MANICUBIERTO X 100',0,'',0,13,3500,'1,19',2941,'1,12',2626,315,9,''),(187,'MANICUBIERTO X200',7,'',7,15,7500,'1,19',6303,'1,12',5627,675,9,''),(188,'MANIMOTO 40 GRAMOS',0,'',0,2,800,'1,19',672,'1,12',600,72,9,''),(189,'MANIMOTO DE 70 GRAMOS',0,'',0,2,1200,'1,19',1008,'1,12',900,108,9,''),(190,'MASMELOS BLANCO',0,'',0,19,5000,'1,19',4202,'1,12',3752,450,9,''),(191,'MASMELOS CORAZON PAQUETE X 50',0,'',0,13,4500,'1,19',3782,'1,12',3376,405,9,''),(192,'MASMELOS CORAZON UNIDAD',0,'',0,19,100,'1,19',84,'1,12',75,9,9,''),(193,'MASMELOS X 50',0,'',0,19,4400,'1,19',3697,'1,12',3301,396,9,''),(194,'MASMELOS X 75 GRAMOS',0,'',0,19,2000,'1,19',1681,'1,12',1501,180,9,''),(195,'MECHAS LOCAS',0,'',0,19,800,'1,19',672,'1,12',600,72,9,''),(196,'MENTA AMERICANDT X 300',0,'',0,19,12450,'1,19',10462,'1,12',9341,1121,9,''),(197,'MENTA CHAO',0,'',0,13,4000,'1,19',3361,'1,12',3001,360,9,''),(198,'MENTA CHAO UNIDAD',0,'',0,19,50,'1,19',42,'1,12',38,5,9,''),(199,'MENTA HELADA PAQUETE',0,'',0,13,4000,'1,19',3361,'1,12',3001,360,9,''),(200,'MENTA HELADA UNIDAD',234,'',234,19,100,'1,19',84,'1,12',75,9,9,''),(201,'MENTA MIX PAQUETE',0,'',0,13,4000,'1,19',3361,'1,12',3001,360,9,''),(202,'MENTA MIX UNIDAD',160,'',160,19,100,'1,19',84,'1,12',75,9,9,''),(203,'MENTOLADO MISS SURTIDO',29,'',29,13,400,'1,19',336,'1,12',300,36,9,''),(204,'MERMELADA ',8,'',8,2,2800,'1,19',2353,'1,12',2101,252,9,''),(205,'MINI CHIPS',21,'',21,19,800,'1,19',672,'1,12',600,72,9,''),(206,'MORITAS PAQUETE',22,'',22,13,3800,'1,19',3193,'1,12',2851,342,9,''),(207,'MR TEA CAJA',2,'',2,4,7200,'1,19',6050,'1,12',5402,648,9,''),(208,'MR TEA SOBRE',9,'',9,16,700,'1,19',588,'1,12',525,63,9,''),(209,'NESTEA CAJA',4,'',4,4,10200,'1,19',8571,'1,12',7653,918,9,''),(210,'NESTEA UNIDAD',0,'',0,19,900,'1,19',756,'1,12',675,81,9,''),(211,'NUCITA UNIDAD',10,'',10,19,500,'1,19',420,'1,12',375,45,9,''),(212,'NUCITAS PAQUETE',0,'',0,13,9600,'1,19',8067,'1,12',7203,864,9,''),(213,'NUTELLA',5,'',5,15,8800,'1,19',7395,'1,12',6603,792,9,''),(214,'OBLEAS',8,'',8,13,3500,'1,19',2941,'1,12',2626,315,9,''),(215,'PAN DE YUCA',0,'',0,13,2200,'1,19',1849,'1,12',1651,198,9,''),(216,'PAPA MARGARITA PAQUETE',0,'',0,13,13800,'1,19',11597,'1,12',10354,1242,9,''),(217,'PAPA MARGARITA UNIDAD',6,'',6,19,1300,'1,19',1092,'1,12',975,117,9,''),(218,'PAPITAS RIZADAS SUELTO ',13,'',13,13,1300,'1,19',1092,'1,12',975,117,9,''),(219,'PIAZA BARQUILLOX 10 ',12,'',12,13,1700,'1,19',1429,'1,12',1276,153,9,''),(220,'PIAZA JIRAFA CAJA',20,'',20,5,5000,'1,19',4202,'1,12',3752,450,9,''),(221,'PIAZA JIRAFA UNIDAD',11,'',11,19,300,'1,19',252,'1,12',225,27,9,''),(222,'PIRULITO LECHE X 24',0,'',0,13,2500,'1,19',2101,'1,12',1876,225,9,''),(223,'PIRULITO NUCITA',0,'',0,13,2500,'1,19',2101,'1,12',1876,225,9,''),(224,'PIRULITO SURTIDO X 48',0,'',0,13,5000,'1,19',4202,'1,12',3752,450,9,''),(225,'PIRULITO UNIDAD',7,'',7,19,150,'1,19',126,'1,12',113,14,9,''),(226,'PLAY AROS SOBRE',76,'',76,16,1000,'1,19',840,'1,12',750,90,9,''),(227,'PLAY WALLOW',45,'',45,19,300,'1,19',252,'1,12',225,27,9,''),(228,'QUIPITO CAJA',3,'',3,4,10200,'1,19',8571,'1,12',7653,918,9,''),(229,'QUIPITO UNIDAD',67,'',67,19,500,'1,19',420,'1,12',375,45,9,''),(230,'ROSQUITAS',9,'',9,13,2200,'1,19',1849,'1,12',1651,198,9,''),(231,'SALTIN 4 TACOS',0,'',0,13,3800,'1,19',3193,'1,12',2851,342,9,''),(232,'SALTIN QUESO Y MANTEQUILLA',0,'',0,13,300,'1,19',252,'1,12',225,27,9,''),(233,'SALTIN TACO',212,'',212,13,1000,'1,19',840,'1,12',750,90,9,''),(234,'SALTIN TRADICIONAL',2,'',2,13,4600,'1,19',3866,'1,12',3451,414,9,''),(235,'SNACK MIX PAQUETE',0,'',0,13,18600,'1,19',15630,'1,12',13956,1675,9,''),(236,'SNACK MIX UNIDAD',12,'',12,19,1700,'1,19',1429,'1,12',1276,153,9,''),(237,'SNACKY CARAMELO',0,'',0,19,800,'1,19',672,'1,12',600,72,9,''),(238,'SOBRE SUPER ACIDO X UND',103,'',103,19,100,'1,19',84,'1,12',75,9,9,''),(239,'SPARKIES PAQUETE',16,'',16,13,6200,'1,19',5210,'1,12',4652,558,9,''),(240,'SPARKIES UNIDAD',60,'',60,19,100,'1,19',84,'1,12',75,9,9,''),(241,'SPLOT CHICLE',16,'',16,16,200,'1,19',168,'1,12',150,18,9,''),(242,'SUNTEA CAJA',1,'',1,5,6400,'1,19',5378,'1,12',4802,576,9,''),(243,'SUNTEA UNIDAD',1,'',1,19,900,'1,19',756,'1,12',675,81,9,''),(244,'SUPERCOCO PAQUETE',0,'',0,13,0,'1,19',0,'1,12',0,0,9,''),(245,'SUPERCOCO UNIDAD',0,'',0,19,100,'1,19',84,'1,12',75,9,9,''),(246,'TANG CAJA',1,'',1,5,7200,'1,19',6050,'1,12',5402,648,9,''),(247,'TANG SOBRE',36,'',36,16,700,'1,19',588,'1,12',525,63,9,''),(248,'TICOS MECATO GRANDE',0,'',0,13,1000,'1,19',840,'1,12',750,90,9,''),(249,'TICOS MECATO PEQUENO',0,'',0,13,500,'1,19',420,'1,12',375,45,9,''),(250,'TICOS UNIDAD',3,'',3,19,200,'1,19',168,'1,12',150,18,9,''),(251,'TICOS X 12',4,'',4,13,2000,'1,19',1681,'1,12',1501,180,9,''),(252,'TOCINETA PAQUETE',0,'',0,13,2800,'1,19',2353,'1,12',2101,252,9,''),(253,'TOSTI NACHO ',8,'',8,19,700,'1,19',588,'1,12',525,63,9,''),(254,'TOSTIEMPANADAS PAQUETE',0,'',0,13,6000,'1,19',5042,'1,12',4502,540,9,''),(255,'TOSTIEMPANADAS UNIDAD',17,'',17,19,600,'1,19',504,'1,12',450,54,9,''),(256,'TRIANGULITO',0,'',0,19,300,'1,19',252,'1,12',225,27,9,''),(257,'TRIDENT PAQUETE',19,'',19,13,6800,'1,19',5714,'1,12',5102,612,9,''),(258,'TRIDENT UNIDAD',145,'',145,19,100,'1,19',84,'1,12',75,9,9,''),(259,'TRULULU AROS X 100',0,'',0,13,9200,'1,19',7731,'1,12',6903,828,9,''),(260,'TRULULU AROS X 50',0,'',0,13,4200,'1,19',3529,'1,12',3151,378,9,''),(261,'TRULULU GUSANITOS',0,'',0,13,4200,'1,19',3529,'1,12',3151,378,9,''),(262,'TRULULU X 50',0,'',0,13,4200,'1,19',3529,'1,12',3151,378,9,''),(263,'TUMIX CAJA',27,'',27,4,6800,'1,19',5714,'1,12',5102,612,9,''),(264,'TUMIX UNIDAD',77,'',77,19,100,'1,19',84,'1,12',75,9,9,''),(265,'WAFER ITALO',0,'',0,19,0,'1,19',0,'1,12',0,0,9,''),(266,'YUPI X 12',0,'',0,13,2000,'1,19',1681,'1,12',1501,180,9,''),(267,'ZUCARITAS BARRA',0,'',0,1,900,'1,19',756,'1,12',675,81,9,''),(268,'ZUCARITAS SOBRE',23,'',23,16,1000,'1,19',840,'1,12',750,90,9,'');
/*!40000 ALTER TABLE `dulceria2` ENABLE KEYS */;
UNLOCK TABLES;

--
-- Table structure for table `egress`
--

DROP TABLE IF EXISTS `egress`;
/*!40101 SET @saved_cs_client     = @@character_set_client */;
/*!40101 SET character_set_client = utf8 */;
CREATE TABLE `egress` (
  `id` bigint(20) NOT NULL AUTO_INCREMENT,
  `name` varchar(45) NOT NULL,
  `description` varchar(45) DEFAULT NULL,
  `type_id` bigint(20) NOT NULL,
  `egress_date` timestamp NOT NULL DEFAULT CURRENT_TIMESTAMP ON UPDATE CURRENT_TIMESTAMP,
  `person_id` bigint(20) NOT NULL,
  `egress_value` decimal(16,2) NOT NULL,
  `creation_date` timestamp NOT NULL DEFAULT CURRENT_TIMESTAMP ON UPDATE CURRENT_TIMESTAMP,
  `modify_date` timestamp NOT NULL DEFAULT CURRENT_TIMESTAMP ON UPDATE CURRENT_TIMESTAMP,
  `archived` bit(1) NOT NULL DEFAULT b'0',
  PRIMARY KEY (`id`),
  KEY `egress_person` (`person_id`),
  KEY `egress_type` (`type_id`),
  CONSTRAINT `egress_person` FOREIGN KEY (`person_id`) REFERENCES `person` (`id`),
  CONSTRAINT `egress_type` FOREIGN KEY (`type_id`) REFERENCES `egress_type` (`id`)
) ENGINE=InnoDB AUTO_INCREMENT=5 DEFAULT CHARSET=latin1;
/*!40101 SET character_set_client = @saved_cs_client */;

--
-- Dumping data for table `egress`
--

LOCK TABLES `egress` WRITE;
/*!40000 ALTER TABLE `egress` DISABLE KEYS */;
INSERT INTO `egress` VALUES (1,'merienda','',1,'2019-02-07 18:38:46',23,500.00,'2019-02-07 23:38:54','2019-02-07 23:38:54','\0'),(2,'Almuerzo','',1,'2019-02-07 18:39:51',20,5000.00,'2019-02-07 23:40:03','2019-02-07 23:40:03','\0'),(3,'Prestamo proveedores','',2,'2019-02-08 02:51:54',20,6000.00,'2019-02-08 02:53:25','2019-02-08 02:53:25','\0'),(4,'almuerzo','',1,'2019-03-17 19:36:14',20,5000.00,'2019-03-17 19:36:33','2019-03-17 19:36:33','\0');
/*!40000 ALTER TABLE `egress` ENABLE KEYS */;
UNLOCK TABLES;

--
-- Table structure for table `egress_type`
--

DROP TABLE IF EXISTS `egress_type`;
/*!40101 SET @saved_cs_client     = @@character_set_client */;
/*!40101 SET character_set_client = utf8 */;
CREATE TABLE `egress_type` (
  `id` bigint(20) NOT NULL AUTO_INCREMENT,
  `code` varchar(45) NOT NULL,
  `name` varchar(45) NOT NULL,
  `creation_date` timestamp NOT NULL DEFAULT CURRENT_TIMESTAMP ON UPDATE CURRENT_TIMESTAMP,
  `modify_date` timestamp NOT NULL DEFAULT CURRENT_TIMESTAMP ON UPDATE CURRENT_TIMESTAMP,
  `archived` bit(1) NOT NULL DEFAULT b'0',
  PRIMARY KEY (`id`)
) ENGINE=InnoDB AUTO_INCREMENT=4 DEFAULT CHARSET=latin1;
/*!40101 SET character_set_client = @saved_cs_client */;

--
-- Dumping data for table `egress_type`
--

LOCK TABLES `egress_type` WRITE;
/*!40000 ALTER TABLE `egress_type` DISABLE KEYS */;
INSERT INTO `egress_type` VALUES (1,'GASTO','Gastos generales','2019-02-07 22:09:06','2019-02-07 22:09:06','\0'),(2,'PRESTAMO','Préstamo para pago a proveedores','2019-02-07 22:09:07','2019-02-07 22:09:07','\0'),(3,'OTRO','Otros','2019-02-07 22:09:07','2019-02-07 22:09:07','\0');
/*!40000 ALTER TABLE `egress_type` ENABLE KEYS */;
UNLOCK TABLES;

--
-- Table structure for table `inventory_transaction`
--

DROP TABLE IF EXISTS `inventory_transaction`;
/*!40101 SET @saved_cs_client     = @@character_set_client */;
/*!40101 SET character_set_client = utf8 */;
CREATE TABLE `inventory_transaction` (
  `id` bigint(20) NOT NULL AUTO_INCREMENT,
  `product_id` bigint(20) NOT NULL,
  `transaction_type` varchar(45) NOT NULL,
  `document_id` bigint(20) DEFAULT NULL,
  `initial_stock` decimal(16,5) DEFAULT NULL,
  `final_stock` decimal(16,5) DEFAULT NULL,
  `quantity` decimal(16,5) DEFAULT NULL,
  `creation_date` timestamp NOT NULL DEFAULT CURRENT_TIMESTAMP ON UPDATE CURRENT_TIMESTAMP,
  `modify_date` timestamp NOT NULL DEFAULT CURRENT_TIMESTAMP ON UPDATE CURRENT_TIMESTAMP,
  `archived` bit(1) NOT NULL DEFAULT b'0',
  PRIMARY KEY (`id`),
  KEY `product_fk_idx` (`product_id`),
  KEY `document_fk_idx` (`document_id`),
  CONSTRAINT `inventory_document` FOREIGN KEY (`document_id`) REFERENCES `document` (`id`),
  CONSTRAINT `inventory_product` FOREIGN KEY (`product_id`) REFERENCES `product` (`id`)
) ENGINE=InnoDB AUTO_INCREMENT=136 DEFAULT CHARSET=utf8;
/*!40101 SET character_set_client = @saved_cs_client */;

--
-- Dumping data for table `inventory_transaction`
--

LOCK TABLES `inventory_transaction` WRITE;
/*!40000 ALTER TABLE `inventory_transaction` DISABLE KEYS */;
INSERT INTO `inventory_transaction` VALUES (132,3137,'ENTRADA',168,0.00000,10.00000,10.00000,'2019-04-02 10:40:12','2019-04-02 10:40:12','\0'),(133,3145,'SALIDA',169,9.00000,7.00000,2.00000,'2019-04-02 10:40:45','2019-04-02 10:40:45','\0'),(134,3143,'SALIDA',170,44.00000,43.00000,1.00000,'2019-04-02 10:53:38','2019-04-02 10:53:38','\0'),(135,3137,'ENTRADA',171,7.00000,27.00000,20.00000,'2019-04-02 10:54:37','2019-04-02 10:54:37','\0');
/*!40000 ALTER TABLE `inventory_transaction` ENABLE KEYS */;
UNLOCK TABLES;

--
-- Table structure for table `lot`
--

DROP TABLE IF EXISTS `lot`;
/*!40101 SET @saved_cs_client     = @@character_set_client */;
/*!40101 SET character_set_client = utf8 */;
CREATE TABLE `lot` (
  `id` bigint(20) NOT NULL AUTO_INCREMENT,
  `code` varchar(45) NOT NULL,
  `name` varchar(45) DEFAULT NULL,
  `lot_date` timestamp NULL DEFAULT NULL,
  `expiration_date` timestamp NULL DEFAULT NULL,
  `product_id` bigint(20) NOT NULL,
  `quantity` decimal(16,5) DEFAULT NULL,
  `measurement_unit_id` bigint(20) DEFAULT NULL,
  `warehouse_id` bigint(20) DEFAULT NULL,
  `new` bit(1) NOT NULL DEFAULT b'0',
  `creation_date` timestamp NOT NULL DEFAULT CURRENT_TIMESTAMP ON UPDATE CURRENT_TIMESTAMP,
  `modify_date` timestamp NOT NULL DEFAULT CURRENT_TIMESTAMP ON UPDATE CURRENT_TIMESTAMP,
  `archived` bit(1) NOT NULL DEFAULT b'0',
  PRIMARY KEY (`id`),
  UNIQUE KEY `lot_product_seq` (`code`,`product_id`),
  KEY `lot_product_idx` (`product_id`),
  KEY `lot_warehouse_idx` (`warehouse_id`),
  KEY `lot_meaurement_unit_idx` (`measurement_unit_id`),
  CONSTRAINT `lot_measurement_unit` FOREIGN KEY (`measurement_unit_id`) REFERENCES `measurement_unit` (`id`) ON DELETE NO ACTION ON UPDATE NO ACTION,
  CONSTRAINT `lot_product` FOREIGN KEY (`product_id`) REFERENCES `product` (`id`),
  CONSTRAINT `lot_warehouse` FOREIGN KEY (`warehouse_id`) REFERENCES `warehouse` (`id`)
) ENGINE=InnoDB AUTO_INCREMENT=2368 DEFAULT CHARSET=utf8;
/*!40101 SET character_set_client = @saved_cs_client */;

--
-- Dumping data for table `lot`
--

LOCK TABLES `lot` WRITE;
/*!40000 ALTER TABLE `lot` DISABLE KEYS */;
INSERT INTO `lot` VALUES (2366,'1','',NULL,NULL,3137,7.00000,19,1,'\0','2019-04-02 10:53:38','2019-04-02 10:53:38','\0'),(2367,'2','',NULL,NULL,3137,20.00000,19,1,'\0','2019-04-02 10:54:37','2019-04-02 10:54:37','\0');
/*!40000 ALTER TABLE `lot` ENABLE KEYS */;
UNLOCK TABLES;

--
-- Table structure for table `measurement_unit`
--

DROP TABLE IF EXISTS `measurement_unit`;
/*!40101 SET @saved_cs_client     = @@character_set_client */;
/*!40101 SET character_set_client = utf8 */;
CREATE TABLE `measurement_unit` (
  `id` bigint(20) NOT NULL AUTO_INCREMENT,
  `name` varchar(45) NOT NULL,
  `creation_date` timestamp NOT NULL DEFAULT CURRENT_TIMESTAMP ON UPDATE CURRENT_TIMESTAMP,
  `modify_date` timestamp NOT NULL DEFAULT CURRENT_TIMESTAMP ON UPDATE CURRENT_TIMESTAMP,
  `archived` bit(1) NOT NULL DEFAULT b'0',
  PRIMARY KEY (`id`)
) ENGINE=InnoDB AUTO_INCREMENT=24 DEFAULT CHARSET=utf8;
/*!40101 SET character_set_client = @saved_cs_client */;

--
-- Dumping data for table `measurement_unit`
--

LOCK TABLES `measurement_unit` WRITE;
/*!40000 ALTER TABLE `measurement_unit` DISABLE KEYS */;
INSERT INTO `measurement_unit` VALUES (1,'Barra','2019-02-01 10:10:26','2019-02-01 10:10:26','\0'),(2,'Bolsa','2019-02-01 10:10:26','2019-02-01 10:10:26','\0'),(3,'Botella','2019-02-01 10:10:26','2019-02-01 10:10:26','\0'),(4,'Caja','2019-02-01 10:10:26','2019-02-01 10:10:26','\0'),(5,'Cajas','2019-02-01 10:10:26','2019-02-01 10:10:26','\0'),(6,'Galón','2019-02-01 10:10:26','2019-02-01 10:10:26','\0'),(7,'Garrafa','2019-02-01 10:10:26','2019-02-01 10:10:26','\0'),(8,'Gramos','2019-02-01 10:10:26','2019-02-01 10:10:26','\0'),(9,'Kilo','2019-02-01 10:11:30','2019-02-01 10:11:30','\0'),(10,'Lata','2019-02-01 10:11:30','2019-02-01 10:11:30','\0'),(11,'Libra','2019-02-01 10:11:30','2019-02-01 10:11:30','\0'),(12,'Paca','2019-02-01 10:11:30','2019-02-01 10:11:30','\0'),(13,'Paquete','2019-02-01 10:11:30','2019-02-01 10:11:30','\0'),(14,'Pimpina','2019-02-01 10:11:30','2019-02-01 10:11:30','\0'),(15,'Pote','2019-02-01 10:11:30','2019-02-01 10:11:30','\0'),(16,'Sobre','2019-02-01 10:11:30','2019-02-01 10:11:30','\0'),(17,'Tarro','2019-02-01 10:11:30','2019-02-01 10:11:30','\0'),(18,'Tubo','2019-02-01 10:11:52','2019-02-01 10:11:52','\0'),(19,'Unidad','2019-02-01 10:11:52','2019-02-01 10:11:52','\0'),(20,'Vaso','2019-02-01 10:11:52','2019-02-01 10:11:52','\0'),(21,'Mililitros','2019-04-02 09:37:42','2019-04-02 09:37:42','\0'),(22,'Bloque','2019-04-02 09:37:42','2019-04-02 09:37:42','\0'),(23,'Bolson','2019-04-02 09:37:42','2019-04-02 09:37:42','\0');
/*!40000 ALTER TABLE `measurement_unit` ENABLE KEYS */;
UNLOCK TABLES;

--
-- Table structure for table `measurement_unit_product`
--

DROP TABLE IF EXISTS `measurement_unit_product`;
/*!40101 SET @saved_cs_client     = @@character_set_client */;
/*!40101 SET character_set_client = utf8 */;
CREATE TABLE `measurement_unit_product` (
  `id` bigint(20) NOT NULL AUTO_INCREMENT,
  `product_id` bigint(20) NOT NULL,
  `measurement_unit_id` bigint(20) NOT NULL,
  `purchase_price` decimal(16,2) DEFAULT NULL,
  `purchase_tax` decimal(16,2) DEFAULT NULL,
  `utility_prc` decimal(16,2) DEFAULT NULL,
  `utility` decimal(16,2) DEFAULT NULL,
  `sale_price` decimal(16,2) DEFAULT NULL,
  `sale_tax` decimal(16,2) DEFAULT NULL,
  `final_price` decimal(16,2) DEFAULT NULL,
  `stock` decimal(16,4) DEFAULT NULL,
  `creation_date` timestamp NULL DEFAULT CURRENT_TIMESTAMP ON UPDATE CURRENT_TIMESTAMP,
  `modify_date` timestamp NULL DEFAULT CURRENT_TIMESTAMP ON UPDATE CURRENT_TIMESTAMP,
  `archived` bit(1) DEFAULT b'0',
  PRIMARY KEY (`id`),
  KEY `measurement_unit_idx` (`measurement_unit_id`),
  KEY `product_idx` (`product_id`),
  KEY `mu_product_idx` (`product_id`,`measurement_unit_id`)
) ENGINE=InnoDB AUTO_INCREMENT=2743 DEFAULT CHARSET=latin1;
/*!40101 SET character_set_client = @saved_cs_client */;

--
-- Dumping data for table `measurement_unit_product`
--

LOCK TABLES `measurement_unit_product` WRITE;
/*!40000 ALTER TABLE `measurement_unit_product` DISABLE KEYS */;
INSERT INTO `measurement_unit_product` VALUES (1338,3137,19,300.00,19.00,12.00,36.00,282.00,19.00,336.00,27.0000,'2019-04-02 10:54:23','2019-04-02 10:54:23','\0'),(1339,3138,13,1651.00,19.00,12.00,198.00,1849.00,19.00,2200.00,6.0000,'2019-04-02 10:07:29','2019-04-02 10:07:29','\0'),(1340,3139,2,2026.00,19.00,12.00,243.00,2269.00,19.00,2700.00,0.0000,'2019-04-02 10:07:29','2019-04-02 10:07:29','\0'),(1341,3140,5,3526.00,19.00,12.00,423.00,3950.00,19.00,4700.00,31.0000,'2019-04-02 10:07:29','2019-04-02 10:07:29','\0'),(1342,3141,13,3376.00,19.00,12.00,405.00,3782.00,19.00,4500.00,22.0000,'2019-04-02 10:07:29','2019-04-02 10:07:29','\0'),(1343,3142,19,75.00,19.00,12.00,9.00,84.00,19.00,100.00,161.0000,'2019-04-02 10:07:29','2019-04-02 10:07:29','\0'),(1344,3143,19,150.00,19.00,12.00,18.00,168.00,19.00,200.00,43.0000,'2019-04-02 10:53:38','2019-04-02 10:53:38','\0'),(1345,3144,3,2476.00,19.00,12.00,297.00,2773.00,19.00,3300.00,6.0000,'2019-04-02 10:07:29','2019-04-02 10:07:29','\0'),(1346,3145,19,600.00,19.00,12.00,72.00,672.00,19.00,800.00,7.0000,'2019-04-02 10:40:45','2019-04-02 10:40:45','\0'),(1347,3146,13,0.00,19.00,12.00,0.00,0.00,19.00,0.00,0.0000,'2019-04-02 10:07:29','2019-04-02 10:07:29','\0'),(1348,3147,19,75.00,19.00,12.00,9.00,84.00,19.00,100.00,0.0000,'2019-04-02 10:07:29','2019-04-02 10:07:29','\0'),(1349,3148,19,750.00,19.00,12.00,90.00,840.00,19.00,1000.00,10.0000,'2019-04-02 10:07:29','2019-04-02 10:07:29','\0'),(1350,3149,13,3151.00,19.00,12.00,378.00,3529.00,19.00,4200.00,7.0000,'2019-04-02 10:07:29','2019-04-02 10:07:29','\0'),(1351,3150,13,3151.00,19.00,12.00,378.00,3529.00,19.00,4200.00,7.0000,'2019-04-02 10:07:29','2019-04-02 10:07:29','\0'),(1352,3151,13,3001.00,19.00,12.00,360.00,3361.00,19.00,4000.00,0.0000,'2019-04-02 10:07:29','2019-04-02 10:07:29','\0'),(1353,3152,19,75.00,19.00,12.00,9.00,84.00,19.00,100.00,101.0000,'2019-04-02 10:07:29','2019-04-02 10:07:29','\0'),(1354,3153,19,225.00,19.00,12.00,27.00,252.00,19.00,300.00,0.0000,'2019-04-02 10:07:29','2019-04-02 10:07:29','\0'),(1355,3154,13,3001.00,19.00,12.00,360.00,3361.00,19.00,4000.00,0.0000,'2019-04-02 10:07:29','2019-04-02 10:07:29','\0'),(1356,3155,19,75.00,19.00,12.00,9.00,84.00,19.00,100.00,0.0000,'2019-04-02 10:07:29','2019-04-02 10:07:29','\0'),(1357,3156,19,525.00,19.00,12.00,63.00,588.00,19.00,700.00,0.0000,'2019-04-02 10:07:29','2019-04-02 10:07:29','\0'),(1358,3157,13,8103.00,19.00,12.00,972.00,9076.00,19.00,10800.00,0.0000,'2019-04-02 10:07:29','2019-04-02 10:07:29','\0'),(1359,3158,19,75.00,19.00,12.00,9.00,84.00,19.00,100.00,53.0000,'2019-04-02 10:07:29','2019-04-02 10:07:29','\0'),(1360,3159,13,3151.00,19.00,12.00,378.00,3529.00,19.00,4200.00,30.0000,'2019-04-02 10:07:29','2019-04-02 10:07:29','\0'),(1361,3160,19,150.00,19.00,12.00,18.00,168.00,19.00,200.00,46.0000,'2019-04-02 10:07:29','2019-04-02 10:07:29','\0'),(1362,3161,13,3301.00,19.00,12.00,396.00,3697.00,19.00,4400.00,1.0000,'2019-04-02 10:07:29','2019-04-02 10:07:29','\0'),(1363,3162,19,188.00,19.00,12.00,23.00,210.00,19.00,250.00,22.0000,'2019-04-02 10:07:29','2019-04-02 10:07:29','\0'),(1364,3163,13,3301.00,19.00,12.00,396.00,3697.00,19.00,4400.00,27.0000,'2019-04-02 10:07:29','2019-04-02 10:07:29','\0'),(1365,3164,19,150.00,19.00,12.00,18.00,168.00,19.00,200.00,29.0000,'2019-04-02 10:07:29','2019-04-02 10:07:29','\0'),(1366,3165,16,1125.00,19.00,12.00,135.00,1261.00,19.00,1500.00,12.0000,'2019-04-02 10:07:29','2019-04-02 10:07:29','\0'),(1367,3166,5,4652.00,19.00,12.00,558.00,5210.00,19.00,6200.00,5.0000,'2019-04-02 10:07:29','2019-04-02 10:07:29','\0'),(1368,3167,19,75.00,19.00,12.00,9.00,84.00,19.00,100.00,84.0000,'2019-04-02 10:07:29','2019-04-02 10:07:29','\0'),(1369,3168,5,4502.00,19.00,12.00,540.00,5042.00,19.00,6000.00,28.0000,'2019-04-02 10:07:29','2019-04-02 10:07:29','\0'),(1370,3169,13,8103.00,19.00,12.00,972.00,9076.00,19.00,10800.00,0.0000,'2019-04-02 10:07:29','2019-04-02 10:07:29','\0'),(1371,3170,19,750.00,19.00,12.00,90.00,840.00,19.00,1000.00,9.0000,'2019-04-02 10:07:29','2019-04-02 10:07:29','\0'),(1372,3171,13,750.00,19.00,12.00,90.00,840.00,19.00,1000.00,1.0000,'2019-04-02 10:07:29','2019-04-02 10:07:29','\0'),(1373,3172,19,375.00,19.00,12.00,45.00,420.00,19.00,500.00,0.0000,'2019-04-02 10:07:29','2019-04-02 10:07:29','\0'),(1374,3173,13,2101.00,19.00,12.00,252.00,2353.00,19.00,2800.00,0.0000,'2019-04-02 10:07:29','2019-04-02 10:07:29','\0'),(1375,3174,13,2101.00,19.00,12.00,252.00,2353.00,19.00,2800.00,0.0000,'2019-04-02 10:07:29','2019-04-02 10:07:29','\0'),(1376,3175,19,75.00,19.00,12.00,9.00,84.00,19.00,100.00,75.0000,'2019-04-02 10:07:29','2019-04-02 10:07:29','\0'),(1377,3176,5,4127.00,19.00,12.00,495.00,4622.00,19.00,5500.00,11.0000,'2019-04-02 10:07:29','2019-04-02 10:07:29','\0'),(1378,3177,5,5852.00,19.00,12.00,702.00,6555.00,19.00,7800.00,1.0000,'2019-04-02 10:07:29','2019-04-02 10:07:29','\0'),(1379,3178,19,75.00,19.00,12.00,9.00,84.00,19.00,100.00,127.0000,'2019-04-02 10:07:29','2019-04-02 10:07:29','\0'),(1380,3179,16,750.00,19.00,12.00,90.00,840.00,19.00,1000.00,2.0000,'2019-04-02 10:07:29','2019-04-02 10:07:29','\0'),(1381,3180,13,2626.00,19.00,12.00,315.00,2941.00,19.00,3500.00,1.0000,'2019-04-02 10:07:29','2019-04-02 10:07:29','\0'),(1382,3181,19,75.00,19.00,12.00,9.00,84.00,19.00,100.00,0.0000,'2019-04-02 10:07:29','2019-04-02 10:07:29','\0'),(1383,3182,13,3752.00,19.00,12.00,450.00,4202.00,19.00,5000.00,0.0000,'2019-04-02 10:07:29','2019-04-02 10:07:29','\0'),(1384,3183,19,150.00,19.00,12.00,18.00,168.00,19.00,200.00,113.0000,'2019-04-02 10:07:29','2019-04-02 10:07:29','\0'),(1385,3184,13,2626.00,19.00,12.00,315.00,2941.00,19.00,3500.00,0.0000,'2019-04-02 10:07:29','2019-04-02 10:07:29','\0'),(1386,3185,16,375.00,19.00,12.00,45.00,420.00,19.00,500.00,40.0000,'2019-04-02 10:07:29','2019-04-02 10:07:29','\0'),(1387,3186,13,5252.00,19.00,12.00,630.00,5882.00,19.00,7000.00,0.0000,'2019-04-02 10:07:29','2019-04-02 10:07:29','\0'),(1388,3187,19,900.00,19.00,12.00,108.00,1008.00,19.00,1200.00,9.0000,'2019-04-02 10:07:29','2019-04-02 10:07:29','\0'),(1389,3188,19,600.00,19.00,12.00,72.00,672.00,19.00,800.00,32.0000,'2019-04-02 10:07:29','2019-04-02 10:07:29','\0'),(1390,3189,5,10504.00,19.00,12.00,1261.00,11765.00,19.00,14000.00,2.0000,'2019-04-02 10:07:29','2019-04-02 10:07:29','\0'),(1391,3190,19,375.00,19.00,12.00,45.00,420.00,19.00,500.00,0.0000,'2019-04-02 10:07:29','2019-04-02 10:07:29','\0'),(1392,3191,13,14256.00,19.00,12.00,1711.00,15966.00,19.00,19000.00,0.0000,'2019-04-02 10:07:29','2019-04-02 10:07:29','\0'),(1393,3192,13,3676.00,19.00,12.00,441.00,4118.00,19.00,4900.00,5.0000,'2019-04-02 10:07:29','2019-04-02 10:07:29','\0'),(1394,3193,19,375.00,19.00,12.00,45.00,420.00,19.00,500.00,24.0000,'2019-04-02 10:07:29','2019-04-02 10:07:29','\0'),(1395,3194,19,3376.00,19.00,12.00,405.00,3782.00,19.00,4500.00,4.0000,'2019-04-02 10:07:29','2019-04-02 10:07:29','\0'),(1396,3195,19,3226.00,19.00,12.00,387.00,3613.00,19.00,4300.00,0.0000,'2019-04-02 10:07:29','2019-04-02 10:07:29','\0'),(1397,3196,19,1876.00,19.00,12.00,225.00,2101.00,19.00,2500.00,0.0000,'2019-04-02 10:07:29','2019-04-02 10:07:29','\0'),(1398,3197,5,225.00,19.00,12.00,27.00,252.00,19.00,300.00,0.0000,'2019-04-02 10:07:29','2019-04-02 10:07:29','\0'),(1399,3198,19,375.00,19.00,12.00,45.00,420.00,19.00,500.00,37.0000,'2019-04-02 10:07:29','2019-04-02 10:07:29','\0'),(1400,3199,19,525.00,19.00,12.00,63.00,588.00,19.00,700.00,5.0000,'2019-04-02 10:07:29','2019-04-02 10:07:29','\0'),(1401,3200,13,1726.00,19.00,12.00,207.00,1933.00,19.00,2300.00,1.0000,'2019-04-02 10:07:29','2019-04-02 10:07:29','\0'),(1402,3201,19,113.00,19.00,12.00,14.00,126.00,19.00,150.00,34.0000,'2019-04-02 10:07:29','2019-04-02 10:07:29','\0'),(1403,3202,19,113.00,19.00,12.00,14.00,126.00,19.00,150.00,37.0000,'2019-04-02 10:07:29','2019-04-02 10:07:29','\0'),(1404,3203,13,3601.00,19.00,12.00,432.00,4034.00,19.00,4800.00,0.0000,'2019-04-02 10:07:29','2019-04-02 10:07:29','\0'),(1405,3204,19,375.00,19.00,12.00,45.00,420.00,19.00,500.00,0.0000,'2019-04-02 10:07:29','2019-04-02 10:07:29','\0'),(1406,3205,4,16432.00,19.00,12.00,1972.00,18403.00,19.00,21900.00,2.0000,'2019-04-02 10:07:29','2019-04-02 10:07:29','\0'),(1407,3206,19,750.00,19.00,12.00,90.00,840.00,19.00,1000.00,3.0000,'2019-04-02 10:07:29','2019-04-02 10:07:29','\0'),(1408,3207,13,4727.00,19.00,12.00,567.00,5294.00,19.00,6300.00,1.0000,'2019-04-02 10:07:29','2019-04-02 10:07:29','\0'),(1409,3208,19,75.00,19.00,12.00,9.00,84.00,19.00,100.00,55.0000,'2019-04-02 10:07:29','2019-04-02 10:07:29','\0'),(1410,3209,16,375.00,19.00,12.00,45.00,420.00,19.00,500.00,46.0000,'2019-04-02 10:07:29','2019-04-02 10:07:29','\0'),(1411,3210,13,2851.00,19.00,12.00,342.00,3193.00,19.00,3800.00,0.0000,'2019-04-02 10:07:29','2019-04-02 10:07:29','\0'),(1412,3211,15,3376.00,19.00,12.00,405.00,3782.00,19.00,4500.00,1.0000,'2019-04-02 10:07:29','2019-04-02 10:07:29','\0'),(1413,3212,4,5627.00,19.00,12.00,675.00,6303.00,19.00,7500.00,0.0000,'2019-04-02 10:07:29','2019-04-02 10:07:29','\0'),(1414,3213,4,3376.00,19.00,12.00,405.00,3782.00,19.00,4500.00,5.0000,'2019-04-02 10:07:29','2019-04-02 10:07:29','\0'),(1415,3214,4,3752.00,19.00,12.00,450.00,4202.00,19.00,5000.00,4.0000,'2019-04-02 10:07:29','2019-04-02 10:07:29','\0'),(1416,3215,19,3601.00,19.00,12.00,432.00,4034.00,19.00,4800.00,27.0000,'2019-04-02 10:07:29','2019-04-02 10:07:29','\0'),(1417,3216,13,1501.00,19.00,12.00,180.00,1681.00,19.00,2000.00,0.0000,'2019-04-02 10:07:29','2019-04-02 10:07:29','\0'),(1418,3217,13,2476.00,19.00,12.00,297.00,2773.00,19.00,3300.00,0.0000,'2019-04-02 10:07:29','2019-04-02 10:07:29','\0'),(1419,3218,13,2701.00,19.00,12.00,324.00,3025.00,19.00,3600.00,0.0000,'2019-04-02 10:07:29','2019-04-02 10:07:29','\0'),(1420,3219,13,1351.00,19.00,12.00,162.00,1513.00,19.00,1800.00,0.0000,'2019-04-02 10:07:29','2019-04-02 10:07:29','\0'),(1421,3220,13,3001.00,19.00,12.00,360.00,3361.00,19.00,4000.00,0.0000,'2019-04-02 10:07:29','2019-04-02 10:07:29','\0'),(1422,3221,13,2851.00,19.00,12.00,342.00,3193.00,19.00,3800.00,3.0000,'2019-04-02 10:07:29','2019-04-02 10:07:29','\0'),(1423,3222,13,4652.00,19.00,12.00,558.00,5210.00,19.00,6200.00,3.0000,'2019-04-02 10:07:29','2019-04-02 10:07:29','\0'),(1424,3223,13,10504.00,19.00,12.00,1261.00,11765.00,19.00,14000.00,0.0000,'2019-04-02 10:07:29','2019-04-02 10:07:29','\0'),(1425,3224,13,2851.00,19.00,12.00,342.00,3193.00,19.00,3800.00,0.0000,'2019-04-02 10:07:29','2019-04-02 10:07:29','\0'),(1426,3225,16,750.00,19.00,12.00,90.00,840.00,19.00,1000.00,7.0000,'2019-04-02 10:07:29','2019-04-02 10:07:29','\0'),(1427,3226,13,3902.00,19.00,12.00,468.00,4370.00,19.00,5200.00,0.0000,'2019-04-02 10:07:29','2019-04-02 10:07:29','\0'),(1428,3227,19,225.00,19.00,12.00,27.00,252.00,19.00,300.00,32.0000,'2019-04-02 10:07:29','2019-04-02 10:07:29','\0'),(1429,3228,13,4652.00,19.00,12.00,558.00,5210.00,19.00,6200.00,5.0000,'2019-04-02 10:07:29','2019-04-02 10:07:29','\0'),(1430,3229,13,3902.00,19.00,12.00,468.00,4370.00,19.00,5200.00,0.0000,'2019-04-02 10:07:29','2019-04-02 10:07:29','\0'),(1431,3230,13,3001.00,19.00,12.00,360.00,3361.00,19.00,4000.00,2.0000,'2019-04-02 10:07:29','2019-04-02 10:07:29','\0'),(1432,3231,19,3001.00,19.00,12.00,360.00,3361.00,19.00,4000.00,100.0000,'2019-04-02 10:07:29','2019-04-02 10:07:29','\0'),(1433,3232,13,3001.00,19.00,12.00,360.00,3361.00,19.00,4000.00,5.0000,'2019-04-02 10:07:29','2019-04-02 10:07:29','\0'),(1434,3233,19,450.00,19.00,12.00,54.00,504.00,19.00,600.00,0.0000,'2019-04-02 10:07:29','2019-04-02 10:07:29','\0'),(1435,3234,13,3151.00,19.00,12.00,378.00,3529.00,19.00,4200.00,1.0000,'2019-04-02 10:07:29','2019-04-02 10:07:29','\0'),(1436,3235,19,375.00,19.00,12.00,45.00,420.00,19.00,500.00,0.0000,'2019-04-02 10:07:29','2019-04-02 10:07:29','\0'),(1437,3236,13,2251.00,19.00,12.00,270.00,2521.00,19.00,3000.00,0.0000,'2019-04-02 10:07:29','2019-04-02 10:07:29','\0'),(1438,3237,13,2776.00,19.00,12.00,333.00,3109.00,19.00,3700.00,5.0000,'2019-04-02 10:07:29','2019-04-02 10:07:29','\0'),(1439,3238,19,2251.00,19.00,12.00,270.00,2521.00,19.00,3000.00,0.0000,'2019-04-02 10:07:29','2019-04-02 10:07:29','\0'),(1440,3239,13,2776.00,19.00,12.00,333.00,3109.00,19.00,3700.00,37.0000,'2019-04-02 10:07:29','2019-04-02 10:07:29','\0'),(1441,3240,19,450.00,19.00,12.00,54.00,504.00,19.00,600.00,35.0000,'2019-04-02 10:07:29','2019-04-02 10:07:29','\0'),(1442,3241,13,2851.00,19.00,12.00,342.00,3193.00,19.00,3800.00,14.0000,'2019-04-02 10:07:29','2019-04-02 10:07:29','\0'),(1443,3242,13,1125.00,19.00,12.00,135.00,1261.00,19.00,1500.00,0.0000,'2019-04-02 10:07:29','2019-04-02 10:07:29','\0'),(1444,3243,13,3902.00,19.00,12.00,468.00,4370.00,19.00,5200.00,0.0000,'2019-04-02 10:07:29','2019-04-02 10:07:29','\0'),(1445,3244,13,4652.00,19.00,12.00,558.00,5210.00,19.00,6200.00,13.0000,'2019-04-02 10:07:29','2019-04-02 10:07:29','\0'),(1446,3245,13,525.00,19.00,12.00,63.00,588.00,19.00,700.00,62.0000,'2019-04-02 10:07:29','2019-04-02 10:07:29','\0'),(1447,3246,13,375.00,19.00,12.00,45.00,420.00,19.00,500.00,9.0000,'2019-04-02 10:07:29','2019-04-02 10:07:29','\0'),(1448,3247,13,2851.00,19.00,12.00,342.00,3193.00,19.00,3800.00,1.0000,'2019-04-02 10:07:29','2019-04-02 10:07:29','\0'),(1449,3248,13,750.00,19.00,12.00,90.00,840.00,19.00,1000.00,28.0000,'2019-04-02 10:07:29','2019-04-02 10:07:29','\0'),(1450,3249,13,2701.00,19.00,12.00,324.00,3025.00,19.00,3600.00,0.0000,'2019-04-02 10:07:29','2019-04-02 10:07:29','\0'),(1451,3250,19,225.00,19.00,12.00,27.00,252.00,19.00,300.00,10.0000,'2019-04-02 10:07:29','2019-04-02 10:07:29','\0'),(1452,3251,13,4277.00,19.00,12.00,513.00,4790.00,19.00,5700.00,3.0000,'2019-04-02 10:07:29','2019-04-02 10:07:29','\0'),(1453,3252,13,6753.00,19.00,12.00,810.00,7563.00,19.00,9000.00,5.0000,'2019-04-02 10:07:29','2019-04-02 10:07:29','\0'),(1454,3253,19,450.00,19.00,12.00,54.00,504.00,19.00,600.00,8.0000,'2019-04-02 10:07:29','2019-04-02 10:07:29','\0'),(1455,3254,19,375.00,19.00,12.00,45.00,420.00,19.00,500.00,5.0000,'2019-04-02 10:07:29','2019-04-02 10:07:29','\0'),(1456,3255,13,4352.00,19.00,12.00,522.00,4874.00,19.00,5800.00,0.0000,'2019-04-02 10:07:29','2019-04-02 10:07:29','\0'),(1457,3256,19,525.00,19.00,12.00,63.00,588.00,19.00,700.00,0.0000,'2019-04-02 10:07:29','2019-04-02 10:07:29','\0'),(1458,3257,19,375.00,19.00,12.00,45.00,420.00,19.00,500.00,0.0000,'2019-04-02 10:07:29','2019-04-02 10:07:29','\0'),(1459,3258,13,4352.00,19.00,12.00,522.00,4874.00,19.00,5800.00,4.0000,'2019-04-02 10:07:29','2019-04-02 10:07:29','\0'),(1460,3259,13,3601.00,19.00,12.00,432.00,4034.00,19.00,4800.00,7.0000,'2019-04-02 10:07:29','2019-04-02 10:07:29','\0'),(1461,3260,13,1501.00,19.00,12.00,180.00,1681.00,19.00,2000.00,22.0000,'2019-04-02 10:07:29','2019-04-02 10:07:29','\0'),(1462,3261,13,2251.00,19.00,12.00,270.00,2521.00,19.00,3000.00,22.0000,'2019-04-02 10:07:29','2019-04-02 10:07:29','\0'),(1463,3262,13,2401.00,19.00,12.00,288.00,2689.00,19.00,3200.00,0.0000,'2019-04-02 10:07:29','2019-04-02 10:07:29','\0'),(1464,3263,13,1951.00,19.00,12.00,234.00,2185.00,19.00,2600.00,0.0000,'2019-04-02 10:07:29','2019-04-02 10:07:29','\0'),(1465,3264,13,4352.00,19.00,12.00,522.00,4874.00,19.00,5800.00,57.0000,'2019-04-02 10:07:29','2019-04-02 10:07:29','\0'),(1466,3265,13,1351.00,19.00,12.00,162.00,1513.00,19.00,1800.00,0.0000,'2019-04-02 10:07:29','2019-04-02 10:07:29','\0'),(1467,3266,19,375.00,19.00,12.00,45.00,420.00,19.00,500.00,5.0000,'2019-04-02 10:07:29','2019-04-02 10:07:29','\0'),(1468,3267,13,1651.00,19.00,12.00,198.00,1849.00,19.00,2200.00,31.0000,'2019-04-02 10:07:29','2019-04-02 10:07:29','\0'),(1469,3268,13,4352.00,19.00,12.00,522.00,4874.00,19.00,5800.00,4.0000,'2019-04-02 10:07:29','2019-04-02 10:07:29','\0'),(1470,3269,13,14406.00,19.00,12.00,1729.00,16134.00,19.00,19200.00,0.0000,'2019-04-02 10:07:29','2019-04-02 10:07:29','\0'),(1471,3270,13,2776.00,19.00,12.00,333.00,3109.00,19.00,3700.00,0.0000,'2019-04-02 10:07:29','2019-04-02 10:07:29','\0'),(1472,3271,19,525.00,19.00,12.00,63.00,588.00,19.00,700.00,0.0000,'2019-04-02 10:07:29','2019-04-02 10:07:29','\0'),(1473,3272,13,14406.00,19.00,12.00,1729.00,16134.00,19.00,19200.00,0.0000,'2019-04-02 10:07:29','2019-04-02 10:07:29','\0'),(1474,3273,13,3902.00,19.00,12.00,468.00,4370.00,19.00,5200.00,0.0000,'2019-04-02 10:07:29','2019-04-02 10:07:29','\0'),(1475,3274,4,375.00,19.00,12.00,45.00,420.00,19.00,500.00,1.0000,'2019-04-02 10:07:29','2019-04-02 10:07:29','\0'),(1476,3275,13,2176.00,19.00,12.00,261.00,2437.00,19.00,2900.00,4.0000,'2019-04-02 10:07:29','2019-04-02 10:07:29','\0'),(1477,3276,19,75.00,19.00,12.00,9.00,84.00,19.00,100.00,146.0000,'2019-04-02 10:07:29','2019-04-02 10:07:29','\0'),(1478,3277,4,7203.00,19.00,12.00,864.00,8067.00,19.00,9600.00,0.0000,'2019-04-02 10:07:29','2019-04-02 10:07:29','\0'),(1479,3278,19,375.00,19.00,12.00,45.00,420.00,19.00,500.00,0.0000,'2019-04-02 10:07:29','2019-04-02 10:07:29','\0'),(1480,3279,19,750.00,19.00,12.00,90.00,840.00,19.00,1000.00,23.0000,'2019-04-02 10:07:29','2019-04-02 10:07:29','\0'),(1481,3280,13,2701.00,19.00,12.00,324.00,3025.00,19.00,3600.00,0.0000,'2019-04-02 10:07:29','2019-04-02 10:07:29','\0'),(1482,3281,19,450.00,19.00,12.00,54.00,504.00,19.00,600.00,23.0000,'2019-04-02 10:07:29','2019-04-02 10:07:29','\0'),(1483,3282,13,3376.00,19.00,12.00,405.00,3782.00,19.00,4500.00,0.0000,'2019-04-02 10:07:29','2019-04-02 10:07:29','\0'),(1484,3283,13,6903.00,19.00,12.00,828.00,7731.00,19.00,9200.00,6.0000,'2019-04-02 10:07:29','2019-04-02 10:07:29','\0'),(1485,3284,19,3151.00,19.00,12.00,378.00,3529.00,19.00,4200.00,0.0000,'2019-04-02 10:07:29','2019-04-02 10:07:29','\0'),(1486,3285,19,450.00,19.00,12.00,54.00,504.00,19.00,600.00,0.0000,'2019-04-02 10:07:29','2019-04-02 10:07:29','\0'),(1487,3286,13,4652.00,19.00,12.00,558.00,5210.00,19.00,6200.00,0.0000,'2019-04-02 10:07:29','2019-04-02 10:07:29','\0'),(1488,3287,2,3902.00,19.00,12.00,468.00,4370.00,19.00,5200.00,16.0000,'2019-04-02 10:07:29','2019-04-02 10:07:29','\0'),(1489,3288,1,750.00,19.00,12.00,90.00,840.00,19.00,1000.00,17.0000,'2019-04-02 10:07:29','2019-04-02 10:07:29','\0'),(1490,3289,13,3151.00,19.00,12.00,378.00,3529.00,19.00,4200.00,0.0000,'2019-04-02 10:07:29','2019-04-02 10:07:29','\0'),(1491,3290,19,75.00,19.00,12.00,9.00,84.00,19.00,100.00,113.0000,'2019-04-02 10:07:29','2019-04-02 10:07:29','\0'),(1492,3291,19,75.00,19.00,12.00,9.00,84.00,19.00,100.00,40.0000,'2019-04-02 10:07:29','2019-04-02 10:07:29','\0'),(1493,3292,13,3001.00,19.00,12.00,360.00,3361.00,19.00,4000.00,0.0000,'2019-04-02 10:07:29','2019-04-02 10:07:29','\0'),(1494,3293,19,75.00,19.00,12.00,9.00,84.00,19.00,100.00,0.0000,'2019-04-02 10:07:29','2019-04-02 10:07:29','\0'),(1495,3294,4,5627.00,19.00,12.00,675.00,6303.00,19.00,7500.00,2.0000,'2019-04-02 10:07:29','2019-04-02 10:07:29','\0'),(1496,3295,10,3001.00,19.00,12.00,360.00,3361.00,19.00,4000.00,0.0000,'2019-04-02 10:07:29','2019-04-02 10:07:29','\0'),(1497,3296,7,6603.00,19.00,12.00,792.00,7395.00,19.00,8800.00,0.0000,'2019-04-02 10:07:29','2019-04-02 10:07:29','\0'),(1498,3297,10,3376.00,19.00,12.00,405.00,3782.00,19.00,4500.00,0.0000,'2019-04-02 10:07:29','2019-04-02 10:07:29','\0'),(1499,3298,3,2476.00,19.00,12.00,297.00,2773.00,19.00,3300.00,0.0000,'2019-04-02 10:07:29','2019-04-02 10:07:29','\0'),(1500,3299,18,1200.00,19.00,12.00,144.00,1345.00,19.00,1600.00,0.0000,'2019-04-02 10:07:29','2019-04-02 10:07:29','\0'),(1501,3300,18,900.00,19.00,12.00,108.00,1008.00,19.00,1200.00,0.0000,'2019-04-02 10:07:29','2019-04-02 10:07:29','\0'),(1502,3301,18,225.00,19.00,12.00,27.00,252.00,19.00,300.00,3.0000,'2019-04-02 10:07:29','2019-04-02 10:07:29','\0'),(1503,3302,18,3902.00,19.00,12.00,468.00,4370.00,19.00,5200.00,0.0000,'2019-04-02 10:07:29','2019-04-02 10:07:29','\0'),(1504,3303,18,450.00,19.00,12.00,54.00,504.00,19.00,600.00,0.0000,'2019-04-02 10:07:29','2019-04-02 10:07:29','\0'),(1505,3304,18,3752.00,19.00,12.00,450.00,4202.00,19.00,5000.00,0.0000,'2019-04-02 10:07:29','2019-04-02 10:07:29','\0'),(1506,3305,13,3601.00,19.00,12.00,432.00,4034.00,19.00,4800.00,5.0000,'2019-04-02 10:07:29','2019-04-02 10:07:29','\0'),(1593,3392,13,6753.00,19.00,12.00,810.00,7563.00,19.00,9000.00,0.0000,'2019-04-02 10:07:36','2019-04-02 10:07:36','\0'),(1594,3393,13,3001.00,19.00,12.00,360.00,3361.00,19.00,4000.00,0.0000,'2019-04-02 10:07:36','2019-04-02 10:07:36','\0'),(1595,3394,19,75.00,19.00,12.00,9.00,84.00,19.00,100.00,0.0000,'2019-04-02 10:07:36','2019-04-02 10:07:36','\0'),(1596,3395,16,1876.00,19.00,12.00,225.00,2101.00,19.00,2500.00,12.0000,'2019-04-02 10:07:36','2019-04-02 10:07:36','\0'),(1597,3396,2,5252.00,19.00,12.00,630.00,5882.00,19.00,7000.00,2.0000,'2019-04-02 10:07:36','2019-04-02 10:07:36','\0'),(1598,3397,2,1351.00,19.00,12.00,162.00,1513.00,19.00,1800.00,17.0000,'2019-04-02 10:07:36','2019-04-02 10:07:36','\0'),(1599,3398,2,4877.00,19.00,12.00,585.00,5462.00,19.00,6500.00,1.0000,'2019-04-02 10:07:36','2019-04-02 10:07:36','\0'),(1600,3399,2,1276.00,19.00,12.00,153.00,1429.00,19.00,1700.00,14.0000,'2019-04-02 10:07:36','2019-04-02 10:07:36','\0'),(1601,3400,2,1125.00,19.00,12.00,135.00,1261.00,19.00,1500.00,25.0000,'2019-04-02 10:07:36','2019-04-02 10:07:36','\0'),(1602,3401,2,525.00,19.00,12.00,63.00,588.00,19.00,700.00,22.0000,'2019-04-02 10:07:36','2019-04-02 10:07:36','\0'),(1603,3402,2,3001.00,19.00,12.00,360.00,3361.00,19.00,4000.00,4.0000,'2019-04-02 10:07:36','2019-04-02 10:07:36','\0'),(1604,3403,13,4652.00,19.00,12.00,558.00,5210.00,19.00,6200.00,3.0000,'2019-04-02 10:07:36','2019-04-02 10:07:36','\0'),(1605,3404,2,3376.00,19.00,12.00,405.00,3782.00,19.00,4500.00,3.0000,'2019-04-02 10:07:36','2019-04-02 10:07:36','\0'),(1606,3405,2,1200.00,19.00,12.00,144.00,1345.00,19.00,1600.00,38.0000,'2019-04-02 10:07:36','2019-04-02 10:07:36','\0'),(1607,3406,2,525.00,19.00,12.00,63.00,588.00,19.00,700.00,35.0000,'2019-04-02 10:07:36','2019-04-02 10:07:36','\0'),(1608,3407,2,1050.00,19.00,12.00,126.00,1176.00,19.00,1400.00,0.0000,'2019-04-02 10:07:36','2019-04-02 10:07:36','\0'),(1609,3408,13,2626.00,19.00,12.00,315.00,2941.00,19.00,3500.00,0.0000,'2019-04-02 10:07:36','2019-04-02 10:07:36','\0'),(1610,3409,15,5627.00,19.00,12.00,675.00,6303.00,19.00,7500.00,7.0000,'2019-04-02 10:07:36','2019-04-02 10:07:36','\0'),(1611,3410,2,600.00,19.00,12.00,72.00,672.00,19.00,800.00,0.0000,'2019-04-02 10:07:36','2019-04-02 10:07:36','\0'),(1612,3411,2,900.00,19.00,12.00,108.00,1008.00,19.00,1200.00,0.0000,'2019-04-02 10:07:36','2019-04-02 10:07:36','\0'),(1613,3412,19,3752.00,19.00,12.00,450.00,4202.00,19.00,5000.00,0.0000,'2019-04-02 10:07:36','2019-04-02 10:07:36','\0'),(1614,3413,13,3376.00,19.00,12.00,405.00,3782.00,19.00,4500.00,0.0000,'2019-04-02 10:07:36','2019-04-02 10:07:36','\0'),(1615,3414,19,75.00,19.00,12.00,9.00,84.00,19.00,100.00,0.0000,'2019-04-02 10:07:36','2019-04-02 10:07:36','\0'),(1616,3415,19,3301.00,19.00,12.00,396.00,3697.00,19.00,4400.00,0.0000,'2019-04-02 10:07:36','2019-04-02 10:07:36','\0'),(1617,3416,19,1501.00,19.00,12.00,180.00,1681.00,19.00,2000.00,0.0000,'2019-04-02 10:07:36','2019-04-02 10:07:36','\0'),(1618,3417,19,600.00,19.00,12.00,72.00,672.00,19.00,800.00,0.0000,'2019-04-02 10:07:36','2019-04-02 10:07:36','\0'),(1619,3418,19,9341.00,19.00,12.00,1121.00,10462.00,19.00,12450.00,0.0000,'2019-04-02 10:07:36','2019-04-02 10:07:36','\0'),(1620,3419,13,3001.00,19.00,12.00,360.00,3361.00,19.00,4000.00,0.0000,'2019-04-02 10:07:36','2019-04-02 10:07:36','\0'),(1621,3420,19,38.00,19.00,12.00,5.00,42.00,19.00,50.00,0.0000,'2019-04-02 10:07:36','2019-04-02 10:07:36','\0'),(1622,3421,13,3001.00,19.00,12.00,360.00,3361.00,19.00,4000.00,0.0000,'2019-04-02 10:07:36','2019-04-02 10:07:36','\0'),(1623,3422,19,75.00,19.00,12.00,9.00,84.00,19.00,100.00,234.0000,'2019-04-02 10:07:36','2019-04-02 10:07:36','\0'),(1624,3423,13,3001.00,19.00,12.00,360.00,3361.00,19.00,4000.00,0.0000,'2019-04-02 10:07:36','2019-04-02 10:07:36','\0'),(1625,3424,19,75.00,19.00,12.00,9.00,84.00,19.00,100.00,160.0000,'2019-04-02 10:07:36','2019-04-02 10:07:36','\0'),(1626,3425,13,300.00,19.00,12.00,36.00,336.00,19.00,400.00,29.0000,'2019-04-02 10:07:36','2019-04-02 10:07:36','\0'),(1627,3426,2,2101.00,19.00,12.00,252.00,2353.00,19.00,2800.00,8.0000,'2019-04-02 10:07:36','2019-04-02 10:07:36','\0'),(1628,3427,19,600.00,19.00,12.00,72.00,672.00,19.00,800.00,21.0000,'2019-04-02 10:07:36','2019-04-02 10:07:36','\0'),(1629,3428,13,2851.00,19.00,12.00,342.00,3193.00,19.00,3800.00,22.0000,'2019-04-02 10:07:36','2019-04-02 10:07:36','\0'),(1630,3429,4,5402.00,19.00,12.00,648.00,6050.00,19.00,7200.00,2.0000,'2019-04-02 10:07:36','2019-04-02 10:07:36','\0'),(1631,3430,16,525.00,19.00,12.00,63.00,588.00,19.00,700.00,9.0000,'2019-04-02 10:07:36','2019-04-02 10:07:36','\0'),(1632,3431,4,7653.00,19.00,12.00,918.00,8571.00,19.00,10200.00,4.0000,'2019-04-02 10:07:36','2019-04-02 10:07:36','\0'),(1633,3432,19,675.00,19.00,12.00,81.00,756.00,19.00,900.00,0.0000,'2019-04-02 10:07:36','2019-04-02 10:07:36','\0'),(1634,3433,19,375.00,19.00,12.00,45.00,420.00,19.00,500.00,10.0000,'2019-04-02 10:07:36','2019-04-02 10:07:36','\0'),(1635,3434,13,7203.00,19.00,12.00,864.00,8067.00,19.00,9600.00,0.0000,'2019-04-02 10:07:36','2019-04-02 10:07:36','\0'),(1636,3435,15,6603.00,19.00,12.00,792.00,7395.00,19.00,8800.00,5.0000,'2019-04-02 10:07:36','2019-04-02 10:07:36','\0'),(1637,3436,13,2626.00,19.00,12.00,315.00,2941.00,19.00,3500.00,8.0000,'2019-04-02 10:07:36','2019-04-02 10:07:36','\0'),(1638,3437,13,1651.00,19.00,12.00,198.00,1849.00,19.00,2200.00,0.0000,'2019-04-02 10:07:36','2019-04-02 10:07:36','\0'),(1639,3438,13,10354.00,19.00,12.00,1242.00,11597.00,19.00,13800.00,0.0000,'2019-04-02 10:07:36','2019-04-02 10:07:36','\0'),(1640,3439,19,975.00,19.00,12.00,117.00,1092.00,19.00,1300.00,6.0000,'2019-04-02 10:07:36','2019-04-02 10:07:36','\0'),(1641,3440,13,975.00,19.00,12.00,117.00,1092.00,19.00,1300.00,13.0000,'2019-04-02 10:07:36','2019-04-02 10:07:36','\0'),(1642,3441,13,1276.00,19.00,12.00,153.00,1429.00,19.00,1700.00,12.0000,'2019-04-02 10:07:36','2019-04-02 10:07:36','\0'),(1643,3442,5,3752.00,19.00,12.00,450.00,4202.00,19.00,5000.00,20.0000,'2019-04-02 10:07:36','2019-04-02 10:07:36','\0'),(1644,3443,19,225.00,19.00,12.00,27.00,252.00,19.00,300.00,11.0000,'2019-04-02 10:07:36','2019-04-02 10:07:36','\0'),(1645,3444,13,1876.00,19.00,12.00,225.00,2101.00,19.00,2500.00,0.0000,'2019-04-02 10:07:36','2019-04-02 10:07:36','\0'),(1646,3445,13,1876.00,19.00,12.00,225.00,2101.00,19.00,2500.00,0.0000,'2019-04-02 10:07:36','2019-04-02 10:07:36','\0'),(1647,3446,13,3752.00,19.00,12.00,450.00,4202.00,19.00,5000.00,0.0000,'2019-04-02 10:07:36','2019-04-02 10:07:36','\0'),(1648,3447,19,113.00,19.00,12.00,14.00,126.00,19.00,150.00,7.0000,'2019-04-02 10:07:36','2019-04-02 10:07:36','\0'),(1649,3448,16,750.00,19.00,12.00,90.00,840.00,19.00,1000.00,76.0000,'2019-04-02 10:07:36','2019-04-02 10:07:36','\0'),(1650,3449,19,225.00,19.00,12.00,27.00,252.00,19.00,300.00,45.0000,'2019-04-02 10:07:36','2019-04-02 10:07:36','\0'),(1651,3450,4,7653.00,19.00,12.00,918.00,8571.00,19.00,10200.00,3.0000,'2019-04-02 10:07:36','2019-04-02 10:07:36','\0'),(1652,3451,19,375.00,19.00,12.00,45.00,420.00,19.00,500.00,67.0000,'2019-04-02 10:07:36','2019-04-02 10:07:36','\0'),(1653,3452,13,1651.00,19.00,12.00,198.00,1849.00,19.00,2200.00,9.0000,'2019-04-02 10:07:36','2019-04-02 10:07:36','\0'),(1654,3453,13,2851.00,19.00,12.00,342.00,3193.00,19.00,3800.00,0.0000,'2019-04-02 10:07:36','2019-04-02 10:07:36','\0'),(1655,3454,13,225.00,19.00,12.00,27.00,252.00,19.00,300.00,0.0000,'2019-04-02 10:07:36','2019-04-02 10:07:36','\0'),(1656,3455,13,750.00,19.00,12.00,90.00,840.00,19.00,1000.00,212.0000,'2019-04-02 10:07:36','2019-04-02 10:07:36','\0'),(1657,3456,13,3451.00,19.00,12.00,414.00,3866.00,19.00,4600.00,2.0000,'2019-04-02 10:07:36','2019-04-02 10:07:36','\0'),(1658,3457,13,13956.00,19.00,12.00,1675.00,15630.00,19.00,18600.00,0.0000,'2019-04-02 10:07:36','2019-04-02 10:07:36','\0'),(1659,3458,19,1276.00,19.00,12.00,153.00,1429.00,19.00,1700.00,12.0000,'2019-04-02 10:07:36','2019-04-02 10:07:36','\0'),(1660,3459,19,600.00,19.00,12.00,72.00,672.00,19.00,800.00,0.0000,'2019-04-02 10:07:36','2019-04-02 10:07:36','\0'),(1661,3460,19,75.00,19.00,12.00,9.00,84.00,19.00,100.00,103.0000,'2019-04-02 10:07:36','2019-04-02 10:07:36','\0'),(1662,3461,13,4652.00,19.00,12.00,558.00,5210.00,19.00,6200.00,16.0000,'2019-04-02 10:07:36','2019-04-02 10:07:36','\0'),(1663,3462,19,75.00,19.00,12.00,9.00,84.00,19.00,100.00,60.0000,'2019-04-02 10:07:36','2019-04-02 10:07:36','\0'),(1664,3463,16,150.00,19.00,12.00,18.00,168.00,19.00,200.00,16.0000,'2019-04-02 10:07:36','2019-04-02 10:07:36','\0'),(1665,3464,5,4802.00,19.00,12.00,576.00,5378.00,19.00,6400.00,1.0000,'2019-04-02 10:07:36','2019-04-02 10:07:36','\0'),(1666,3465,19,675.00,19.00,12.00,81.00,756.00,19.00,900.00,1.0000,'2019-04-02 10:07:36','2019-04-02 10:07:36','\0'),(1667,3466,13,0.00,19.00,12.00,0.00,0.00,19.00,0.00,0.0000,'2019-04-02 10:07:36','2019-04-02 10:07:36','\0'),(1668,3467,19,75.00,19.00,12.00,9.00,84.00,19.00,100.00,0.0000,'2019-04-02 10:07:36','2019-04-02 10:07:36','\0'),(1669,3468,5,5402.00,19.00,12.00,648.00,6050.00,19.00,7200.00,1.0000,'2019-04-02 10:07:36','2019-04-02 10:07:36','\0'),(1670,3469,16,525.00,19.00,12.00,63.00,588.00,19.00,700.00,36.0000,'2019-04-02 10:07:36','2019-04-02 10:07:36','\0'),(1671,3470,13,750.00,19.00,12.00,90.00,840.00,19.00,1000.00,0.0000,'2019-04-02 10:07:36','2019-04-02 10:07:36','\0'),(1672,3471,13,375.00,19.00,12.00,45.00,420.00,19.00,500.00,0.0000,'2019-04-02 10:07:36','2019-04-02 10:07:36','\0'),(1673,3472,19,150.00,19.00,12.00,18.00,168.00,19.00,200.00,3.0000,'2019-04-02 10:07:36','2019-04-02 10:07:36','\0'),(1674,3473,13,1501.00,19.00,12.00,180.00,1681.00,19.00,2000.00,4.0000,'2019-04-02 10:07:36','2019-04-02 10:07:36','\0'),(1675,3474,13,2101.00,19.00,12.00,252.00,2353.00,19.00,2800.00,0.0000,'2019-04-02 10:07:36','2019-04-02 10:07:36','\0'),(1676,3475,19,525.00,19.00,12.00,63.00,588.00,19.00,700.00,8.0000,'2019-04-02 10:07:36','2019-04-02 10:07:36','\0'),(1677,3476,13,4502.00,19.00,12.00,540.00,5042.00,19.00,6000.00,0.0000,'2019-04-02 10:07:36','2019-04-02 10:07:36','\0'),(1678,3477,19,450.00,19.00,12.00,54.00,504.00,19.00,600.00,17.0000,'2019-04-02 10:07:36','2019-04-02 10:07:36','\0'),(1679,3478,19,225.00,19.00,12.00,27.00,252.00,19.00,300.00,0.0000,'2019-04-02 10:07:36','2019-04-02 10:07:36','\0'),(1680,3479,13,5102.00,19.00,12.00,612.00,5714.00,19.00,6800.00,19.0000,'2019-04-02 10:07:36','2019-04-02 10:07:36','\0'),(1681,3480,19,75.00,19.00,12.00,9.00,84.00,19.00,100.00,145.0000,'2019-04-02 10:07:36','2019-04-02 10:07:36','\0'),(1682,3481,13,6903.00,19.00,12.00,828.00,7731.00,19.00,9200.00,0.0000,'2019-04-02 10:07:36','2019-04-02 10:07:36','\0'),(1683,3482,13,3151.00,19.00,12.00,378.00,3529.00,19.00,4200.00,0.0000,'2019-04-02 10:07:36','2019-04-02 10:07:36','\0'),(1684,3483,13,3151.00,19.00,12.00,378.00,3529.00,19.00,4200.00,0.0000,'2019-04-02 10:07:36','2019-04-02 10:07:36','\0'),(1685,3484,13,3151.00,19.00,12.00,378.00,3529.00,19.00,4200.00,0.0000,'2019-04-02 10:07:36','2019-04-02 10:07:36','\0'),(1686,3485,4,5102.00,19.00,12.00,612.00,5714.00,19.00,6800.00,27.0000,'2019-04-02 10:07:36','2019-04-02 10:07:36','\0'),(1687,3486,19,75.00,19.00,12.00,9.00,84.00,19.00,100.00,77.0000,'2019-04-02 10:07:36','2019-04-02 10:07:36','\0'),(1688,3487,19,0.00,19.00,12.00,0.00,0.00,19.00,0.00,0.0000,'2019-04-02 10:07:36','2019-04-02 10:07:36','\0'),(1689,3488,13,1501.00,19.00,12.00,180.00,1681.00,19.00,2000.00,0.0000,'2019-04-02 10:07:36','2019-04-02 10:07:36','\0'),(1690,3489,1,675.00,19.00,12.00,81.00,756.00,19.00,900.00,0.0000,'2019-04-02 10:07:36','2019-04-02 10:07:36','\0'),(1691,3490,16,750.00,19.00,12.00,90.00,840.00,19.00,1000.00,23.0000,'2019-04-02 10:07:36','2019-04-02 10:07:36','\0'),(1720,3519,3,3288.00,19.00,15.00,493.00,3782.00,19.00,4500.00,0.0000,'2019-04-02 10:15:56','2019-04-02 10:15:56','\0'),(1721,3520,3,9865.00,19.00,15.00,1480.00,11345.00,19.00,13500.00,0.0000,'2019-04-02 10:15:56','2019-04-02 10:15:56','\0'),(1722,3521,3,17172.00,19.00,15.00,2576.00,19748.00,19.00,23500.00,0.0000,'2019-04-02 10:15:56','2019-04-02 10:15:56','\0'),(1723,3522,14,3197.00,0.00,22.00,703.00,0.00,0.00,3900.00,70.0000,'2019-04-02 10:15:56','2019-04-02 10:15:56','\0'),(1724,3523,10,3361.00,19.00,20.00,672.00,4034.00,19.00,4800.00,10.0000,'2019-04-02 10:15:56','2019-04-02 10:15:56','\0'),(1725,3524,3,5115.00,19.00,15.00,767.00,5882.00,19.00,7000.00,10.0000,'2019-04-02 10:15:56','2019-04-02 10:15:56','\0'),(1726,3525,3,1315.00,19.00,15.00,197.00,1513.00,19.00,1800.00,5.0000,'2019-04-02 10:15:56','2019-04-02 10:15:56','\0'),(1727,3526,3,877.00,19.00,15.00,132.00,1008.00,19.00,1200.00,0.0000,'2019-04-02 10:15:56','2019-04-02 10:15:56','\0'),(1728,3527,10,2591.00,19.00,20.00,518.00,3109.00,19.00,3700.00,0.0000,'2019-04-02 10:15:56','2019-04-02 10:15:56','\0'),(1729,3528,2,0.00,19.00,12.00,0.00,0.00,19.00,0.00,0.0000,'2019-04-02 11:17:30','2019-04-02 11:17:30','\0'),(1730,3529,19,2101.00,19.00,12.00,252.00,2353.00,19.00,2800.00,9.0000,'2019-04-02 10:15:56','2019-04-02 10:15:56','\0'),(1731,3530,8,63.00,0.00,12.00,8.00,0.00,0.00,70.00,478.0000,'2019-04-02 10:15:56','2019-04-02 10:15:56','\0'),(1732,3531,19,19883.00,19.00,12.00,2386.00,22269.00,19.00,26500.00,8.0000,'2019-04-02 10:15:56','2019-04-02 10:15:56','\0'),(1733,3532,19,4127.00,19.00,12.00,495.00,4622.00,19.00,5500.00,0.0000,'2019-04-02 10:15:56','2019-04-02 10:15:56','\0'),(1734,3533,10,1951.00,19.00,12.00,234.00,2185.00,19.00,2600.00,28.0000,'2019-04-02 10:15:56','2019-04-02 10:15:56','\0'),(1735,3534,10,2101.00,19.00,12.00,252.00,2353.00,19.00,2800.00,4.0000,'2019-04-02 10:15:56','2019-04-02 10:15:56','\0'),(1736,3535,8,5102.00,19.00,12.00,612.00,5714.00,19.00,6800.00,0.0000,'2019-04-02 10:15:56','2019-04-02 10:15:56','\0'),(1737,3536,10,3361.00,19.00,20.00,672.00,4034.00,19.00,4800.00,14.0000,'2019-04-02 10:15:56','2019-04-02 10:15:56','\0'),(1738,3537,2,828.00,5.00,15.00,124.00,952.00,5.00,1000.00,0.0000,'2019-04-02 10:15:56','2019-04-02 10:15:56','\0'),(1739,3538,8,2.00,19.00,12.00,0.00,2.00,19.00,2.00,77.0000,'2019-04-02 10:15:56','2019-04-02 10:15:56','\0'),(1740,3539,8,9.00,19.00,12.00,1.00,10.00,19.00,12.00,2.0000,'2019-04-02 10:15:56','2019-04-02 10:15:56','\0'),(1741,3540,8,5.00,19.00,12.00,1.00,5.00,19.00,6.00,10.0000,'2019-04-02 10:15:56','2019-04-02 10:15:56','\0'),(1742,3541,19,175.00,19.00,20.00,35.00,210.00,19.00,250.00,0.0000,'2019-04-02 10:15:56','2019-04-02 10:15:56','\0'),(1743,3542,19,105.00,19.00,20.00,21.00,126.00,19.00,150.00,0.0000,'2019-04-02 10:15:56','2019-04-02 10:15:56','\0'),(1744,3543,19,105.00,19.00,20.00,21.00,126.00,19.00,150.00,0.0000,'2019-04-02 10:15:56','2019-04-02 10:15:56','\0'),(1745,3544,19,280.00,19.00,20.00,56.00,336.00,19.00,400.00,0.0000,'2019-04-02 10:15:56','2019-04-02 10:15:56','\0'),(1746,3545,19,42.00,19.00,20.00,8.00,50.00,19.00,60.00,0.0000,'2019-04-02 10:15:56','2019-04-02 10:15:56','\0'),(1747,3546,19,49.00,19.00,20.00,10.00,59.00,19.00,70.00,0.0000,'2019-04-02 10:15:56','2019-04-02 10:15:56','\0'),(1748,3547,19,315.00,19.00,20.00,63.00,378.00,19.00,450.00,0.0000,'2019-04-02 10:15:56','2019-04-02 10:15:56','\0'),(1749,3548,19,56.00,19.00,20.00,11.00,67.00,19.00,80.00,0.0000,'2019-04-02 10:15:56','2019-04-02 10:15:56','\0'),(1750,3549,19,70.00,19.00,20.00,14.00,84.00,19.00,100.00,0.0000,'2019-04-02 10:15:56','2019-04-02 10:15:56','\0'),(1751,3550,19,133.00,19.00,20.00,27.00,160.00,19.00,190.00,0.0000,'2019-04-02 10:15:56','2019-04-02 10:15:56','\0'),(1752,3551,19,175.00,19.00,20.00,35.00,210.00,19.00,250.00,0.0000,'2019-04-02 10:15:56','2019-04-02 10:15:56','\0'),(1753,3552,19,105.00,19.00,20.00,21.00,126.00,19.00,150.00,0.0000,'2019-04-02 10:15:56','2019-04-02 10:15:56','\0'),(1754,3553,19,133.00,19.00,20.00,27.00,160.00,19.00,190.00,0.0000,'2019-04-02 10:15:56','2019-04-02 10:15:56','\0'),(1755,3554,13,6577.00,19.00,15.00,986.00,7563.00,19.00,9000.00,1.0000,'2019-04-02 10:15:56','2019-04-02 10:15:56','\0'),(1756,3555,8,3752.00,19.00,12.00,450.00,4202.00,19.00,5000.00,0.0000,'2019-04-02 10:15:56','2019-04-02 10:15:56','\0'),(1757,3556,19,210.00,19.00,20.00,42.00,252.00,19.00,300.00,0.0000,'2019-04-02 10:15:56','2019-04-02 10:15:56','\0'),(1758,3557,19,560.00,19.00,20.00,112.00,672.00,19.00,800.00,0.0000,'2019-04-02 10:15:56','2019-04-02 10:15:56','\0'),(1759,3558,19,490.00,19.00,20.00,98.00,588.00,19.00,700.00,0.0000,'2019-04-02 10:15:56','2019-04-02 10:15:56','\0'),(1760,3559,19,420.00,19.00,20.00,84.00,504.00,19.00,600.00,0.0000,'2019-04-02 10:15:56','2019-04-02 10:15:56','\0'),(1761,3560,19,280.00,19.00,20.00,56.00,336.00,19.00,400.00,0.0000,'2019-04-02 10:15:56','2019-04-02 10:15:56','\0'),(1762,3561,19,420.00,19.00,20.00,84.00,504.00,19.00,600.00,0.0000,'2019-04-02 10:15:56','2019-04-02 10:15:56','\0'),(1763,3562,19,560.00,19.00,20.00,112.00,672.00,19.00,800.00,0.0000,'2019-04-02 10:15:56','2019-04-02 10:15:56','\0'),(1764,3563,19,560.00,19.00,20.00,112.00,672.00,19.00,800.00,0.0000,'2019-04-02 10:15:56','2019-04-02 10:15:56','\0'),(1765,3564,19,140.00,19.00,20.00,28.00,168.00,19.00,200.00,0.0000,'2019-04-02 10:15:56','2019-04-02 10:15:56','\0'),(1766,3565,19,1501.00,19.00,12.00,180.00,1681.00,19.00,2000.00,20.0000,'2019-04-02 10:15:56','2019-04-02 10:15:56','\0'),(1767,3566,8,3752.00,19.00,12.00,450.00,4202.00,19.00,5000.00,0.0000,'2019-04-02 10:15:56','2019-04-02 10:15:56','\0'),(1768,3567,13,1891.00,19.00,20.00,378.00,2269.00,19.00,2700.00,26.0000,'2019-04-02 10:15:56','2019-04-02 10:15:56','\0'),(1769,3568,13,4555.00,5.00,15.00,683.00,5238.00,5.00,5500.00,3.0000,'2019-04-02 10:15:56','2019-04-02 10:15:56','\0'),(1770,3569,13,3313.00,5.00,15.00,497.00,3810.00,5.00,4000.00,3.0000,'2019-04-02 10:15:56','2019-04-02 10:15:56','\0'),(1771,3570,13,3571.00,0.00,12.00,429.00,0.00,0.00,4000.00,35.0000,'2019-04-02 10:15:56','2019-04-02 10:15:56','\0'),(1772,3571,13,3313.00,5.00,15.00,497.00,3810.00,5.00,4000.00,25.0000,'2019-04-02 10:15:56','2019-04-02 10:15:56','\0'),(1773,3572,13,2451.00,19.00,20.00,490.00,2941.00,19.00,3500.00,0.0000,'2019-04-02 10:15:56','2019-04-02 10:15:56','\0'),(1774,3573,13,2591.00,19.00,20.00,518.00,3109.00,19.00,3700.00,10.0000,'2019-04-02 10:15:56','2019-04-02 10:15:56','\0'),(1775,3574,13,2941.00,19.00,20.00,588.00,3529.00,19.00,4200.00,22.0000,'2019-04-02 10:15:56','2019-04-02 10:15:56','\0'),(1776,3575,13,910.00,19.00,20.00,182.00,1092.00,19.00,1300.00,0.0000,'2019-04-02 10:15:56','2019-04-02 10:15:56','\0'),(1777,3576,13,4202.00,19.00,20.00,840.00,5042.00,19.00,6000.00,0.0000,'2019-04-02 10:15:56','2019-04-02 10:15:56','\0'),(1778,3577,13,5952.00,19.00,20.00,1190.00,7143.00,19.00,8500.00,0.0000,'2019-04-02 10:15:56','2019-04-02 10:15:56','\0'),(1779,3578,13,3151.00,19.00,20.00,630.00,3782.00,19.00,4500.00,0.0000,'2019-04-02 10:15:56','2019-04-02 10:15:56','\0'),(1780,3579,13,1190.00,19.00,20.00,238.00,1429.00,19.00,1700.00,4.0000,'2019-04-02 10:15:56','2019-04-02 10:15:56','\0'),(1781,3580,13,1401.00,19.00,20.00,280.00,1681.00,19.00,2000.00,0.0000,'2019-04-02 10:15:56','2019-04-02 10:15:56','\0'),(1782,3581,13,1261.00,19.00,20.00,252.00,1513.00,19.00,1800.00,0.0000,'2019-04-02 10:15:56','2019-04-02 10:15:56','\0'),(1783,3582,13,2661.00,19.00,20.00,532.00,3193.00,19.00,3800.00,0.0000,'2019-04-02 10:15:56','2019-04-02 10:15:56','\0'),(1784,3583,13,350.00,19.00,20.00,70.00,420.00,19.00,500.00,45.0000,'2019-04-02 10:15:56','2019-04-02 10:15:56','\0'),(1785,3584,13,420.00,19.00,20.00,84.00,504.00,19.00,600.00,0.0000,'2019-04-02 10:15:56','2019-04-02 10:15:56','\0'),(1786,3585,13,490.00,19.00,20.00,98.00,588.00,19.00,700.00,60.0000,'2019-04-02 10:15:56','2019-04-02 10:15:56','\0'),(1787,3586,2,0.00,19.00,20.00,0.00,0.00,19.00,0.00,0.0000,'2019-04-02 11:17:31','2019-04-02 11:17:31','\0'),(1788,3587,13,490.00,19.00,20.00,98.00,588.00,19.00,700.00,25.0000,'2019-04-02 10:15:56','2019-04-02 10:15:56','\0'),(1789,3588,13,245.00,19.00,20.00,49.00,294.00,19.00,350.00,88.0000,'2019-04-02 10:15:56','2019-04-02 10:15:56','\0'),(1790,3589,13,280.00,19.00,20.00,56.00,336.00,19.00,400.00,48.0000,'2019-04-02 10:15:56','2019-04-02 10:15:56','\0'),(1791,3590,13,350.00,19.00,20.00,70.00,420.00,19.00,500.00,35.0000,'2019-04-02 10:15:56','2019-04-02 10:15:56','\0'),(1792,3591,13,840.00,19.00,20.00,168.00,1008.00,19.00,1200.00,22.0000,'2019-04-02 10:15:56','2019-04-02 10:15:56','\0'),(1793,3592,13,350.00,19.00,20.00,70.00,420.00,19.00,500.00,48.0000,'2019-04-02 10:15:56','2019-04-02 10:15:56','\0'),(1794,3593,13,1120.00,19.00,20.00,224.00,1345.00,19.00,1600.00,18.0000,'2019-04-02 10:15:56','2019-04-02 10:15:56','\0'),(1795,3594,13,1120.00,19.00,20.00,224.00,1345.00,19.00,1600.00,0.0000,'2019-04-02 10:15:56','2019-04-02 10:15:56','\0'),(1796,3595,13,1541.00,19.00,20.00,308.00,1849.00,19.00,2200.00,7.0000,'2019-04-02 10:15:56','2019-04-02 10:15:56','\0'),(1797,3596,13,350.00,19.00,20.00,70.00,420.00,19.00,500.00,17.0000,'2019-04-02 10:15:56','2019-04-02 10:15:56','\0'),(1798,3597,13,420.00,19.00,20.00,84.00,504.00,19.00,600.00,0.0000,'2019-04-02 10:15:56','2019-04-02 10:15:56','\0'),(1799,3598,13,385.00,19.00,20.00,77.00,462.00,19.00,550.00,25.0000,'2019-04-02 10:15:56','2019-04-02 10:15:56','\0'),(1800,3599,13,490.00,19.00,20.00,98.00,588.00,19.00,700.00,0.0000,'2019-04-02 10:15:56','2019-04-02 10:15:56','\0'),(1801,3600,13,840.00,19.00,20.00,168.00,1008.00,19.00,1200.00,0.0000,'2019-04-02 10:15:56','2019-04-02 10:15:56','\0'),(1802,3601,13,840.00,19.00,20.00,168.00,1008.00,19.00,1200.00,0.0000,'2019-04-02 10:15:56','2019-04-02 10:15:56','\0'),(1803,3602,13,980.00,19.00,20.00,196.00,1176.00,19.00,1400.00,0.0000,'2019-04-02 10:15:56','2019-04-02 10:15:56','\0'),(1804,3603,19,700.00,19.00,20.00,140.00,840.00,19.00,1000.00,0.0000,'2019-04-02 10:15:56','2019-04-02 10:15:56','\0'),(1805,3604,19,700.00,19.00,20.00,140.00,840.00,19.00,1000.00,33.0000,'2019-04-02 10:15:56','2019-04-02 10:15:56','\0'),(1806,3605,19,455.00,19.00,20.00,91.00,546.00,19.00,650.00,25.0000,'2019-04-02 10:15:56','2019-04-02 10:15:56','\0'),(1807,3606,13,1050.00,19.00,20.00,210.00,1261.00,19.00,1500.00,17.0000,'2019-04-02 10:15:56','2019-04-02 10:15:56','\0'),(1808,3607,13,1401.00,19.00,20.00,280.00,1681.00,19.00,2000.00,50.0000,'2019-04-02 10:15:56','2019-04-02 10:15:56','\0'),(1809,3608,13,1541.00,19.00,20.00,308.00,1849.00,19.00,2200.00,0.0000,'2019-04-02 10:15:56','2019-04-02 10:15:56','\0'),(1810,3609,13,1961.00,19.00,20.00,392.00,2353.00,19.00,2800.00,8.0000,'2019-04-02 10:15:56','2019-04-02 10:15:56','\0'),(1811,3610,13,2241.00,19.00,20.00,448.00,2689.00,19.00,3200.00,0.0000,'2019-04-02 10:15:56','2019-04-02 10:15:56','\0'),(1812,3611,13,2241.00,19.00,20.00,448.00,2689.00,19.00,3200.00,5.0000,'2019-04-02 10:15:56','2019-04-02 10:15:56','\0'),(1813,3612,13,2101.00,19.00,20.00,420.00,2521.00,19.00,3000.00,5.0000,'2019-04-02 10:15:56','2019-04-02 10:15:56','\0'),(1814,3613,19,1261.00,19.00,20.00,252.00,1513.00,19.00,1800.00,11.0000,'2019-04-02 10:15:56','2019-04-02 10:15:56','\0'),(1815,3614,13,1541.00,19.00,20.00,308.00,1849.00,19.00,2200.00,0.0000,'2019-04-02 10:15:56','2019-04-02 10:15:56','\0'),(1816,3615,13,1961.00,19.00,20.00,392.00,2353.00,19.00,2800.00,3.0000,'2019-04-02 10:15:56','2019-04-02 10:15:56','\0'),(1817,3616,13,2661.00,19.00,20.00,532.00,3193.00,19.00,3800.00,4.0000,'2019-04-02 10:15:56','2019-04-02 10:15:56','\0'),(1818,3617,13,3361.00,19.00,20.00,672.00,4034.00,19.00,4800.00,0.0000,'2019-04-02 10:15:56','2019-04-02 10:15:56','\0'),(1819,3618,13,4342.00,19.00,20.00,868.00,5210.00,19.00,6200.00,7.0000,'2019-04-02 10:15:56','2019-04-02 10:15:56','\0'),(1820,3619,13,245.00,19.00,20.00,49.00,294.00,19.00,350.00,36.0000,'2019-04-02 10:15:56','2019-04-02 10:15:56','\0'),(1821,3620,13,1120.00,19.00,20.00,224.00,1345.00,19.00,1600.00,28.0000,'2019-04-02 10:15:56','2019-04-02 10:15:56','\0'),(1822,3621,13,1541.00,19.00,20.00,308.00,1849.00,19.00,2200.00,9.0000,'2019-04-02 10:15:56','2019-04-02 10:15:56','\0'),(1823,3622,13,2451.00,19.00,20.00,490.00,2941.00,19.00,3500.00,4.0000,'2019-04-02 10:15:56','2019-04-02 10:15:56','\0'),(1824,3623,13,2451.00,19.00,20.00,490.00,2941.00,19.00,3500.00,7.0000,'2019-04-02 10:15:56','2019-04-02 10:15:56','\0'),(1825,3624,13,2661.00,19.00,20.00,532.00,3193.00,19.00,3800.00,23.0000,'2019-04-02 10:15:56','2019-04-02 10:15:56','\0'),(1826,3625,13,2451.00,19.00,20.00,490.00,2941.00,19.00,3500.00,0.0000,'2019-04-02 10:15:56','2019-04-02 10:15:56','\0'),(1827,3626,13,350.00,19.00,20.00,70.00,420.00,19.00,500.00,0.0000,'2019-04-02 10:15:56','2019-04-02 10:15:56','\0'),(1828,3627,13,490.00,19.00,20.00,98.00,588.00,19.00,700.00,0.0000,'2019-04-02 10:15:56','2019-04-02 10:15:56','\0'),(1829,3628,13,630.00,19.00,20.00,126.00,756.00,19.00,900.00,12.0000,'2019-04-02 10:15:56','2019-04-02 10:15:56','\0'),(1830,3629,13,840.00,19.00,20.00,168.00,1008.00,19.00,1200.00,19.0000,'2019-04-02 10:15:56','2019-04-02 10:15:56','\0'),(1831,3630,13,1401.00,19.00,20.00,280.00,1681.00,19.00,2000.00,20.0000,'2019-04-02 10:15:56','2019-04-02 10:15:56','\0'),(1832,3631,13,1190.00,19.00,20.00,238.00,1429.00,19.00,1700.00,32.0000,'2019-04-02 10:15:56','2019-04-02 10:15:56','\0'),(1833,3632,3,219.00,19.00,15.00,33.00,252.00,19.00,300.00,0.0000,'2019-04-02 10:15:56','2019-04-02 10:15:56','\0'),(1834,3633,19,5852.00,19.00,12.00,702.00,6555.00,19.00,7800.00,2.0000,'2019-04-02 10:15:56','2019-04-02 10:15:56','\0'),(1835,3634,13,5252.00,19.00,12.00,630.00,5882.00,19.00,7000.00,6.0000,'2019-04-02 10:15:56','2019-04-02 10:15:56','\0'),(1836,3635,13,5402.00,19.00,12.00,648.00,6050.00,19.00,7200.00,6.0000,'2019-04-02 10:15:56','2019-04-02 10:15:56','\0'),(1837,3636,13,5102.00,19.00,12.00,612.00,5714.00,19.00,6800.00,0.0000,'2019-04-02 10:15:56','2019-04-02 10:15:56','\0'),(1838,3637,13,9004.00,19.00,12.00,1080.00,10084.00,19.00,12000.00,0.0000,'2019-04-02 10:15:56','2019-04-02 10:15:56','\0'),(1839,3638,19,84.00,19.00,20.00,17.00,101.00,19.00,120.00,0.0000,'2019-04-02 10:15:56','2019-04-02 10:15:56','\0'),(1840,3639,13,10129.00,19.00,12.00,1215.00,11345.00,19.00,13500.00,5.0000,'2019-04-02 10:15:56','2019-04-02 10:15:56','\0'),(1841,3640,19,1644.00,19.00,15.00,247.00,1891.00,19.00,2250.00,22.0000,'2019-04-02 10:15:56','2019-04-02 10:15:56','\0'),(1842,3641,19,770.00,19.00,20.00,154.00,924.00,19.00,1100.00,29.0000,'2019-04-02 10:15:56','2019-04-02 10:15:56','\0'),(1843,3642,19,875.00,19.00,20.00,175.00,1050.00,19.00,1250.00,51.0000,'2019-04-02 10:15:56','2019-04-02 10:15:56','\0'),(1844,3643,19,560.00,19.00,20.00,112.00,672.00,19.00,800.00,0.0000,'2019-04-02 10:15:56','2019-04-02 10:15:56','\0'),(1845,3644,19,630.00,19.00,20.00,126.00,756.00,19.00,900.00,28.0000,'2019-04-02 10:15:56','2019-04-02 10:15:56','\0'),(1846,3645,19,1023.00,19.00,15.00,153.00,1176.00,19.00,1400.00,29.0000,'2019-04-02 10:15:56','2019-04-02 10:15:56','\0'),(1847,3646,19,804.00,19.00,15.00,121.00,924.00,19.00,1100.00,22.0000,'2019-04-02 10:15:56','2019-04-02 10:15:56','\0'),(1848,3647,19,1169.00,19.00,15.00,175.00,1345.00,19.00,1600.00,100.0000,'2019-04-02 10:15:56','2019-04-02 10:15:56','\0'),(1849,3648,19,1900.00,19.00,15.00,285.00,2185.00,19.00,2600.00,26.0000,'2019-04-02 10:15:56','2019-04-02 10:15:56','\0'),(1850,3649,19,1169.00,19.00,15.00,175.00,1345.00,19.00,1600.00,5.0000,'2019-04-02 10:15:56','2019-04-02 10:15:56','\0'),(1851,3650,8,80.00,0.00,12.00,10.00,0.00,0.00,90.00,369.0000,'2019-04-02 10:15:56','2019-04-02 10:15:56','\0'),(1852,3651,19,110.00,19.00,15.00,16.00,126.00,19.00,150.00,40.0000,'2019-04-02 10:15:56','2019-04-02 10:15:56','\0'),(1853,3652,19,183.00,19.00,15.00,27.00,210.00,19.00,250.00,40.0000,'2019-04-02 10:15:56','2019-04-02 10:15:56','\0'),(1854,3653,19,183.00,19.00,15.00,27.00,210.00,19.00,250.00,26.0000,'2019-04-02 10:15:56','2019-04-02 10:15:56','\0'),(1855,3654,19,183.00,19.00,15.00,27.00,210.00,19.00,250.00,0.0000,'2019-04-02 10:15:56','2019-04-02 10:15:56','\0'),(1856,3655,13,7203.00,19.00,12.00,864.00,8067.00,19.00,9600.00,2.0000,'2019-04-02 10:15:56','2019-04-02 10:15:56','\0'),(1857,3656,13,5627.00,19.00,12.00,675.00,6303.00,19.00,7500.00,0.0000,'2019-04-02 10:15:56','2019-04-02 10:15:56','\0'),(1858,3657,13,0.00,19.00,12.00,0.00,0.00,19.00,0.00,14.0000,'2019-04-02 10:15:56','2019-04-02 10:15:56','\0'),(1859,3658,13,7128.00,19.00,12.00,855.00,7983.00,19.00,9500.00,66.0000,'2019-04-02 10:15:56','2019-04-02 10:15:56','\0'),(1860,3659,13,4502.00,19.00,12.00,540.00,5042.00,19.00,6000.00,0.0000,'2019-04-02 10:15:56','2019-04-02 10:15:56','\0'),(1861,3660,13,6002.00,19.00,12.00,720.00,6723.00,19.00,8000.00,0.0000,'2019-04-02 10:15:56','2019-04-02 10:15:56','\0'),(1862,3661,13,0.00,19.00,12.00,0.00,0.00,19.00,0.00,20.0000,'2019-04-02 10:15:56','2019-04-02 10:15:56','\0'),(1863,3662,19,2776.00,19.00,12.00,333.00,3109.00,19.00,3700.00,18.0000,'2019-04-02 10:15:56','2019-04-02 10:15:56','\0'),(1864,3663,8,150.00,19.00,12.00,18.00,168.00,19.00,200.00,2.0000,'2019-04-02 10:15:56','2019-04-02 10:15:56','\0'),(1865,3664,19,12005.00,19.00,12.00,1441.00,13445.00,19.00,16000.00,2.0000,'2019-04-02 10:15:56','2019-04-02 10:15:56','\0'),(1866,3665,10,0.00,19.00,20.00,0.00,0.00,19.00,0.00,0.0000,'2019-04-02 10:15:56','2019-04-02 10:15:56','\0'),(1867,3666,10,3526.00,19.00,12.00,423.00,3950.00,19.00,4700.00,0.0000,'2019-04-02 10:15:56','2019-04-02 10:15:56','\0'),(1868,3667,8,20.00,19.00,15.00,3.00,23.00,19.00,27.00,725.0000,'2019-04-02 10:15:56','2019-04-02 10:15:56','\0'),(1869,3668,8,15.00,19.00,12.00,2.00,16.00,19.00,20.00,1.0000,'2019-04-02 10:15:56','2019-04-02 10:15:56','\0'),(1870,3669,8,15.00,19.00,12.00,2.00,17.00,19.00,20.00,1.0000,'2019-04-02 10:15:56','2019-04-02 10:15:56','\0'),(1871,3670,2,3431.00,19.00,20.00,686.00,4118.00,19.00,4900.00,0.0000,'2019-04-02 10:15:56','2019-04-02 10:15:56','\0'),(1872,3671,2,3501.00,19.00,20.00,700.00,4202.00,19.00,5000.00,0.0000,'2019-04-02 10:15:56','2019-04-02 10:15:56','\0'),(1873,3672,2,1541.00,19.00,20.00,308.00,1849.00,19.00,2200.00,0.0000,'2019-04-02 10:15:56','2019-04-02 10:15:56','\0'),(1874,3673,19,3001.00,19.00,12.00,360.00,3361.00,19.00,4000.00,2.0000,'2019-04-02 10:15:56','2019-04-02 10:15:56','\0'),(1875,3674,2,2731.00,19.00,20.00,546.00,3277.00,19.00,3900.00,0.0000,'2019-04-02 10:15:56','2019-04-02 10:15:56','\0'),(1876,3675,2,840.00,19.00,20.00,168.00,1008.00,19.00,1200.00,32.0000,'2019-04-02 10:15:56','2019-04-02 10:15:56','\0'),(1877,3676,11,4202.00,19.00,12.00,504.00,4706.00,19.00,5600.00,95.0000,'2019-04-02 10:15:56','2019-04-02 10:15:56','\0'),(1878,3677,13,5102.00,19.00,12.00,612.00,5714.00,19.00,6800.00,0.0000,'2019-04-02 10:15:56','2019-04-02 10:15:56','\0'),(1879,3678,13,6152.00,19.00,12.00,738.00,6891.00,19.00,8200.00,56.0000,'2019-04-02 10:15:56','2019-04-02 10:15:56','\0'),(1880,3679,13,10204.00,19.00,12.00,1224.00,11429.00,19.00,13600.00,2.0000,'2019-04-02 10:15:56','2019-04-02 10:15:56','\0'),(1881,3680,13,0.00,19.00,12.00,0.00,0.00,19.00,0.00,2.0000,'2019-04-02 10:15:56','2019-04-02 10:15:56','\0'),(1882,3681,13,0.00,19.00,12.00,0.00,0.00,19.00,0.00,6.0000,'2019-04-02 10:15:56','2019-04-02 10:15:56','\0'),(1883,3682,13,6152.00,19.00,12.00,738.00,6891.00,19.00,8200.00,7.0000,'2019-04-02 10:15:56','2019-04-02 10:15:56','\0'),(1884,3683,13,5627.00,19.00,12.00,675.00,6303.00,19.00,7500.00,0.0000,'2019-04-02 10:15:56','2019-04-02 10:15:56','\0'),(1885,3684,13,5102.00,19.00,12.00,612.00,5714.00,19.00,6800.00,0.0000,'2019-04-02 10:15:56','2019-04-02 10:15:56','\0'),(1886,3685,8,9.00,19.00,12.00,1.00,10.00,19.00,12.00,5.0000,'2019-04-02 10:15:56','2019-04-02 10:15:56','\0'),(1887,3686,3,804.00,19.00,15.00,121.00,924.00,19.00,1100.00,47.0000,'2019-04-02 10:15:56','2019-04-02 10:15:56','\0'),(1888,3687,4,512.00,19.00,15.00,77.00,588.00,19.00,700.00,0.0000,'2019-04-02 10:15:56','2019-04-02 10:15:56','\0'),(1889,3688,8,71.00,0.00,12.00,9.00,0.00,0.00,80.00,291.0000,'2019-04-02 10:15:56','2019-04-02 10:15:56','\0'),(1890,3689,8,11.00,19.00,15.00,2.00,13.00,19.00,15.00,5815.0000,'2019-04-02 10:15:56','2019-04-02 10:15:56','\0'),(1891,3690,8,12.00,19.00,15.00,2.00,13.00,19.00,16.00,204.0000,'2019-04-02 10:15:56','2019-04-02 10:15:56','\0'),(1892,3691,8,14.00,19.00,12.00,2.00,16.00,19.00,19.00,3.0000,'2019-04-02 10:15:56','2019-04-02 10:15:56','\0'),(1893,3692,8,9.00,19.00,15.00,1.00,10.00,19.00,12.00,0.0000,'2019-04-02 10:15:56','2019-04-02 10:15:56','\0'),(1894,3693,13,2046.00,19.00,15.00,307.00,2353.00,19.00,2800.00,3.0000,'2019-04-02 10:15:56','2019-04-02 10:15:56','\0'),(1895,3694,13,4238.00,19.00,15.00,636.00,4874.00,19.00,5800.00,6.0000,'2019-04-02 10:15:56','2019-04-02 10:15:56','\0'),(1896,3695,3,1827.00,19.00,15.00,274.00,2101.00,19.00,2500.00,7.0000,'2019-04-02 10:15:56','2019-04-02 10:15:56','\0'),(1897,3696,3,6577.00,19.00,15.00,986.00,7563.00,19.00,9000.00,2.0000,'2019-04-02 10:15:56','2019-04-02 10:15:56','\0'),(1898,3697,15,7307.00,19.00,15.00,1096.00,8403.00,19.00,10000.00,0.0000,'2019-04-02 10:15:56','2019-04-02 10:15:56','\0'),(1899,3698,19,7503.00,19.00,12.00,900.00,8403.00,19.00,10000.00,5.0000,'2019-04-02 10:15:56','2019-04-02 10:15:56','\0'),(1900,3699,16,950.00,19.00,15.00,142.00,1092.00,19.00,1300.00,27.0000,'2019-04-02 10:15:56','2019-04-02 10:15:56','\0'),(1901,3700,16,975.00,19.00,12.00,117.00,1092.00,19.00,1300.00,20.0000,'2019-04-02 10:15:56','2019-04-02 10:15:56','\0'),(1902,3701,15,6211.00,19.00,15.00,932.00,7143.00,19.00,8500.00,8.0000,'2019-04-02 10:15:56','2019-04-02 10:15:56','\0'),(1903,3702,19,6378.00,19.00,12.00,765.00,7143.00,19.00,8500.00,24.0000,'2019-04-02 10:15:56','2019-04-02 10:15:56','\0'),(1904,3703,13,5252.00,19.00,20.00,1050.00,6303.00,19.00,7500.00,0.0000,'2019-04-02 10:15:56','2019-04-02 10:15:56','\0'),(1905,3704,13,2941.00,19.00,20.00,588.00,3529.00,19.00,4200.00,0.0000,'2019-04-02 10:15:56','2019-04-02 10:15:56','\0'),(1906,3705,19,3641.00,19.00,20.00,728.00,4370.00,19.00,5200.00,0.0000,'2019-04-02 10:15:56','2019-04-02 10:15:56','\0'),(1907,3706,19,3641.00,19.00,20.00,728.00,4370.00,19.00,5200.00,0.0000,'2019-04-02 10:15:56','2019-04-02 10:15:56','\0'),(1908,3707,13,4552.00,19.00,20.00,910.00,5462.00,19.00,6500.00,3.0000,'2019-04-02 10:15:56','2019-04-02 10:15:56','\0'),(1909,3708,19,4552.00,19.00,20.00,910.00,5462.00,19.00,6500.00,0.0000,'2019-04-02 10:15:56','2019-04-02 10:15:56','\0'),(1910,3709,13,3852.00,19.00,20.00,770.00,4622.00,19.00,5500.00,0.0000,'2019-04-02 10:15:56','2019-04-02 10:15:56','\0'),(1911,3710,19,5252.00,19.00,20.00,1050.00,6303.00,19.00,7500.00,0.0000,'2019-04-02 10:15:56','2019-04-02 10:15:56','\0'),(1912,3711,13,2941.00,19.00,20.00,588.00,3529.00,19.00,4200.00,0.0000,'2019-04-02 10:15:56','2019-04-02 10:15:56','\0'),(1913,3712,13,2241.00,19.00,20.00,448.00,2689.00,19.00,3200.00,0.0000,'2019-04-02 10:15:56','2019-04-02 10:15:56','\0'),(1914,3713,13,6303.00,19.00,20.00,1261.00,7563.00,19.00,9000.00,7.0000,'2019-04-02 10:15:56','2019-04-02 10:15:56','\0'),(1915,3714,13,4384.00,19.00,15.00,658.00,5042.00,19.00,6000.00,34.0000,'2019-04-02 10:15:56','2019-04-02 10:15:56','\0'),(1916,3715,3,8623.00,19.00,15.00,1293.00,9916.00,19.00,11800.00,3.0000,'2019-04-02 10:15:56','2019-04-02 10:15:56','\0'),(1917,3716,2,1656.00,5.00,15.00,248.00,1905.00,5.00,2000.00,0.0000,'2019-04-02 10:15:56','2019-04-02 10:15:56','\0'),(1918,3717,2,7619.00,5.00,15.00,1143.00,8762.00,5.00,9200.00,0.0000,'2019-04-02 10:15:56','2019-04-02 10:15:56','\0'),(1919,3718,2,0.00,5.00,15.00,0.00,0.00,5.00,0.00,0.0000,'2019-04-02 10:15:56','2019-04-02 10:15:56','\0'),(1920,3719,2,0.00,5.00,15.00,0.00,0.00,5.00,0.00,0.0000,'2019-04-02 10:15:56','2019-04-02 10:15:56','\0'),(1921,3720,2,1325.00,5.00,15.00,199.00,1524.00,5.00,1600.00,9.0000,'2019-04-02 10:15:56','2019-04-02 10:15:56','\0'),(1922,3721,2,7619.00,5.00,15.00,1143.00,8762.00,5.00,9200.00,1.0000,'2019-04-02 10:15:56','2019-04-02 10:15:56','\0'),(1923,3722,13,175.00,19.00,20.00,35.00,210.00,19.00,250.00,37.0000,'2019-04-02 10:15:56','2019-04-02 10:15:56','\0'),(1924,3723,13,2031.00,19.00,20.00,406.00,2437.00,19.00,2900.00,0.0000,'2019-04-02 10:15:56','2019-04-02 10:15:56','\0'),(1925,3724,13,1190.00,19.00,20.00,238.00,1429.00,19.00,1700.00,0.0000,'2019-04-02 10:15:56','2019-04-02 10:15:56','\0'),(1926,3725,13,1190.00,19.00,20.00,238.00,1429.00,19.00,1700.00,4.0000,'2019-04-02 10:15:56','2019-04-02 10:15:56','\0'),(1927,3726,13,2661.00,19.00,20.00,532.00,3193.00,19.00,3800.00,9.0000,'2019-04-02 10:15:56','2019-04-02 10:15:56','\0'),(1928,3727,13,2031.00,19.00,20.00,406.00,2437.00,19.00,2900.00,0.0000,'2019-04-02 10:15:56','2019-04-02 10:15:56','\0'),(1929,3728,13,700.00,19.00,20.00,140.00,840.00,19.00,1000.00,12.0000,'2019-04-02 10:15:56','2019-04-02 10:15:56','\0'),(1930,3729,13,2031.00,19.00,20.00,406.00,2437.00,19.00,2900.00,0.0000,'2019-04-02 10:15:56','2019-04-02 10:15:56','\0'),(1931,3730,13,2661.00,19.00,20.00,532.00,3193.00,19.00,3800.00,7.0000,'2019-04-02 10:15:56','2019-04-02 10:15:56','\0'),(1932,3731,13,2031.00,19.00,20.00,406.00,2437.00,19.00,2900.00,0.0000,'2019-04-02 10:15:56','2019-04-02 10:15:56','\0'),(1933,3732,13,700.00,19.00,20.00,140.00,840.00,19.00,1000.00,0.0000,'2019-04-02 10:15:56','2019-04-02 10:15:56','\0'),(1934,3733,19,3654.00,19.00,15.00,548.00,4202.00,19.00,5000.00,2.0000,'2019-04-02 10:15:56','2019-04-02 10:15:56','\0'),(1935,3734,19,105.00,19.00,20.00,21.00,126.00,19.00,150.00,16.0000,'2019-04-02 10:15:56','2019-04-02 10:15:56','\0'),(1936,3735,19,1190.00,19.00,20.00,238.00,1429.00,19.00,1700.00,0.0000,'2019-04-02 10:15:56','2019-04-02 10:15:56','\0'),(1937,3736,19,1891.00,19.00,20.00,378.00,2269.00,19.00,2700.00,37.0000,'2019-04-02 10:15:56','2019-04-02 10:15:56','\0'),(1938,3737,19,980.00,19.00,20.00,196.00,1176.00,19.00,1400.00,0.0000,'2019-04-02 10:15:56','2019-04-02 10:15:56','\0'),(1939,3738,19,1961.00,19.00,20.00,392.00,2353.00,19.00,2800.00,0.0000,'2019-04-02 10:15:56','2019-04-02 10:15:56','\0'),(1940,3739,19,245.00,19.00,20.00,49.00,294.00,19.00,350.00,0.0000,'2019-04-02 10:15:56','2019-04-02 10:15:56','\0'),(1941,3740,19,4877.00,19.00,12.00,585.00,5462.00,19.00,6500.00,6.0000,'2019-04-02 10:15:56','2019-04-02 10:15:56','\0'),(1942,3741,19,1351.00,19.00,12.00,162.00,1513.00,19.00,1800.00,22.0000,'2019-04-02 10:15:56','2019-04-02 10:15:56','\0'),(1943,3742,2,5627.00,19.00,12.00,675.00,6303.00,19.00,7500.00,0.0000,'2019-04-02 11:17:31','2019-04-02 11:17:31','\0'),(1944,3743,2,375.00,19.00,12.00,45.00,420.00,19.00,500.00,0.0000,'2019-04-02 11:17:31','2019-04-02 11:17:31','\0'),(1945,3744,19,6002.00,19.00,12.00,720.00,6723.00,19.00,8000.00,1.0000,'2019-04-02 10:15:56','2019-04-02 10:15:56','\0'),(1946,3745,19,6002.00,19.00,12.00,720.00,6723.00,19.00,8000.00,9.0000,'2019-04-02 10:15:56','2019-04-02 10:15:56','\0'),(1947,3746,19,750.00,19.00,12.00,90.00,840.00,19.00,1000.00,107.0000,'2019-04-02 10:15:56','2019-04-02 10:15:56','\0'),(1948,3747,3,1827.00,19.00,15.00,274.00,2101.00,19.00,2500.00,23.0000,'2019-04-02 10:15:56','2019-04-02 10:15:56','\0'),(1949,3748,19,7128.00,19.00,12.00,855.00,7983.00,19.00,9500.00,0.0000,'2019-04-02 10:15:56','2019-04-02 10:15:56','\0'),(1950,3749,21,6.00,19.00,12.00,1.00,7.00,19.00,8.00,5.0000,'2019-04-02 10:15:56','2019-04-02 10:15:56','\0'),(1951,3750,3,5480.00,19.00,15.00,822.00,6303.00,19.00,7500.00,27.0000,'2019-04-02 10:15:56','2019-04-02 10:15:56','\0'),(1952,3751,8,2.00,19.00,12.00,0.00,3.00,19.00,3.00,48.0000,'2019-04-02 10:15:56','2019-04-02 10:15:56','\0'),(1953,3752,19,3654.00,19.00,15.00,548.00,4202.00,19.00,5000.00,4.0000,'2019-04-02 10:15:56','2019-04-02 10:15:56','\0'),(1954,3753,8,6.00,19.00,12.00,1.00,6.00,19.00,7.00,10.0000,'2019-04-02 10:15:56','2019-04-02 10:15:56','\0'),(1955,3754,8,14.00,19.00,12.00,2.00,16.00,19.00,19.00,443.0000,'2019-04-02 10:15:56','2019-04-02 10:15:56','\0'),(1956,3755,8,14.00,19.00,12.00,2.00,16.00,19.00,19.00,663.0000,'2019-04-02 10:15:56','2019-04-02 10:15:56','\0'),(1957,3756,2,2411.00,19.00,15.00,362.00,2773.00,19.00,3300.00,11.0000,'2019-04-02 10:15:56','2019-04-02 10:15:56','\0'),(1958,3757,2,1461.00,19.00,15.00,219.00,1681.00,19.00,2000.00,14.0000,'2019-04-02 10:15:56','2019-04-02 10:15:56','\0'),(1959,3758,2,7453.00,19.00,15.00,1118.00,8571.00,19.00,10200.00,0.0000,'2019-04-02 10:15:56','2019-04-02 10:15:56','\0'),(1960,3759,2,1096.00,19.00,15.00,164.00,1261.00,19.00,1500.00,20.0000,'2019-04-02 10:15:56','2019-04-02 10:15:56','\0'),(1961,3760,19,14.00,19.00,12.00,2.00,16.00,19.00,19.00,135.0000,'2019-04-02 10:15:56','2019-04-02 10:15:56','\0'),(1962,3761,8,9.00,19.00,12.00,1.00,10.00,19.00,12.00,25.0000,'2019-04-02 10:15:56','2019-04-02 10:15:56','\0'),(1963,3762,19,900.00,19.00,12.00,108.00,1008.00,19.00,1200.00,43.0000,'2019-04-02 10:15:56','2019-04-02 10:15:56','\0'),(1964,3763,9,14.00,19.00,12.00,2.00,16.00,19.00,19.00,0.0000,'2019-04-02 10:15:56','2019-04-02 10:15:56','\0'),(1965,3764,19,4502.00,19.00,12.00,540.00,5042.00,19.00,6000.00,1.0000,'2019-04-02 10:15:56','2019-04-02 10:15:56','\0'),(1966,3765,19,5252.00,19.00,12.00,630.00,5882.00,19.00,7000.00,0.0000,'2019-04-02 10:15:56','2019-04-02 10:15:56','\0'),(1967,3766,19,4502.00,19.00,12.00,540.00,5042.00,19.00,6000.00,3.0000,'2019-04-02 10:15:56','2019-04-02 10:15:56','\0'),(1968,3767,2,4019.00,19.00,15.00,603.00,4622.00,19.00,5500.00,38.0000,'2019-04-02 10:15:56','2019-04-02 10:15:56','\0'),(1969,3768,19,1827.00,19.00,15.00,274.00,2101.00,19.00,2500.00,0.0000,'2019-04-02 10:15:56','2019-04-02 10:15:56','\0'),(1970,3769,8,13.00,19.00,12.00,2.00,14.00,19.00,17.00,0.0000,'2019-04-02 10:15:56','2019-04-02 10:15:56','\0'),(1971,3770,2,950.00,19.00,15.00,142.00,1092.00,19.00,1300.00,0.0000,'2019-04-02 10:15:56','2019-04-02 10:15:56','\0'),(1972,3771,2,2923.00,19.00,15.00,438.00,3361.00,19.00,4000.00,23.0000,'2019-04-02 10:15:56','2019-04-02 10:15:56','\0'),(1973,3772,19,1050.00,19.00,12.00,126.00,1176.00,19.00,1400.00,0.0000,'2019-04-02 10:15:56','2019-04-02 10:15:56','\0'),(1974,3773,19,3526.00,19.00,12.00,423.00,3950.00,19.00,4700.00,7.0000,'2019-04-02 10:15:56','2019-04-02 10:15:56','\0'),(1975,3774,8,3.00,19.00,12.00,0.00,3.00,19.00,4.00,60.0000,'2019-04-02 10:15:56','2019-04-02 10:15:56','\0'),(1976,3775,8,4.00,19.00,12.00,0.00,5.00,19.00,5.00,30.0000,'2019-04-02 10:15:56','2019-04-02 10:15:56','\0'),(1977,3776,13,1681.00,19.00,20.00,336.00,2017.00,19.00,2400.00,84.0000,'2019-04-02 10:15:56','2019-04-02 10:15:56','\0'),(1978,3777,8,1.00,19.00,12.00,0.00,1.00,19.00,2.00,245.0000,'2019-04-02 10:15:56','2019-04-02 10:15:56','\0'),(1979,3778,19,1169.00,19.00,15.00,175.00,1345.00,19.00,1600.00,21.0000,'2019-04-02 10:15:56','2019-04-02 10:15:56','\0'),(1980,3779,8,2.00,19.00,12.00,0.00,2.00,19.00,2.00,51.0000,'2019-04-02 10:15:56','2019-04-02 10:15:56','\0'),(1981,3780,11,2101.00,19.00,12.00,252.00,2353.00,19.00,2800.00,0.0000,'2019-04-02 10:15:56','2019-04-02 10:15:56','\0'),(1982,3781,19,295.00,0.00,12.00,35.00,0.00,0.00,330.00,20.0000,'2019-04-02 10:15:56','2019-04-02 10:15:56','\0'),(1983,3782,19,8393.00,0.00,12.00,1007.00,0.00,0.00,9400.00,6.0000,'2019-04-02 10:15:56','2019-04-02 10:15:56','\0'),(1984,3783,8,39.00,19.00,12.00,5.00,44.00,19.00,52.00,349.0000,'2019-04-02 10:15:56','2019-04-02 10:15:56','\0'),(1985,3784,19,140.00,19.00,20.00,28.00,168.00,19.00,200.00,0.0000,'2019-04-02 10:15:56','2019-04-02 10:15:56','\0'),(1986,3785,19,140.00,19.00,20.00,28.00,168.00,19.00,200.00,0.0000,'2019-04-02 10:15:56','2019-04-02 10:15:56','\0'),(1987,3786,13,5252.00,19.00,12.00,630.00,5882.00,19.00,7000.00,0.0000,'2019-04-02 10:15:56','2019-04-02 10:15:56','\0'),(1988,3787,13,4877.00,19.00,12.00,585.00,5462.00,19.00,6500.00,0.0000,'2019-04-02 10:15:56','2019-04-02 10:15:56','\0'),(1989,3788,13,2551.00,19.00,12.00,306.00,2857.00,19.00,3400.00,12.0000,'2019-04-02 10:15:56','2019-04-02 10:15:56','\0'),(1990,3789,13,4877.00,19.00,12.00,585.00,5462.00,19.00,6500.00,0.0000,'2019-04-02 10:15:56','2019-04-02 10:15:56','\0'),(1991,3790,13,5402.00,19.00,12.00,648.00,6050.00,19.00,7200.00,0.0000,'2019-04-02 10:15:56','2019-04-02 10:15:56','\0'),(1992,3791,13,5027.00,19.00,12.00,603.00,5630.00,19.00,6700.00,1.0000,'2019-04-02 10:15:56','2019-04-02 10:15:56','\0'),(1993,3792,13,6528.00,19.00,12.00,783.00,7311.00,19.00,8700.00,30.0000,'2019-04-02 10:15:56','2019-04-02 10:15:56','\0'),(1994,3793,13,5252.00,19.00,12.00,630.00,5882.00,19.00,7000.00,4.0000,'2019-04-02 10:15:56','2019-04-02 10:15:56','\0'),(1995,3794,13,4877.00,19.00,12.00,585.00,5462.00,19.00,6500.00,0.0000,'2019-04-02 10:15:56','2019-04-02 10:15:56','\0'),(1996,3795,3,950.00,19.00,15.00,142.00,1092.00,19.00,1300.00,0.0000,'2019-04-02 10:15:56','2019-04-02 10:15:56','\0'),(1997,3796,3,1096.00,19.00,15.00,164.00,1261.00,19.00,1500.00,24.0000,'2019-04-02 10:15:56','2019-04-02 10:15:56','\0'),(1998,3797,19,126.00,19.00,20.00,25.00,151.00,19.00,180.00,0.0000,'2019-04-02 10:15:56','2019-04-02 10:15:56','\0'),(1999,3798,2,1656.00,5.00,15.00,248.00,1905.00,5.00,2000.00,49.0000,'2019-04-02 10:15:56','2019-04-02 10:15:56','\0'),(2000,3799,10,4019.00,19.00,15.00,603.00,4622.00,19.00,5500.00,22.0000,'2019-04-02 10:15:56','2019-04-02 10:15:56','\0'),(2001,3800,2,994.00,5.00,15.00,149.00,1143.00,5.00,1200.00,35.0000,'2019-04-02 10:15:56','2019-04-02 10:15:56','\0'),(2002,3801,2,745.00,5.00,15.00,112.00,857.00,5.00,900.00,19.0000,'2019-04-02 10:15:56','2019-04-02 10:15:56','\0'),(2003,3802,8,10.00,19.00,12.00,1.00,11.00,19.00,13.00,21.0000,'2019-04-02 10:15:56','2019-04-02 10:15:56','\0'),(2004,3803,2,1822.00,5.00,15.00,273.00,2095.00,5.00,2200.00,8.0000,'2019-04-02 10:15:56','2019-04-02 10:15:56','\0'),(2005,3804,19,2401.00,19.00,12.00,288.00,2689.00,19.00,3200.00,0.0000,'2019-04-02 10:15:56','2019-04-02 10:15:56','\0'),(2006,3805,8,5.00,19.00,12.00,1.00,6.00,19.00,7.00,7.0000,'2019-04-02 10:15:56','2019-04-02 10:15:56','\0'),(2007,3806,8,22.00,0.00,12.00,3.00,0.00,0.00,25.00,0.0000,'2019-04-02 10:15:56','2019-04-02 10:15:56','\0'),(2008,3807,8,14.00,19.00,12.00,2.00,16.00,19.00,19.00,3.0000,'2019-04-02 10:15:56','2019-04-02 10:15:56','\0'),(2009,3808,10,11905.00,19.00,20.00,2381.00,14286.00,19.00,17000.00,7.0000,'2019-04-02 10:15:56','2019-04-02 10:15:56','\0'),(2010,3809,10,1891.00,19.00,20.00,378.00,2269.00,19.00,2700.00,20.0000,'2019-04-02 10:15:56','2019-04-02 10:15:56','\0'),(2011,3810,10,2591.00,19.00,20.00,518.00,3109.00,19.00,3700.00,0.0000,'2019-04-02 10:15:56','2019-04-02 10:15:56','\0'),(2012,3811,13,8628.00,19.00,12.00,1035.00,9664.00,19.00,11500.00,24.0000,'2019-04-02 10:15:56','2019-04-02 10:15:56','\0'),(2013,3812,13,3676.00,19.00,12.00,441.00,4118.00,19.00,4900.00,69.0000,'2019-04-02 10:15:56','2019-04-02 10:15:56','\0'),(2014,3813,13,10654.00,19.00,12.00,1279.00,11933.00,19.00,14200.00,10.0000,'2019-04-02 10:15:56','2019-04-02 10:15:56','\0'),(2015,3814,13,10129.00,19.00,12.00,1215.00,11345.00,19.00,13500.00,6.0000,'2019-04-02 10:15:56','2019-04-02 10:15:56','\0'),(2016,3815,13,11855.00,19.00,12.00,1423.00,13277.00,19.00,15800.00,3.0000,'2019-04-02 10:15:56','2019-04-02 10:15:56','\0'),(2017,3816,8,12.00,19.00,12.00,1.00,13.00,19.00,16.00,2.0000,'2019-04-02 10:15:56','2019-04-02 10:15:56','\0'),(2018,3817,19,2558.00,19.00,15.00,384.00,2941.00,19.00,3500.00,0.0000,'2019-04-02 10:15:56','2019-04-02 10:15:56','\0'),(2019,3818,19,1125.00,19.00,12.00,135.00,1261.00,19.00,1500.00,2.0000,'2019-04-02 10:15:56','2019-04-02 10:15:56','\0'),(2020,3819,1,580.00,5.00,15.00,87.00,667.00,5.00,700.00,19.0000,'2019-04-02 10:15:56','2019-04-02 10:15:56','\0'),(2021,3820,1,828.00,5.00,15.00,124.00,952.00,5.00,1000.00,2.0000,'2019-04-02 10:15:56','2019-04-02 10:15:56','\0'),(2022,3821,8,0.00,0.00,12.00,0.00,0.00,0.00,0.00,0.0000,'2019-04-02 10:15:56','2019-04-02 10:15:56','\0'),(2023,3822,17,23018.00,19.00,15.00,3453.00,26471.00,19.00,31500.00,22.0000,'2019-04-02 10:15:56','2019-04-02 10:15:56','\0'),(2024,3823,17,20460.00,19.00,15.00,3069.00,23529.00,19.00,28000.00,2.0000,'2019-04-02 10:15:56','2019-04-02 10:15:56','\0'),(2025,3824,3,2119.00,19.00,15.00,318.00,2437.00,19.00,2900.00,21.0000,'2019-04-02 10:15:56','2019-04-02 10:15:56','\0'),(2026,3825,19,7673.00,19.00,15.00,1151.00,8824.00,19.00,10500.00,0.0000,'2019-04-02 10:15:56','2019-04-02 10:15:56','\0'),(2027,3826,13,1401.00,19.00,20.00,280.00,1681.00,19.00,2000.00,41.0000,'2019-04-02 10:15:56','2019-04-02 10:15:56','\0'),(2028,3827,19,1401.00,19.00,20.00,280.00,1681.00,19.00,2000.00,89.0000,'2019-04-02 10:15:56','2019-04-02 10:15:56','\0'),(2029,3828,19,175.00,19.00,20.00,35.00,210.00,19.00,250.00,28.0000,'2019-04-02 10:15:56','2019-04-02 10:15:56','\0'),(2030,3829,19,490.00,19.00,20.00,98.00,588.00,19.00,700.00,6.0000,'2019-04-02 10:15:56','2019-04-02 10:15:56','\0'),(2031,3830,19,350.00,19.00,20.00,70.00,420.00,19.00,500.00,410.0000,'2019-04-02 10:15:56','2019-04-02 10:15:56','\0'),(2032,3831,19,2661.00,19.00,20.00,532.00,3193.00,19.00,3800.00,26.0000,'2019-04-02 10:15:56','2019-04-02 10:15:56','\0'),(2033,3832,13,350.00,19.00,20.00,70.00,420.00,19.00,500.00,0.0000,'2019-04-02 10:15:56','2019-04-02 10:15:56','\0'),(2034,3833,19,0.00,19.00,12.00,0.00,0.00,19.00,0.00,0.0000,'2019-04-02 10:15:56','2019-04-02 10:15:56','\0'),(2035,3834,19,8038.00,19.00,15.00,1206.00,9244.00,19.00,11000.00,0.0000,'2019-04-02 10:15:56','2019-04-02 10:15:56','\0'),(2036,3835,13,3001.00,19.00,12.00,360.00,3361.00,19.00,4000.00,14.0000,'2019-04-02 10:15:56','2019-04-02 10:15:56','\0'),(2037,3836,13,2401.00,19.00,12.00,288.00,2689.00,19.00,3200.00,0.0000,'2019-04-02 10:15:56','2019-04-02 10:15:56','\0'),(2038,3837,13,4127.00,19.00,12.00,495.00,4622.00,19.00,5500.00,0.0000,'2019-04-02 10:15:56','2019-04-02 10:15:56','\0'),(2039,3838,13,2776.00,19.00,12.00,333.00,3109.00,19.00,3700.00,14.0000,'2019-04-02 10:15:56','2019-04-02 10:15:56','\0'),(2040,3839,13,1951.00,19.00,12.00,234.00,2185.00,19.00,2600.00,12.0000,'2019-04-02 10:15:56','2019-04-02 10:15:56','\0'),(2041,3840,13,0.00,19.00,12.00,0.00,0.00,19.00,0.00,0.0000,'2019-04-02 10:15:56','2019-04-02 10:15:56','\0'),(2042,3841,13,5252.00,19.00,12.00,630.00,5882.00,19.00,7000.00,0.0000,'2019-04-02 10:15:56','2019-04-02 10:15:56','\0'),(2043,3842,19,525.00,19.00,12.00,63.00,588.00,19.00,700.00,30.0000,'2019-04-02 10:15:56','2019-04-02 10:15:56','\0'),(2044,3843,19,1827.00,19.00,15.00,274.00,2101.00,19.00,2500.00,9.0000,'2019-04-02 10:15:56','2019-04-02 10:15:56','\0'),(2045,3844,8,17.00,0.00,12.00,2.00,0.00,0.00,19.00,241.0000,'2019-04-02 10:15:56','2019-04-02 10:15:56','\0'),(2046,3845,19,175.00,19.00,20.00,35.00,210.00,19.00,250.00,0.0000,'2019-04-02 10:15:56','2019-04-02 10:15:56','\0'),(2047,3846,19,175.00,19.00,20.00,35.00,210.00,19.00,250.00,0.0000,'2019-04-02 10:15:56','2019-04-02 10:15:56','\0'),(2048,3847,12,4384.00,19.00,15.00,658.00,5042.00,19.00,6000.00,0.0000,'2019-04-02 10:15:56','2019-04-02 10:15:56','\0'),(2049,3848,13,1471.00,19.00,20.00,294.00,1765.00,19.00,2100.00,41.0000,'2019-04-02 10:15:56','2019-04-02 10:15:56','\0'),(2050,3849,13,1751.00,19.00,20.00,350.00,2101.00,19.00,2500.00,20.0000,'2019-04-02 10:15:56','2019-04-02 10:15:56','\0'),(2051,3850,13,420.00,19.00,20.00,84.00,504.00,19.00,600.00,69.0000,'2019-04-02 10:15:56','2019-04-02 10:15:56','\0'),(2052,3851,13,700.00,19.00,20.00,140.00,840.00,19.00,1000.00,74.0000,'2019-04-02 10:15:56','2019-04-02 10:15:56','\0'),(2053,3852,13,731.00,19.00,15.00,110.00,840.00,19.00,1000.00,1.0000,'2019-04-02 10:15:56','2019-04-02 10:15:56','\0'),(2054,3853,13,675.00,19.00,12.00,81.00,756.00,19.00,900.00,17.0000,'2019-04-02 10:15:56','2019-04-02 10:15:56','\0'),(2055,3854,13,1961.00,19.00,20.00,392.00,2353.00,19.00,2800.00,14.0000,'2019-04-02 10:15:56','2019-04-02 10:15:56','\0'),(2056,3855,13,1611.00,19.00,20.00,322.00,1933.00,19.00,2300.00,16.0000,'2019-04-02 10:15:56','2019-04-02 10:15:56','\0'),(2057,3856,13,2801.00,19.00,20.00,560.00,3361.00,19.00,4000.00,41.0000,'2019-04-02 10:15:56','2019-04-02 10:15:56','\0'),(2058,3857,2,8403.00,19.00,20.00,1681.00,10084.00,19.00,12000.00,0.0000,'2019-04-02 10:15:56','2019-04-02 10:15:56','\0'),(2059,3858,2,8403.00,19.00,20.00,1681.00,10084.00,19.00,12000.00,0.0000,'2019-04-02 10:15:56','2019-04-02 10:15:56','\0'),(2060,3859,2,8403.00,19.00,20.00,1681.00,10084.00,19.00,12000.00,12.0000,'2019-04-02 10:15:56','2019-04-02 10:15:56','\0'),(2061,3860,2,9104.00,19.00,20.00,1821.00,10924.00,19.00,13000.00,0.0000,'2019-04-02 10:15:56','2019-04-02 10:15:56','\0'),(2062,3861,2,8403.00,19.00,20.00,1681.00,10084.00,19.00,12000.00,1.0000,'2019-04-02 10:15:56','2019-04-02 10:15:56','\0'),(2063,3862,19,11905.00,19.00,20.00,2381.00,14286.00,19.00,17000.00,9.0000,'2019-04-02 10:15:56','2019-04-02 10:15:56','\0'),(2064,3863,19,5042.00,19.00,20.00,1008.00,6050.00,19.00,7200.00,20.0000,'2019-04-02 10:15:56','2019-04-02 10:15:56','\0'),(2065,3864,19,1541.00,19.00,20.00,308.00,1849.00,19.00,2200.00,36.0000,'2019-04-02 10:15:56','2019-04-02 10:15:56','\0'),(2066,3865,19,3221.00,19.00,20.00,644.00,3866.00,19.00,4600.00,24.0000,'2019-04-02 10:15:56','2019-04-02 10:15:56','\0'),(2067,3866,13,34314.00,19.00,20.00,6863.00,41176.00,19.00,49000.00,0.0000,'2019-04-02 10:15:56','2019-04-02 10:15:56','\0'),(2068,3867,13,7673.00,19.00,15.00,1151.00,8824.00,19.00,10500.00,16.0000,'2019-04-02 10:15:56','2019-04-02 10:15:56','\0'),(2069,3868,19,1821.00,19.00,20.00,364.00,2185.00,19.00,2600.00,0.0000,'2019-04-02 10:15:56','2019-04-02 10:15:56','\0'),(2070,3869,19,2381.00,19.00,20.00,476.00,2857.00,19.00,3400.00,42.0000,'2019-04-02 10:15:56','2019-04-02 10:15:56','\0'),(2071,3870,19,3081.00,19.00,20.00,616.00,3697.00,19.00,4400.00,33.0000,'2019-04-02 10:15:56','2019-04-02 10:15:56','\0'),(2072,3871,3,4969.00,19.00,15.00,745.00,5714.00,19.00,6800.00,7.0000,'2019-04-02 10:15:56','2019-04-02 10:15:56','\0'),(2073,3872,13,11255.00,19.00,12.00,1351.00,12605.00,19.00,15000.00,2.0000,'2019-04-02 10:15:56','2019-04-02 10:15:56','\0'),(2074,3873,10,2731.00,19.00,20.00,546.00,3277.00,19.00,3900.00,80.0000,'2019-04-02 10:15:56','2019-04-02 10:15:56','\0'),(2075,3874,19,4902.00,19.00,20.00,980.00,5882.00,19.00,7000.00,4.0000,'2019-04-02 10:15:56','2019-04-02 10:15:56','\0'),(2076,3875,15,2101.00,19.00,20.00,420.00,2521.00,19.00,3000.00,0.0000,'2019-04-02 10:15:56','2019-04-02 10:15:56','\0'),(2077,3876,19,0.00,0.00,12.00,0.00,0.00,0.00,0.00,0.0000,'2019-04-02 10:15:56','2019-04-02 10:15:56','\0'),(2078,3877,2,2850.00,19.00,15.00,427.00,3277.00,19.00,3900.00,8.0000,'2019-04-02 10:15:56','2019-04-02 10:15:56','\0'),(2079,3878,19,8769.00,19.00,15.00,1315.00,10084.00,19.00,12000.00,5.0000,'2019-04-02 10:15:56','2019-04-02 10:15:56','\0'),(2080,3879,6,11399.00,19.00,15.00,1710.00,13109.00,19.00,15600.00,1.0000,'2019-04-02 10:15:56','2019-04-02 10:15:56','\0'),(2081,3880,13,210.00,19.00,20.00,42.00,252.00,19.00,300.00,76.0000,'2019-04-02 10:15:56','2019-04-02 10:15:56','\0'),(2082,3881,13,1050.00,19.00,20.00,210.00,1261.00,19.00,1500.00,41.0000,'2019-04-02 10:15:56','2019-04-02 10:15:56','\0'),(2083,3882,13,490.00,19.00,20.00,98.00,588.00,19.00,700.00,23.0000,'2019-04-02 10:15:56','2019-04-02 10:15:56','\0'),(2084,3883,13,490.00,19.00,20.00,98.00,588.00,19.00,700.00,0.0000,'2019-04-02 10:15:56','2019-04-02 10:15:56','\0'),(2085,3884,13,1050.00,19.00,20.00,210.00,1261.00,19.00,1500.00,4.0000,'2019-04-02 10:15:56','2019-04-02 10:15:56','\0'),(2086,3885,13,1050.00,19.00,20.00,210.00,1261.00,19.00,1500.00,40.0000,'2019-04-02 10:15:56','2019-04-02 10:15:56','\0'),(2087,3886,13,1050.00,19.00,20.00,210.00,1261.00,19.00,1500.00,22.0000,'2019-04-02 10:15:56','2019-04-02 10:15:56','\0'),(2088,3887,13,1261.00,19.00,20.00,252.00,1513.00,19.00,1800.00,33.0000,'2019-04-02 10:15:56','2019-04-02 10:15:56','\0'),(2089,3888,13,1681.00,19.00,20.00,336.00,2017.00,19.00,2400.00,10.0000,'2019-04-02 10:15:56','2019-04-02 10:15:56','\0'),(2090,3889,13,1821.00,19.00,20.00,364.00,2185.00,19.00,2600.00,12.0000,'2019-04-02 10:15:56','2019-04-02 10:15:56','\0'),(2091,3890,13,2241.00,19.00,20.00,448.00,2689.00,19.00,3200.00,22.0000,'2019-04-02 10:15:56','2019-04-02 10:15:56','\0'),(2092,3891,13,1611.00,19.00,20.00,322.00,1933.00,19.00,2300.00,7.0000,'2019-04-02 10:15:56','2019-04-02 10:15:56','\0'),(2093,3892,13,2591.00,19.00,20.00,518.00,3109.00,19.00,3700.00,17.0000,'2019-04-02 10:15:56','2019-04-02 10:15:56','\0'),(2094,3893,13,2591.00,19.00,20.00,518.00,3109.00,19.00,3700.00,0.0000,'2019-04-02 10:15:56','2019-04-02 10:15:56','\0'),(2095,3894,13,2591.00,19.00,20.00,518.00,3109.00,19.00,3700.00,0.0000,'2019-04-02 10:15:56','2019-04-02 10:15:56','\0'),(2096,3895,8,4.00,19.00,12.00,1.00,5.00,19.00,6.00,4.0000,'2019-04-02 10:15:56','2019-04-02 10:15:56','\0'),(2097,3896,12,0.00,19.00,15.00,0.00,0.00,19.00,0.00,0.0000,'2019-04-02 10:15:56','2019-04-02 10:15:56','\0'),(2098,3897,3,731.00,19.00,15.00,110.00,840.00,19.00,1000.00,0.0000,'2019-04-02 10:15:56','2019-04-02 10:15:56','\0'),(2099,3898,13,49.00,19.00,20.00,10.00,59.00,19.00,70.00,18.0000,'2019-04-02 10:15:56','2019-04-02 10:15:56','\0'),(2100,3899,19,2326.00,19.00,12.00,279.00,2605.00,19.00,3100.00,8.0000,'2019-04-02 10:15:56','2019-04-02 10:15:56','\0'),(2101,3900,19,2551.00,19.00,12.00,306.00,2857.00,19.00,3400.00,13.0000,'2019-04-02 10:15:56','2019-04-02 10:15:56','\0'),(2102,3901,17,2070.00,5.00,15.00,311.00,2381.00,5.00,2500.00,4.0000,'2019-04-02 10:15:56','2019-04-02 10:15:56','\0'),(2103,3902,17,2981.00,5.00,15.00,447.00,3429.00,5.00,3600.00,1.0000,'2019-04-02 10:15:56','2019-04-02 10:15:56','\0'),(2104,3903,17,4969.00,5.00,15.00,745.00,5714.00,5.00,6000.00,4.0000,'2019-04-02 10:15:56','2019-04-02 10:15:56','\0'),(2105,3904,9,7003.00,19.00,20.00,1401.00,8403.00,19.00,10000.00,3.0000,'2019-04-02 10:15:56','2019-04-02 10:15:56','\0'),(2106,3905,9,11204.00,19.00,20.00,2241.00,13445.00,19.00,16000.00,12.0000,'2019-04-02 10:15:56','2019-04-02 10:15:56','\0'),(2107,3906,13,2981.00,5.00,15.00,447.00,3429.00,5.00,3600.00,0.0000,'2019-04-02 10:15:56','2019-04-02 10:15:56','\0'),(2108,3907,13,5963.00,5.00,15.00,894.00,6857.00,5.00,7200.00,15.0000,'2019-04-02 10:15:56','2019-04-02 10:15:56','\0'),(2109,3908,22,27329.00,5.00,15.00,4099.00,31429.00,5.00,33000.00,0.0000,'2019-04-02 10:15:56','2019-04-02 10:15:56','\0'),(2110,3909,8,26501.00,5.00,15.00,3975.00,30476.00,5.00,32000.00,0.0000,'2019-04-02 10:15:56','2019-04-02 10:15:56','\0'),(2111,3910,13,28157.00,5.00,15.00,4224.00,32381.00,5.00,34000.00,10.0000,'2019-04-02 10:15:56','2019-04-02 10:15:56','\0'),(2112,3911,13,6460.00,5.00,15.00,969.00,7429.00,5.00,7800.00,2.0000,'2019-04-02 10:15:56','2019-04-02 10:15:56','\0'),(2113,3912,13,2319.00,5.00,15.00,348.00,2667.00,5.00,2800.00,1.0000,'2019-04-02 10:15:56','2019-04-02 10:15:56','\0'),(2114,3913,19,27329.00,5.00,15.00,4099.00,31429.00,5.00,33000.00,8.0000,'2019-04-02 10:15:56','2019-04-02 10:15:56','\0'),(2115,3914,8,12.00,5.00,15.00,2.00,13.00,5.00,14.00,4598.0000,'2019-04-02 10:15:56','2019-04-02 10:15:56','\0'),(2116,3915,3,1827.00,19.00,15.00,274.00,2101.00,19.00,2500.00,3.0000,'2019-04-02 10:15:56','2019-04-02 10:15:56','\0'),(2117,3916,19,300.00,19.00,12.00,36.00,336.00,19.00,400.00,56.0000,'2019-04-02 10:15:56','2019-04-02 10:15:56','\0'),(2118,3917,13,5402.00,19.00,12.00,648.00,6050.00,19.00,7200.00,0.0000,'2019-04-02 10:15:56','2019-04-02 10:15:56','\0'),(2119,3918,13,5477.00,19.00,12.00,657.00,6134.00,19.00,7300.00,91.0000,'2019-04-02 10:15:56','2019-04-02 10:15:56','\0'),(2120,3919,13,16882.00,19.00,12.00,2026.00,18908.00,19.00,22500.00,18.0000,'2019-04-02 10:15:56','2019-04-02 10:15:56','\0'),(2121,3920,13,11630.00,19.00,12.00,1396.00,13025.00,19.00,15500.00,0.0000,'2019-04-02 10:15:56','2019-04-02 10:15:56','\0'),(2122,3921,13,2401.00,19.00,12.00,288.00,2689.00,19.00,3200.00,0.0000,'2019-04-02 10:15:56','2019-04-02 10:15:56','\0'),(2123,3922,13,4652.00,19.00,12.00,558.00,5210.00,19.00,6200.00,4.0000,'2019-04-02 10:15:56','2019-04-02 10:15:56','\0'),(2124,3923,13,10204.00,19.00,12.00,1224.00,11429.00,19.00,13600.00,10.0000,'2019-04-02 10:15:56','2019-04-02 10:15:56','\0'),(2125,3924,13,1801.00,19.00,12.00,216.00,2017.00,19.00,2400.00,2.0000,'2019-04-02 10:15:56','2019-04-02 10:15:56','\0'),(2126,3925,13,1876.00,19.00,12.00,225.00,2101.00,19.00,2500.00,1.0000,'2019-04-02 10:15:56','2019-04-02 10:15:56','\0'),(2127,3926,13,2701.00,19.00,12.00,324.00,3025.00,19.00,3600.00,0.0000,'2019-04-02 10:15:56','2019-04-02 10:15:56','\0'),(2128,3927,10,1951.00,19.00,12.00,234.00,2185.00,19.00,2600.00,13.0000,'2019-04-02 10:15:56','2019-04-02 10:15:56','\0'),(2129,3928,13,5477.00,19.00,12.00,657.00,6134.00,19.00,7300.00,20.0000,'2019-04-02 10:15:56','2019-04-02 10:15:56','\0'),(2130,3929,13,2401.00,19.00,12.00,288.00,2689.00,19.00,3200.00,3.0000,'2019-04-02 10:15:56','2019-04-02 10:15:56','\0'),(2131,3930,19,10504.00,19.00,12.00,1261.00,11765.00,19.00,14000.00,0.0000,'2019-04-02 10:15:56','2019-04-02 10:15:56','\0'),(2132,3931,19,4127.00,19.00,12.00,495.00,4622.00,19.00,5500.00,0.0000,'2019-04-02 10:15:56','2019-04-02 10:15:56','\0'),(2133,3932,19,2626.00,19.00,12.00,315.00,2941.00,19.00,3500.00,0.0000,'2019-04-02 10:15:56','2019-04-02 10:15:56','\0'),(2134,3933,19,4502.00,19.00,12.00,540.00,5042.00,19.00,6000.00,1.0000,'2019-04-02 10:15:56','2019-04-02 10:15:56','\0'),(2135,3934,19,4127.00,19.00,12.00,495.00,4622.00,19.00,5500.00,0.0000,'2019-04-02 10:15:56','2019-04-02 10:15:56','\0'),(2136,3935,19,2476.00,19.00,12.00,297.00,2773.00,19.00,3300.00,0.0000,'2019-04-02 10:15:56','2019-04-02 10:15:56','\0'),(2137,3936,2,1096.00,19.00,15.00,164.00,1261.00,19.00,1500.00,15.0000,'2019-04-02 10:15:56','2019-04-02 10:15:56','\0'),(2138,3937,3,2192.00,19.00,15.00,329.00,2521.00,19.00,3000.00,0.0000,'2019-04-02 10:15:56','2019-04-02 10:15:56','\0'),(2139,3938,3,3654.00,19.00,15.00,548.00,4202.00,19.00,5000.00,1.0000,'2019-04-02 10:15:56','2019-04-02 10:15:56','\0'),(2140,3939,3,1242.00,19.00,15.00,186.00,1429.00,19.00,1700.00,6.0000,'2019-04-02 10:15:56','2019-04-02 10:15:56','\0'),(2141,3940,2,1242.00,19.00,15.00,186.00,1429.00,19.00,1700.00,0.0000,'2019-04-02 10:15:56','2019-04-02 10:15:56','\0'),(2142,3941,3,12788.00,19.00,15.00,1918.00,14706.00,19.00,17500.00,2.0000,'2019-04-02 10:15:56','2019-04-02 10:15:56','\0'),(2143,3942,2,12422.00,19.00,15.00,1863.00,14286.00,19.00,17000.00,6.0000,'2019-04-02 10:15:56','2019-04-02 10:15:56','\0'),(2144,3943,6,12715.00,19.00,15.00,1907.00,14622.00,19.00,17400.00,2.0000,'2019-04-02 10:15:56','2019-04-02 10:15:56','\0'),(2145,3944,2,3654.00,19.00,15.00,548.00,4202.00,19.00,5000.00,11.0000,'2019-04-02 10:15:56','2019-04-02 10:15:56','\0'),(2146,3945,3,1096.00,19.00,15.00,164.00,1261.00,19.00,1500.00,20.0000,'2019-04-02 10:15:56','2019-04-02 10:15:56','\0'),(2147,3946,2,1827.00,19.00,15.00,274.00,2101.00,19.00,2500.00,0.0000,'2019-04-02 10:15:56','2019-04-02 10:15:56','\0'),(2148,3947,16,2338.00,19.00,15.00,351.00,2689.00,19.00,3200.00,4.0000,'2019-04-02 10:15:56','2019-04-02 10:15:56','\0'),(2149,3948,6,10596.00,19.00,15.00,1589.00,12185.00,19.00,14500.00,5.0000,'2019-04-02 10:15:56','2019-04-02 10:15:56','\0'),(2150,3949,3,1169.00,19.00,15.00,175.00,1345.00,19.00,1600.00,13.0000,'2019-04-02 10:15:56','2019-04-02 10:15:56','\0'),(2151,3950,3,1242.00,19.00,15.00,186.00,1429.00,19.00,1700.00,6.0000,'2019-04-02 10:15:56','2019-04-02 10:15:56','\0'),(2152,3951,2,11399.00,19.00,15.00,1710.00,13109.00,19.00,15600.00,5.0000,'2019-04-02 10:15:56','2019-04-02 10:15:56','\0'),(2153,3952,2,3507.00,19.00,15.00,526.00,4034.00,19.00,4800.00,17.0000,'2019-04-02 10:15:56','2019-04-02 10:15:56','\0'),(2154,3953,23,10961.00,19.00,15.00,1644.00,12605.00,19.00,15000.00,14.0000,'2019-04-02 10:15:56','2019-04-02 10:15:56','\0'),(2155,3954,6,25210.00,19.00,15.00,3782.00,28992.00,19.00,34500.00,1.0000,'2019-04-02 10:15:56','2019-04-02 10:15:56','\0'),(2156,3955,2,1242.00,19.00,15.00,186.00,1429.00,19.00,1700.00,25.0000,'2019-04-02 10:15:56','2019-04-02 10:15:56','\0'),(2157,3956,2,1973.00,19.00,15.00,296.00,2269.00,19.00,2700.00,11.0000,'2019-04-02 10:15:56','2019-04-02 10:15:56','\0'),(2158,3957,6,23018.00,19.00,15.00,3453.00,26471.00,19.00,31500.00,22.0000,'2019-04-02 10:15:56','2019-04-02 10:15:56','\0'),(2159,3958,6,25210.00,19.00,15.00,3782.00,28992.00,19.00,34500.00,0.0000,'2019-04-02 10:15:56','2019-04-02 10:15:56','\0'),(2160,3959,6,21556.00,19.00,15.00,3233.00,24790.00,19.00,29500.00,13.0000,'2019-04-02 10:15:56','2019-04-02 10:15:56','\0'),(2161,3960,2,1169.00,19.00,15.00,175.00,1345.00,19.00,1600.00,9.0000,'2019-04-02 10:15:56','2019-04-02 10:15:56','\0'),(2162,3961,2,8769.00,19.00,15.00,1315.00,10084.00,19.00,12000.00,0.0000,'2019-04-02 10:15:56','2019-04-02 10:15:56','\0'),(2163,3962,2,2338.00,19.00,15.00,351.00,2689.00,19.00,3200.00,0.0000,'2019-04-02 10:15:56','2019-04-02 10:15:56','\0'),(2164,3963,2,1461.00,19.00,15.00,219.00,1681.00,19.00,2000.00,6.0000,'2019-04-02 10:15:56','2019-04-02 10:15:56','\0'),(2165,3964,23,8038.00,19.00,15.00,1206.00,9244.00,19.00,11000.00,0.0000,'2019-04-02 10:15:56','2019-04-02 10:15:56','\0'),(2166,3965,3,1827.00,19.00,15.00,274.00,2101.00,19.00,2500.00,0.0000,'2019-04-02 10:15:56','2019-04-02 10:15:56','\0'),(2167,3966,3,2777.00,19.00,15.00,417.00,3193.00,19.00,3800.00,3.0000,'2019-04-02 10:15:56','2019-04-02 10:15:56','\0'),(2168,3967,3,4019.00,19.00,15.00,603.00,4622.00,19.00,5500.00,5.0000,'2019-04-02 10:15:56','2019-04-02 10:15:56','\0'),(2169,3968,3,877.00,19.00,15.00,132.00,1008.00,19.00,1200.00,0.0000,'2019-04-02 10:15:56','2019-04-02 10:15:56','\0'),(2170,3969,3,731.00,19.00,15.00,110.00,840.00,19.00,1000.00,7.0000,'2019-04-02 10:15:56','2019-04-02 10:15:56','\0'),(2171,3970,3,1096.00,19.00,15.00,164.00,1261.00,19.00,1500.00,14.0000,'2019-04-02 10:15:56','2019-04-02 10:15:56','\0'),(2172,3971,3,731.00,19.00,15.00,110.00,840.00,19.00,1000.00,10.0000,'2019-04-02 10:15:56','2019-04-02 10:15:56','\0'),(2173,3972,3,950.00,19.00,15.00,142.00,1092.00,19.00,1300.00,0.0000,'2019-04-02 10:15:56','2019-04-02 10:15:56','\0'),(2174,3973,2,1242.00,19.00,15.00,186.00,1429.00,19.00,1700.00,10.0000,'2019-04-02 10:15:56','2019-04-02 10:15:56','\0'),(2175,3974,2,12422.00,19.00,15.00,1863.00,14286.00,19.00,17000.00,14.0000,'2019-04-02 10:15:56','2019-04-02 10:15:56','\0'),(2176,3975,2,3654.00,19.00,15.00,548.00,4202.00,19.00,5000.00,13.0000,'2019-04-02 10:15:56','2019-04-02 10:15:56','\0'),(2177,3976,2,1973.00,19.00,15.00,296.00,2269.00,19.00,2700.00,4.0000,'2019-04-02 10:15:56','2019-04-02 10:15:56','\0'),(2178,3977,3,3507.00,19.00,15.00,526.00,4034.00,19.00,4800.00,5.0000,'2019-04-02 10:15:56','2019-04-02 10:15:56','\0'),(2179,3978,3,1169.00,19.00,15.00,175.00,1345.00,19.00,1600.00,0.0000,'2019-04-02 10:15:56','2019-04-02 10:15:56','\0'),(2180,3979,3,3142.00,19.00,15.00,471.00,3613.00,19.00,4300.00,0.0000,'2019-04-02 10:15:56','2019-04-02 10:15:56','\0'),(2181,3980,3,8769.00,19.00,15.00,1315.00,10084.00,19.00,12000.00,3.0000,'2019-04-02 10:15:56','2019-04-02 10:15:56','\0'),(2182,3981,3,1242.00,19.00,15.00,186.00,1429.00,19.00,1700.00,5.0000,'2019-04-02 10:15:56','2019-04-02 10:15:56','\0'),(2183,3982,2,1315.00,19.00,15.00,197.00,1513.00,19.00,1800.00,8.0000,'2019-04-02 10:15:56','2019-04-02 10:15:56','\0'),(2184,3983,2,12422.00,19.00,15.00,1863.00,14286.00,19.00,17000.00,0.0000,'2019-04-02 10:15:56','2019-04-02 10:15:56','\0'),(2185,3984,2,3654.00,19.00,15.00,548.00,4202.00,19.00,5000.00,3.0000,'2019-04-02 10:15:56','2019-04-02 10:15:56','\0'),(2186,3985,2,2046.00,19.00,15.00,307.00,2353.00,19.00,2800.00,11.0000,'2019-04-02 10:15:56','2019-04-02 10:15:56','\0'),(2187,3986,2,9061.00,19.00,15.00,1359.00,10420.00,19.00,12400.00,14.0000,'2019-04-02 10:15:56','2019-04-02 10:15:56','\0'),(2188,3987,2,2777.00,19.00,15.00,417.00,3193.00,19.00,3800.00,10.0000,'2019-04-02 10:15:56','2019-04-02 10:15:56','\0'),(2189,3988,2,1461.00,19.00,15.00,219.00,1681.00,19.00,2000.00,20.0000,'2019-04-02 10:15:56','2019-04-02 10:15:56','\0'),(2190,3989,23,7673.00,19.00,15.00,1151.00,8824.00,19.00,10500.00,7.0000,'2019-04-02 10:15:56','2019-04-02 10:15:56','\0'),(2191,3990,6,12422.00,19.00,15.00,1863.00,14286.00,19.00,17000.00,8.0000,'2019-04-02 10:15:56','2019-04-02 10:15:56','\0'),(2192,3991,19,1461.00,19.00,15.00,219.00,1681.00,19.00,2000.00,0.0000,'2019-04-02 10:15:56','2019-04-02 10:15:56','\0'),(2193,3992,19,980.00,19.00,20.00,196.00,1176.00,19.00,1400.00,0.0000,'2019-04-02 10:15:56','2019-04-02 10:15:56','\0'),(2194,3993,19,1681.00,19.00,20.00,336.00,2017.00,19.00,2400.00,0.0000,'2019-04-02 10:15:56','2019-04-02 10:15:56','\0'),(2195,3994,19,980.00,19.00,20.00,196.00,1176.00,19.00,1400.00,0.0000,'2019-04-02 10:15:56','2019-04-02 10:15:56','\0'),(2196,3995,19,980.00,19.00,20.00,196.00,1176.00,19.00,1400.00,0.0000,'2019-04-02 10:15:56','2019-04-02 10:15:56','\0'),(2197,3996,19,105.00,19.00,20.00,21.00,126.00,19.00,150.00,0.0000,'2019-04-02 10:15:56','2019-04-02 10:15:56','\0'),(2198,3997,3,731.00,19.00,15.00,110.00,840.00,19.00,1000.00,0.0000,'2019-04-02 10:15:56','2019-04-02 10:15:56','\0'),(2199,3998,19,1608.00,19.00,15.00,241.00,1849.00,19.00,2200.00,10.0000,'2019-04-02 10:15:56','2019-04-02 10:15:56','\0'),(2200,3999,2,2733.00,5.00,15.00,410.00,3143.00,5.00,3300.00,2.0000,'2019-04-02 10:15:56','2019-04-02 10:15:56','\0'),(2201,4000,2,2899.00,5.00,15.00,435.00,3333.00,5.00,3500.00,4.0000,'2019-04-02 10:15:56','2019-04-02 10:15:56','\0'),(2202,4001,19,2401.00,19.00,12.00,288.00,2689.00,19.00,3200.00,2.0000,'2019-04-02 10:15:56','2019-04-02 10:15:56','\0'),(2203,4002,13,17257.00,19.00,12.00,2071.00,19328.00,19.00,23000.00,44.0000,'2019-04-02 10:15:56','2019-04-02 10:15:56','\0'),(2204,4003,19,2101.00,19.00,12.00,252.00,2353.00,19.00,2800.00,4.0000,'2019-04-02 10:15:56','2019-04-02 10:15:56','\0'),(2205,4004,13,15006.00,19.00,12.00,1801.00,16807.00,19.00,20000.00,11.0000,'2019-04-02 10:15:56','2019-04-02 10:15:56','\0'),(2206,4005,13,2251.00,19.00,12.00,270.00,2521.00,19.00,3000.00,0.0000,'2019-04-02 10:15:56','2019-04-02 10:15:56','\0'),(2207,4006,19,1951.00,19.00,12.00,234.00,2185.00,19.00,2600.00,5.0000,'2019-04-02 10:15:56','2019-04-02 10:15:56','\0'),(2208,4007,13,13881.00,19.00,12.00,1666.00,15546.00,19.00,18500.00,1.0000,'2019-04-02 10:15:56','2019-04-02 10:15:56','\0'),(2209,4008,13,9004.00,19.00,12.00,1080.00,10084.00,19.00,12000.00,9.0000,'2019-04-02 10:15:56','2019-04-02 10:15:56','\0'),(2210,4009,13,0.00,19.00,12.00,0.00,0.00,19.00,0.00,4.0000,'2019-04-02 10:15:56','2019-04-02 10:15:56','\0'),(2211,4010,19,231.00,19.00,20.00,46.00,277.00,19.00,330.00,102.0000,'2019-04-02 10:15:56','2019-04-02 10:15:56','\0'),(2212,4011,13,2031.00,19.00,20.00,406.00,2437.00,19.00,2900.00,0.0000,'2019-04-02 10:15:56','2019-04-02 10:15:56','\0'),(2213,4012,13,2661.00,19.00,20.00,532.00,3193.00,19.00,3800.00,8.0000,'2019-04-02 10:15:56','2019-04-02 10:15:56','\0'),(2214,4013,13,2031.00,19.00,20.00,406.00,2437.00,19.00,2900.00,0.0000,'2019-04-02 10:15:56','2019-04-02 10:15:56','\0'),(2215,4014,13,2192.00,19.00,15.00,329.00,2521.00,19.00,3000.00,11.0000,'2019-04-02 10:15:56','2019-04-02 10:15:56','\0'),(2216,4015,13,0.00,19.00,12.00,0.00,0.00,19.00,0.00,3.0000,'2019-04-02 11:17:31','2019-04-02 11:17:31','\0'),(2217,4016,13,7878.00,19.00,12.00,945.00,8824.00,19.00,10500.00,6.0000,'2019-04-02 10:15:56','2019-04-02 10:15:56','\0'),(2218,4017,8,36.00,0.00,12.00,4.00,0.00,0.00,40.00,253.0000,'2019-04-02 10:15:56','2019-04-02 10:15:56','\0'),(2219,4018,19,5480.00,19.00,15.00,822.00,6303.00,19.00,7500.00,7.0000,'2019-04-02 10:15:56','2019-04-02 10:15:56','\0'),(2220,4019,19,5480.00,19.00,15.00,822.00,6303.00,19.00,7500.00,1.0000,'2019-04-02 10:15:56','2019-04-02 10:15:56','\0'),(2221,4020,19,175.00,19.00,20.00,35.00,210.00,19.00,250.00,0.0000,'2019-04-02 10:15:56','2019-04-02 10:15:56','\0'),(2222,4021,8,7.00,19.00,12.00,1.00,8.00,19.00,10.00,14.0000,'2019-04-02 10:15:56','2019-04-02 10:15:56','\0'),(2223,4022,13,3501.00,19.00,20.00,700.00,4202.00,19.00,5000.00,10.0000,'2019-04-02 10:15:56','2019-04-02 10:15:56','\0'),(2224,4023,13,980.00,19.00,20.00,196.00,1176.00,19.00,1400.00,30.0000,'2019-04-02 10:15:56','2019-04-02 10:15:56','\0'),(2225,4024,13,2521.00,19.00,20.00,504.00,3025.00,19.00,3600.00,0.0000,'2019-04-02 10:15:56','2019-04-02 10:15:56','\0'),(2226,4025,13,2521.00,19.00,20.00,504.00,3025.00,19.00,3600.00,0.0000,'2019-04-02 10:15:56','2019-04-02 10:15:56','\0'),(2227,4026,13,630.00,19.00,20.00,126.00,756.00,19.00,900.00,7.0000,'2019-04-02 10:15:56','2019-04-02 10:15:56','\0'),(2228,4027,13,1050.00,19.00,20.00,210.00,1261.00,19.00,1500.00,19.0000,'2019-04-02 10:15:56','2019-04-02 10:15:56','\0'),(2229,4028,13,1050.00,19.00,20.00,210.00,1261.00,19.00,1500.00,24.0000,'2019-04-02 10:15:56','2019-04-02 10:15:56','\0'),(2230,4029,13,560.00,19.00,20.00,112.00,672.00,19.00,800.00,41.0000,'2019-04-02 10:15:56','2019-04-02 10:15:56','\0'),(2231,4030,13,1050.00,19.00,20.00,210.00,1261.00,19.00,1500.00,0.0000,'2019-04-02 10:15:56','2019-04-02 10:15:56','\0'),(2232,4031,13,1120.00,19.00,20.00,224.00,1345.00,19.00,1600.00,17.0000,'2019-04-02 10:15:56','2019-04-02 10:15:56','\0'),(2233,4032,13,910.00,19.00,20.00,182.00,1092.00,19.00,1300.00,19.0000,'2019-04-02 10:15:56','2019-04-02 10:15:56','\0'),(2234,4033,13,2941.00,19.00,20.00,588.00,3529.00,19.00,4200.00,23.0000,'2019-04-02 10:15:56','2019-04-02 10:15:56','\0'),(2235,4034,13,2941.00,19.00,20.00,588.00,3529.00,19.00,4200.00,26.0000,'2019-04-02 10:15:56','2019-04-02 10:15:56','\0'),(2236,4035,13,2941.00,19.00,20.00,588.00,3529.00,19.00,4200.00,0.0000,'2019-04-02 10:15:56','2019-04-02 10:15:56','\0'),(2237,4036,13,1190.00,19.00,20.00,238.00,1429.00,19.00,1700.00,12.0000,'2019-04-02 10:15:56','2019-04-02 10:15:56','\0'),(2238,4037,13,840.00,19.00,20.00,168.00,1008.00,19.00,1200.00,17.0000,'2019-04-02 10:15:56','2019-04-02 10:15:56','\0'),(2239,4038,13,560.00,19.00,20.00,112.00,672.00,19.00,800.00,8.0000,'2019-04-02 10:15:56','2019-04-02 10:15:56','\0'),(2240,4039,13,2521.00,19.00,20.00,504.00,3025.00,19.00,3600.00,13.0000,'2019-04-02 10:15:56','2019-04-02 10:15:56','\0'),(2241,4040,13,2241.00,19.00,20.00,448.00,2689.00,19.00,3200.00,0.0000,'2019-04-02 10:15:56','2019-04-02 10:15:56','\0'),(2242,4041,13,2381.00,19.00,20.00,476.00,2857.00,19.00,3400.00,0.0000,'2019-04-02 10:15:56','2019-04-02 10:15:56','\0'),(2243,4042,13,3288.00,19.00,15.00,493.00,3782.00,19.00,4500.00,3.0000,'2019-04-02 10:15:56','2019-04-02 10:15:56','\0'),(2244,4043,19,658.00,19.00,15.00,99.00,756.00,19.00,900.00,52.0000,'2019-04-02 10:15:56','2019-04-02 10:15:56','\0'),(2245,4044,19,1096.00,19.00,15.00,164.00,1261.00,19.00,1500.00,7.0000,'2019-04-02 10:15:56','2019-04-02 10:15:56','\0'),(2246,4045,3,9207.00,19.00,15.00,1381.00,10588.00,19.00,12600.00,2.0000,'2019-04-02 10:15:56','2019-04-02 10:15:56','\0'),(2247,4046,3,1827.00,19.00,15.00,274.00,2101.00,19.00,2500.00,0.0000,'2019-04-02 10:15:56','2019-04-02 10:15:56','\0'),(2248,4047,3,2558.00,19.00,15.00,384.00,2941.00,19.00,3500.00,0.0000,'2019-04-02 10:15:56','2019-04-02 10:15:56','\0'),(2249,4048,3,3288.00,19.00,15.00,493.00,3782.00,19.00,4500.00,4.0000,'2019-04-02 10:15:56','2019-04-02 10:15:56','\0'),(2250,4049,3,731.00,19.00,15.00,110.00,840.00,19.00,1000.00,7.0000,'2019-04-02 10:15:56','2019-04-02 10:15:56','\0'),(2251,4050,3,3361.00,19.00,15.00,504.00,3866.00,19.00,4600.00,16.0000,'2019-04-02 10:15:56','2019-04-02 10:15:56','\0'),(2252,4051,3,877.00,19.00,15.00,132.00,1008.00,19.00,1200.00,12.0000,'2019-04-02 10:15:56','2019-04-02 10:15:56','\0'),(2253,4052,3,950.00,19.00,15.00,142.00,1092.00,19.00,1300.00,3.0000,'2019-04-02 10:15:56','2019-04-02 10:15:56','\0'),(2254,4053,3,950.00,19.00,15.00,142.00,1092.00,19.00,1300.00,11.0000,'2019-04-02 10:15:56','2019-04-02 10:15:56','\0'),(2255,4054,8,5.00,19.00,12.00,1.00,5.00,19.00,6.00,10.0000,'2019-04-02 10:15:56','2019-04-02 10:15:56','\0'),(2256,4055,19,2241.00,19.00,20.00,448.00,2689.00,19.00,3200.00,13.0000,'2019-04-02 10:15:56','2019-04-02 10:15:56','\0'),(2257,4056,3,731.00,19.00,15.00,110.00,840.00,19.00,1000.00,2.0000,'2019-04-02 10:15:56','2019-04-02 10:15:56','\0'),(2258,4057,3,1096.00,19.00,15.00,164.00,1261.00,19.00,1500.00,18.0000,'2019-04-02 10:15:56','2019-04-02 10:15:56','\0'),(2259,4058,3,1461.00,19.00,15.00,219.00,1681.00,19.00,2000.00,4.0000,'2019-04-02 10:15:56','2019-04-02 10:15:56','\0'),(2260,4059,20,1408.00,5.00,15.00,211.00,1619.00,5.00,1700.00,0.0000,'2019-04-02 10:15:56','2019-04-02 10:15:56','\0'),(2261,4060,15,7453.00,5.00,15.00,1118.00,8571.00,5.00,9000.00,1.0000,'2019-04-02 10:15:56','2019-04-02 10:15:56','\0'),(2262,4061,20,1242.00,5.00,15.00,186.00,1429.00,5.00,1500.00,22.0000,'2019-04-02 10:15:56','2019-04-02 10:15:56','\0');
/*!40000 ALTER TABLE `measurement_unit_product` ENABLE KEYS */;
UNLOCK TABLES;

--
-- Table structure for table `menu`
--

DROP TABLE IF EXISTS `menu`;
/*!40101 SET @saved_cs_client     = @@character_set_client */;
/*!40101 SET character_set_client = utf8 */;
CREATE TABLE `menu` (
  `id` bigint(20) NOT NULL AUTO_INCREMENT,
  `name` varchar(50) NOT NULL,
  `creation_date` timestamp NOT NULL DEFAULT CURRENT_TIMESTAMP ON UPDATE CURRENT_TIMESTAMP,
  `modify_date` timestamp NOT NULL DEFAULT CURRENT_TIMESTAMP ON UPDATE CURRENT_TIMESTAMP,
  `archived` bit(1) NOT NULL DEFAULT b'0',
  PRIMARY KEY (`id`)
) ENGINE=InnoDB AUTO_INCREMENT=27 DEFAULT CHARSET=latin1;
/*!40101 SET character_set_client = @saved_cs_client */;

--
-- Dumping data for table `menu`
--

LOCK TABLES `menu` WRITE;
/*!40000 ALTER TABLE `menu` DISABLE KEYS */;
INSERT INTO `menu` VALUES (1,'Productos','2019-01-24 00:39:42','2019-01-24 00:39:42','\0'),(2,'Inventario','2019-01-24 00:39:42','2019-01-24 00:39:42','\0'),(3,'Movimientos','2019-01-24 00:39:42','2019-01-24 00:39:42','\0'),(4,'Compras','2019-01-24 00:39:42','2019-01-24 00:39:42','\0'),(5,'Bodegas','2019-01-24 00:39:42','2019-01-24 00:39:42','\0'),(6,'Ventas','2019-01-24 00:39:42','2019-01-24 00:39:42','\0'),(7,'Reportes','2019-01-24 00:39:42','2019-01-24 00:39:42','\0'),(8,'Proveedores','2019-01-24 00:39:42','2019-01-24 00:39:42','\0'),(9,'Clientes','2019-01-24 00:39:42','2019-01-24 00:39:42','\0'),(10,'Facturas de Compra','2019-01-24 01:58:43','2019-01-24 01:58:43','\0'),(11,'Facturas de Venta','2019-01-24 01:58:43','2019-01-24 01:58:43','\0'),(12,'Reporte de Ventas','2019-01-24 01:58:43','2019-01-24 01:58:43','\0'),(13,'Reporte de Compras','2019-01-24 01:58:43','2019-01-24 01:58:43','\0'),(14,'Personas','2019-01-24 02:43:22','2019-01-24 02:43:22','\0'),(15,'Facturas','2019-01-24 02:47:28','2019-01-24 02:47:28','\0'),(16,'Administración','2019-01-24 23:40:47','2019-01-24 23:40:47','\0'),(17,'Usuarios','2019-01-24 23:40:57','2019-01-24 23:40:57','\0'),(18,'Roles','2019-02-03 00:36:31','2019-02-03 00:36:31','\0'),(19,'Reporte de Productos','2019-02-03 00:36:31','2019-02-03 00:36:31','\0'),(20,'Conciliaciones','2019-02-03 00:36:31','2019-02-03 00:36:31','\0'),(21,'Cuadre vendedor','2019-02-07 23:28:41','2019-02-07 23:28:41','\0'),(22,'Recaudos','2019-02-05 08:53:01','2019-02-05 08:53:01','\0'),(23,'Egresos','2019-02-07 15:37:00','2019-02-07 22:07:27','\0'),(24,'Cuadre administrador','2019-02-07 18:28:04','2019-02-07 23:28:50','\0'),(25,'Devoluciones','2019-02-21 02:20:02','2019-02-21 02:20:02','\0'),(26,'Lotes','2019-03-10 18:02:56','2019-03-10 18:02:56','\0');
/*!40000 ALTER TABLE `menu` ENABLE KEYS */;
UNLOCK TABLES;

--
-- Table structure for table `mu_equivalence`
--

DROP TABLE IF EXISTS `mu_equivalence`;
/*!40101 SET @saved_cs_client     = @@character_set_client */;
/*!40101 SET character_set_client = utf8 */;
CREATE TABLE `mu_equivalence` (
  `id` bigint(20) NOT NULL AUTO_INCREMENT,
  `mu_source` bigint(20) NOT NULL,
  `mu_target` bigint(20) NOT NULL,
  `mu_source_factor` varchar(20) DEFAULT NULL,
  `mu_target_factor` varchar(20) DEFAULT NULL,
  `creation_date` timestamp NOT NULL DEFAULT CURRENT_TIMESTAMP ON UPDATE CURRENT_TIMESTAMP,
  `modify_date` timestamp NOT NULL DEFAULT CURRENT_TIMESTAMP ON UPDATE CURRENT_TIMESTAMP,
  `archived` bit(1) NOT NULL DEFAULT b'0',
  PRIMARY KEY (`id`),
  UNIQUE KEY `mu_source_target` (`mu_source`,`mu_target`),
  KEY `mu_source_idx` (`mu_source`),
  KEY `mu_target_fk_idx` (`mu_target`),
  CONSTRAINT `mu_source_fk` FOREIGN KEY (`mu_source`) REFERENCES `measurement_unit` (`id`) ON DELETE NO ACTION ON UPDATE NO ACTION,
  CONSTRAINT `mu_target_fk` FOREIGN KEY (`mu_target`) REFERENCES `measurement_unit` (`id`) ON DELETE NO ACTION ON UPDATE NO ACTION
) ENGINE=InnoDB AUTO_INCREMENT=3 DEFAULT CHARSET=latin1;
/*!40101 SET character_set_client = @saved_cs_client */;

--
-- Dumping data for table `mu_equivalence`
--

LOCK TABLES `mu_equivalence` WRITE;
/*!40000 ALTER TABLE `mu_equivalence` DISABLE KEYS */;
INSERT INTO `mu_equivalence` VALUES (1,9,8,'1','1000','2019-02-27 03:42:01','2019-02-27 03:42:01','\0'),(2,8,9,'1','0.001','2019-02-27 04:42:20','2019-02-27 04:42:20','\0');
/*!40000 ALTER TABLE `mu_equivalence` ENABLE KEYS */;
UNLOCK TABLES;

--
-- Table structure for table `municipios`
--

DROP TABLE IF EXISTS `municipios`;
/*!40101 SET @saved_cs_client     = @@character_set_client */;
/*!40101 SET character_set_client = utf8 */;
CREATE TABLE `municipios` (
  `id_municipio` int(6) unsigned NOT NULL AUTO_INCREMENT,
  `municipio` varchar(255) NOT NULL DEFAULT '',
  `estado` int(1) unsigned NOT NULL,
  `departamento_id` int(2) unsigned NOT NULL,
  PRIMARY KEY (`id_municipio`),
  KEY `departamento_id` (`departamento_id`)
) ENGINE=InnoDB DEFAULT CHARSET=latin1;
/*!40101 SET character_set_client = @saved_cs_client */;

--
-- Dumping data for table `municipios`
--

LOCK TABLES `municipios` WRITE;
/*!40000 ALTER TABLE `municipios` DISABLE KEYS */;
/*!40000 ALTER TABLE `municipios` ENABLE KEYS */;
UNLOCK TABLES;

--
-- Table structure for table `payment_document_type`
--

DROP TABLE IF EXISTS `payment_document_type`;
/*!40101 SET @saved_cs_client     = @@character_set_client */;
/*!40101 SET character_set_client = utf8 */;
CREATE TABLE `payment_document_type` (
  `id` bigint(20) NOT NULL AUTO_INCREMENT,
  `document_type` bigint(20) DEFAULT NULL,
  `payment_type` bigint(20) DEFAULT NULL,
  `creation_date` timestamp NULL DEFAULT CURRENT_TIMESTAMP ON UPDATE CURRENT_TIMESTAMP,
  `modify_date` timestamp NULL DEFAULT CURRENT_TIMESTAMP ON UPDATE CURRENT_TIMESTAMP,
  `archived` bit(1) DEFAULT b'0',
  PRIMARY KEY (`id`),
  KEY `payment_type_idx` (`payment_type`),
  KEY `document_type_idx` (`document_type`),
  CONSTRAINT `document_type` FOREIGN KEY (`document_type`) REFERENCES `document_type` (`id`) ON DELETE NO ACTION ON UPDATE NO ACTION,
  CONSTRAINT `payment_type` FOREIGN KEY (`payment_type`) REFERENCES `payment_type` (`id`) ON DELETE NO ACTION ON UPDATE NO ACTION
) ENGINE=InnoDB AUTO_INCREMENT=12 DEFAULT CHARSET=latin1;
/*!40101 SET character_set_client = @saved_cs_client */;

--
-- Dumping data for table `payment_document_type`
--

LOCK TABLES `payment_document_type` WRITE;
/*!40000 ALTER TABLE `payment_document_type` DISABLE KEYS */;
INSERT INTO `payment_document_type` VALUES (1,1,1,'2019-02-13 03:32:31','2019-02-13 03:32:31','\0'),(2,1,2,'2019-02-13 03:32:31','2019-02-13 03:32:31','\0'),(3,1,3,'2019-02-13 03:32:31','2019-02-13 03:32:31','\0'),(4,3,1,'2019-02-13 03:32:31','2019-02-13 03:32:31','\0'),(5,3,2,'2019-02-13 03:32:31','2019-02-13 03:32:31','\0'),(6,3,3,'2019-02-13 03:32:31','2019-02-13 03:32:31','\0'),(7,2,1,'2019-02-13 03:33:04','2019-02-13 03:33:04','\0'),(8,2,2,'2019-02-13 03:33:04','2019-02-13 03:33:04','\0'),(9,5,1,'2019-03-10 23:50:18','2019-03-10 23:50:18','\0'),(10,5,2,'2019-03-10 23:50:18','2019-03-10 23:50:18','\0'),(11,5,3,'2019-03-10 23:50:18','2019-03-10 23:50:18','\0');
/*!40000 ALTER TABLE `payment_document_type` ENABLE KEYS */;
UNLOCK TABLES;

--
-- Table structure for table `payment_method`
--

DROP TABLE IF EXISTS `payment_method`;
/*!40101 SET @saved_cs_client     = @@character_set_client */;
/*!40101 SET character_set_client = utf8 */;
CREATE TABLE `payment_method` (
  `id` bigint(20) NOT NULL AUTO_INCREMENT,
  `code` varchar(45) NOT NULL,
  `name` varchar(45) NOT NULL,
  `creation_date` timestamp NOT NULL DEFAULT CURRENT_TIMESTAMP ON UPDATE CURRENT_TIMESTAMP,
  `modify_date` timestamp NOT NULL DEFAULT CURRENT_TIMESTAMP ON UPDATE CURRENT_TIMESTAMP,
  `archived` bit(1) NOT NULL DEFAULT b'0',
  PRIMARY KEY (`id`)
) ENGINE=InnoDB AUTO_INCREMENT=6 DEFAULT CHARSET=utf8;
/*!40101 SET character_set_client = @saved_cs_client */;

--
-- Dumping data for table `payment_method`
--

LOCK TABLES `payment_method` WRITE;
/*!40000 ALTER TABLE `payment_method` DISABLE KEYS */;
INSERT INTO `payment_method` VALUES (1,'CASH','Efectivo','2018-12-12 15:37:15','2018-12-12 15:37:15','\0'),(2,'BANK_TRANSFER','Transferencia bancaria','2018-12-12 15:37:16','2018-12-12 15:37:16','\0'),(3,'BANK_DEPOSIT','Consignación bancaria','2018-12-12 15:37:16','2018-12-12 15:37:16','\0'),(4,'ONLINE','Pago en línea','2018-12-12 15:37:16','2018-12-12 15:37:16','\0'),(5,'CREDITO','Crédito','2019-01-21 15:03:11','2019-01-21 20:03:16','\0');
/*!40000 ALTER TABLE `payment_method` ENABLE KEYS */;
UNLOCK TABLES;

--
-- Table structure for table `payment_type`
--

DROP TABLE IF EXISTS `payment_type`;
/*!40101 SET @saved_cs_client     = @@character_set_client */;
/*!40101 SET character_set_client = utf8 */;
CREATE TABLE `payment_type` (
  `id` bigint(20) NOT NULL AUTO_INCREMENT,
  `code` varchar(45) NOT NULL,
  `name` varchar(45) NOT NULL,
  `creation_date` timestamp NOT NULL DEFAULT CURRENT_TIMESTAMP ON UPDATE CURRENT_TIMESTAMP,
  `modify_date` timestamp NOT NULL DEFAULT CURRENT_TIMESTAMP ON UPDATE CURRENT_TIMESTAMP,
  `archived` bit(1) NOT NULL DEFAULT b'0',
  PRIMARY KEY (`id`)
) ENGINE=InnoDB AUTO_INCREMENT=4 DEFAULT CHARSET=utf8;
/*!40101 SET character_set_client = @saved_cs_client */;

--
-- Dumping data for table `payment_type`
--

LOCK TABLES `payment_type` WRITE;
/*!40000 ALTER TABLE `payment_type` DISABLE KEYS */;
INSERT INTO `payment_type` VALUES (1,'PAID','Contado','2019-02-13 03:06:39','2019-02-13 03:06:39','\0'),(2,'CREDIT','Crédito','2019-02-08 03:00:04','2019-02-08 03:00:04','\0'),(3,'PREPAY','Adelantado','2019-02-08 03:00:04','2019-02-08 03:00:04','\0');
/*!40000 ALTER TABLE `payment_type` ENABLE KEYS */;
UNLOCK TABLES;

--
-- Table structure for table `permission`
--

DROP TABLE IF EXISTS `permission`;
/*!40101 SET @saved_cs_client     = @@character_set_client */;
/*!40101 SET character_set_client = utf8 */;
CREATE TABLE `permission` (
  `id` bigint(20) NOT NULL AUTO_INCREMENT,
  `creation_date` timestamp NOT NULL DEFAULT CURRENT_TIMESTAMP ON UPDATE CURRENT_TIMESTAMP,
  `modify_date` timestamp NOT NULL DEFAULT CURRENT_TIMESTAMP ON UPDATE CURRENT_TIMESTAMP,
  `archived` bit(1) NOT NULL DEFAULT b'0',
  `view` bit(1) NOT NULL DEFAULT b'0',
  `edit` bit(1) NOT NULL DEFAULT b'0',
  `delete` bit(1) NOT NULL DEFAULT b'0',
  `menu_id` bigint(20) NOT NULL,
  `role_id` bigint(20) NOT NULL,
  PRIMARY KEY (`id`),
  KEY `fk_permission_menu_idx` (`menu_id`),
  KEY `fk_permission_role_idx` (`role_id`),
  CONSTRAINT `fk_permission_menu` FOREIGN KEY (`menu_id`) REFERENCES `menu` (`id`),
  CONSTRAINT `fk_permission_role` FOREIGN KEY (`role_id`) REFERENCES `role` (`id`)
) ENGINE=InnoDB AUTO_INCREMENT=114 DEFAULT CHARSET=latin1;
/*!40101 SET character_set_client = @saved_cs_client */;

--
-- Dumping data for table `permission`
--

LOCK TABLES `permission` WRITE;
/*!40000 ALTER TABLE `permission` DISABLE KEYS */;
INSERT INTO `permission` VALUES (1,'2019-01-24 00:43:39','2019-01-24 00:43:39','\0','','','',1,1),(2,'2019-01-24 00:43:39','2019-01-24 00:43:39','\0','','','',2,1),(3,'2019-01-24 00:43:39','2019-01-24 00:43:39','\0','','','',3,1),(4,'2019-01-24 00:43:39','2019-01-24 00:43:39','\0','','','',4,1),(5,'2019-01-24 00:43:39','2019-01-24 00:43:39','\0','','','',5,1),(6,'2019-01-24 00:43:39','2019-01-24 00:43:39','\0','','','',6,1),(7,'2019-01-24 00:43:39','2019-01-24 00:43:39','\0','','','',7,1),(8,'2019-01-24 00:43:39','2019-01-24 00:43:39','\0','','','',8,1),(9,'2019-01-24 00:43:39','2019-01-24 00:43:39','\0','','','',9,1),(10,'2019-01-24 02:15:20','2019-01-24 02:15:20','\0','','','',13,1),(11,'2019-01-24 02:15:20','2019-01-24 02:15:20','\0','','','',12,1),(12,'2019-01-24 02:15:20','2019-01-24 02:15:20','\0','','','',11,1),(13,'2019-01-24 02:15:20','2019-01-24 02:15:20','\0','','','',10,1),(14,'2019-01-24 02:43:41','2019-01-24 02:43:41','\0','','','',14,1),(15,'2019-01-24 02:47:37','2019-01-24 02:47:37','\0','','','',15,1),(16,'2019-01-24 23:48:14','2019-01-24 23:48:14','\0','','','',16,1),(17,'2019-01-24 23:48:27','2019-01-24 23:48:27','\0','','','',17,1),(18,'2019-01-25 18:34:29','2019-01-25 18:34:29','\0','','','\0',1,2),(19,'2019-01-25 18:34:29','2019-01-25 18:34:29','\0','','','\0',2,2),(20,'2019-01-25 18:34:29','2019-01-25 18:34:29','\0','','','\0',3,2),(21,'2019-01-25 18:34:29','2019-01-25 18:34:29','\0','','','\0',4,2),(22,'2019-01-25 18:34:29','2019-01-25 18:34:29','\0','','','\0',5,2),(23,'2019-01-25 18:34:29','2019-01-25 18:34:29','\0','','','\0',6,2),(24,'2019-01-25 18:34:29','2019-01-25 18:34:29','\0','','','\0',7,2),(25,'2019-01-25 18:34:29','2019-01-25 18:34:29','\0','','','\0',8,2),(26,'2019-01-25 18:34:29','2019-01-25 18:34:29','\0','','','\0',9,2),(27,'2019-01-25 18:34:29','2019-01-25 18:34:29','\0','','','\0',10,2),(28,'2019-01-25 18:34:29','2019-01-25 18:34:29','\0','','','\0',11,2),(29,'2019-01-25 18:34:29','2019-01-25 18:34:29','\0','','','\0',12,2),(30,'2019-01-25 18:34:29','2019-01-25 18:34:29','\0','','','\0',13,2),(31,'2019-01-25 18:34:29','2019-01-25 18:34:29','\0','','','\0',14,2),(32,'2019-01-25 18:34:29','2019-01-25 18:34:29','\0','','','\0',15,2),(35,'2019-01-25 18:34:29','2019-01-25 18:34:29','\0','','','\0',1,3),(36,'2019-01-25 18:34:29','2019-01-25 18:34:29','\0','','','\0',2,3),(37,'2019-01-25 18:34:29','2019-01-25 18:34:29','\0','','','\0',3,3),(38,'2019-01-25 18:34:29','2019-01-25 18:34:29','\0','','','\0',4,3),(39,'2019-01-25 18:34:29','2019-01-25 18:34:29','\0','','','\0',5,3),(40,'2019-01-25 18:34:29','2019-01-25 18:34:29','\0','','','\0',6,3),(42,'2019-01-25 18:34:29','2019-01-25 18:34:29','\0','','','\0',8,3),(43,'2019-01-25 18:34:29','2019-01-25 18:34:29','\0','','','\0',9,3),(44,'2019-01-25 18:34:29','2019-01-25 18:34:29','\0','','','\0',10,3),(45,'2019-01-25 18:34:29','2019-01-25 18:34:29','\0','','','\0',11,3),(48,'2019-01-25 18:34:29','2019-01-25 18:34:29','\0','','','\0',14,3),(49,'2019-01-25 18:34:29','2019-01-25 18:34:29','\0','','','\0',15,3),(52,'2019-01-25 18:34:29','2019-01-25 18:34:29','\0','','','',1,4),(53,'2019-01-25 18:34:29','2019-01-25 18:34:29','\0','','','',2,4),(54,'2019-01-25 18:34:29','2019-01-25 18:34:29','\0','','','',3,4),(55,'2019-01-25 18:34:29','2019-01-25 18:34:29','\0','','','',4,4),(56,'2019-01-25 18:34:29','2019-01-25 18:34:29','\0','','','',5,4),(57,'2019-01-25 18:34:29','2019-01-25 18:34:29','\0','','','',6,4),(58,'2019-01-25 18:34:29','2019-01-25 18:34:29','\0','','','',7,4),(59,'2019-01-25 18:34:29','2019-01-25 18:34:29','\0','','','',8,4),(60,'2019-01-25 18:34:29','2019-01-25 18:34:29','\0','','','',9,4),(61,'2019-01-25 18:34:29','2019-01-25 18:34:29','\0','','','',10,4),(62,'2019-01-25 18:34:29','2019-01-25 18:34:29','\0','','','',11,4),(63,'2019-01-25 18:34:29','2019-01-25 18:34:29','\0','','','',12,4),(64,'2019-01-25 18:34:29','2019-01-25 18:34:29','\0','','','',13,4),(65,'2019-01-25 18:34:29','2019-01-25 18:34:29','\0','','','',14,4),(66,'2019-01-25 18:34:29','2019-01-25 18:34:29','\0','','','',15,4),(67,'2019-01-25 18:34:29','2019-01-25 18:34:29','\0','','','',16,4),(68,'2019-01-25 18:34:29','2019-01-25 18:34:29','\0','','','',17,4),(69,'2019-02-03 00:45:33','2019-02-03 00:45:33','\0','','','',18,1),(70,'2019-02-03 00:45:33','2019-02-03 00:45:33','\0','','','',18,1),(71,'2019-02-03 00:45:33','2019-02-03 00:45:33','\0','','','',18,4),(72,'2019-02-03 00:45:33','2019-02-03 00:45:33','\0','','','',19,1),(73,'2019-02-03 00:45:33','2019-02-03 00:45:33','\0','','','',19,2),(74,'2019-02-03 00:45:33','2019-02-03 00:45:33','\0','','','',19,4),(75,'2019-02-03 00:45:34','2019-02-03 00:45:34','\0','','','',20,1),(76,'2019-02-03 00:45:34','2019-02-03 00:45:34','\0','','','',20,2),(77,'2019-02-03 00:45:34','2019-02-03 00:45:34','\0','','','',20,3),(78,'2019-02-03 00:45:34','2019-02-03 00:45:34','\0','','','',20,4),(79,'2019-02-03 00:45:34','2019-02-03 00:45:34','\0','','','',21,1),(80,'2019-02-03 00:45:34','2019-02-03 00:45:34','\0','','','',21,2),(81,'2019-02-03 00:45:34','2019-02-03 00:45:34','\0','','','',21,3),(82,'2019-02-03 00:45:35','2019-02-03 00:45:35','\0','','','',21,4),(83,'2019-02-03 00:45:35','2019-02-03 00:45:35','\0','','','',18,1),(84,'2019-02-03 00:45:35','2019-02-03 00:45:35','\0','','','',18,4),(85,'2019-02-03 00:45:35','2019-02-03 00:45:35','\0','','','',19,1),(86,'2019-02-03 00:45:35','2019-02-03 00:45:35','\0','','','',19,2),(87,'2019-02-03 00:45:35','2019-02-03 00:45:35','\0','','','',19,4),(88,'2019-02-03 00:45:35','2019-02-03 00:45:35','\0','','','',20,1),(89,'2019-02-03 00:45:36','2019-02-03 00:45:36','\0','','','',20,2),(90,'2019-02-03 00:45:36','2019-02-03 00:45:36','\0','','','',20,3),(91,'2019-02-03 00:45:36','2019-02-03 00:45:36','\0','','','',20,4),(92,'2019-02-03 00:45:36','2019-02-03 00:45:36','\0','','','',21,1),(93,'2019-02-03 00:45:36','2019-02-03 00:45:36','\0','','','',21,2),(94,'2019-02-03 00:45:37','2019-02-03 00:45:37','\0','','','',21,3),(95,'2019-02-03 00:45:37','2019-02-03 00:45:37','\0','','','',21,4),(96,'2019-02-05 08:57:07','2019-02-05 08:57:07','\0','','','',22,1),(97,'2019-02-05 08:57:06','2019-02-05 08:57:06','\0','','','',22,2),(98,'2019-02-05 08:57:07','2019-02-05 08:57:07','\0','','','',22,3),(99,'2019-02-05 08:57:07','2019-02-05 08:57:07','\0','','','',22,4),(100,'2019-02-07 22:07:47','2019-02-07 22:07:47','\0','\0','\0','\0',23,1),(101,'2019-02-07 22:21:25','2019-02-07 22:21:25','\0','','','',23,2),(102,'2019-02-07 22:21:19','2019-02-07 22:21:19','\0','','','\0',23,3),(103,'2019-02-07 22:21:12','2019-02-07 22:21:12','\0','','','',23,4),(105,'2019-02-07 23:29:48','2019-02-07 23:29:48','\0','','','\0',24,1),(106,'2019-02-07 23:29:44','2019-02-07 23:29:44','\0','','','\0',24,2),(107,'2019-02-07 23:29:40','2019-02-07 23:29:40','\0','','','\0',24,3),(108,'2019-02-07 23:29:38','2019-02-07 23:29:38','\0','','','',24,4),(109,'2019-02-21 02:22:14','2019-02-21 02:22:14','\0','','','',25,1),(110,'2019-02-21 02:22:14','2019-02-21 02:22:14','\0','','','',25,2),(111,'2019-02-21 02:22:14','2019-02-21 02:22:14','\0','','','',25,3),(112,'2019-02-21 02:22:14','2019-02-21 02:22:14','\0','','','',25,4),(113,'2019-03-10 18:07:38','2019-03-10 18:07:38','\0','','','',26,1);
/*!40000 ALTER TABLE `permission` ENABLE KEYS */;
UNLOCK TABLES;

--
-- Table structure for table `person`
--

DROP TABLE IF EXISTS `person`;
/*!40101 SET @saved_cs_client     = @@character_set_client */;
/*!40101 SET character_set_client = utf8 */;
CREATE TABLE `person` (
  `id` bigint(20) NOT NULL AUTO_INCREMENT,
  `document_type` varchar(45) DEFAULT NULL,
  `document_number` varchar(45) DEFAULT NULL,
  `name` varchar(45) NOT NULL,
  `last_name` varchar(45) DEFAULT NULL,
  `type` varchar(45) NOT NULL,
  `contact_name` varchar(50) DEFAULT NULL,
  `address` varchar(100) DEFAULT '',
  `city_id` bigint(20) DEFAULT NULL,
  `neighborhood` varchar(45) DEFAULT NULL,
  `mobile` varchar(20) DEFAULT '',
  `phone` varchar(20) DEFAULT '',
  `email` varchar(50) DEFAULT '',
  `web_site` varchar(250) DEFAULT '',
  `bank_account_id` bigint(20) DEFAULT NULL,
  `creation_date` timestamp NOT NULL DEFAULT CURRENT_TIMESTAMP ON UPDATE CURRENT_TIMESTAMP,
  `modify_date` timestamp NOT NULL DEFAULT CURRENT_TIMESTAMP ON UPDATE CURRENT_TIMESTAMP,
  `archived` bit(1) NOT NULL,
  PRIMARY KEY (`id`,`archived`),
  KEY `person_city` (`city_id`),
  KEY `person_bank_account_idx` (`bank_account_id`),
  CONSTRAINT `person_bank_account` FOREIGN KEY (`bank_account_id`) REFERENCES `bank_account` (`id`),
  CONSTRAINT `person_city` FOREIGN KEY (`city_id`) REFERENCES `city` (`id`)
) ENGINE=InnoDB AUTO_INCREMENT=84 DEFAULT CHARSET=utf8 COMMENT='Tabla para el almacenamiento de clientes, proveedores, terceros o cualquier tipo de persona';
/*!40101 SET character_set_client = @saved_cs_client */;

--
-- Dumping data for table `person`
--

LOCK TABLES `person` WRITE;
/*!40000 ALTER TABLE `person` DISABLE KEYS */;
INSERT INTO `person` VALUES (6,'CC','09876','Lina Maria','Florez Mejia','SUPPLIER','Lina Maria Flórez Mejia','Calle 75C # 114 -18',NULL,NULL,'3002007694','','','ab',2,'2019-01-21 06:54:40','2019-01-21 06:54:40',''),(7,'CC','104567608','LINAf','F','SUPPLIER','TEST','TEST',173,NULL,'3000','21','55','www.ee',NULL,'2019-01-21 20:04:58','2019-01-21 20:04:58',''),(14,'CC','14579','Other','Test','USER',NULL,'',NULL,NULL,'','','','',NULL,'2019-01-21 06:54:40','2019-01-21 06:54:40',''),(20,'CC','145795','Alex','Quiroz','USER',NULL,NULL,NULL,NULL,NULL,NULL,NULL,NULL,NULL,'2019-01-29 16:46:45','2019-01-29 16:46:45','\0'),(21,'CC','123','Eider','Samia','USER',NULL,NULL,NULL,NULL,NULL,NULL,NULL,NULL,NULL,'2019-01-29 16:46:58','2019-01-29 16:46:58','\0'),(22,'CC','1234','Diana','Carbo','USER',NULL,NULL,NULL,NULL,NULL,NULL,NULL,NULL,NULL,'2019-01-29 16:47:07','2019-01-29 16:47:07','\0'),(23,'CC','1234567','Jhon','Castellanos','USER',NULL,NULL,NULL,NULL,NULL,NULL,NULL,NULL,NULL,'2019-01-29 16:47:15','2019-01-29 16:47:15','\0'),(24,'CC','104567','dummy','dummy','SUPPLIER','','',155,'preuba barrio','','','','www.misitio',NULL,'2019-01-21 20:04:47','2019-01-21 20:04:47',''),(25,'CC','prueba','prueba','prueba','SUPPLIER','','',NULL,NULL,'','','','',NULL,'2019-01-21 20:05:07','2019-01-21 20:05:07',''),(26,'NIT','723357276','DISTRIBUCIONES PLASTICAS','DE LA COSTA','SUPPLIER','','CALLE 11 N.5-30',155,NULL,'3158576880','','dpc0816@hotmail.com','',NULL,'2019-01-21 07:25:41','2019-01-21 07:25:41','\0'),(27,'NIT','901148822','COMERCIALIZA','HFC SAS','SUPPLIER','','CALLE 68B N.68-73',155,NULL,'','3694584','','',NULL,'2019-01-21 07:25:41','2019-01-21 07:25:41','\0'),(28,'CE','9002665212','DISPROPAN','CARIBE LTDA','SUPPLIER','','CL 37B N.6-81',155,NULL,'3106327541','3448485','disprocaribeltda@hotmail.com','',NULL,'2019-01-21 07:25:41','2019-01-21 07:25:41','\0'),(29,'NIT','8020242522','SDP','SOCIEDAD SAS','SUPPLIER','','CALLE 54 N.41-62',155,NULL,'3104152059','3795559','sdpsociedadltda@hotmail.com','',NULL,'2019-01-21 07:25:41','2019-01-21 07:25:41','\0'),(30,'NIT','8903041304','ALIMENTOS CARNICOS SAS','','SUPPLIER','','',NULL,NULL,'','3369200','','',NULL,'2019-01-16 21:48:23','2019-01-16 21:48:23','\0'),(31,'NIT','901040004-9','DISTRICOMERCIO','DEL ATLANTICO SAS','SUPPLIER','','CALLE 27 D N.35-55',173,NULL,'3748222','3234870','','',NULL,'2019-01-21 07:26:25','2019-01-21 07:26:25','\0'),(32,'NIT','900615748-5','INDUSTRIAS ALIMENTICIAS','SABROSISIMA SAS','SUPPLIER','','CALLE 17 N.23-51',155,'','3740788','3045708026','','',3,'2019-02-04 22:27:25','2019-02-04 22:27:25','\0'),(33,'NIT','8781652-1','SAN FRANCISCO DISTRIBUCIONES ','','SUPPLIER','','CALLE  47 N. 1B2-17',155,NULL,'3006387541','3398861','sanfranciscodistribucionessas@gmail.com','',NULL,'2019-01-21 07:25:41','2019-01-21 07:25:41','\0'),(34,'NIT','890301884-5','COLOMBINA SAS','','SUPPLIER','','CALLE 2B N.13SUR-31',173,NULL,'','3531311','','',NULL,'2019-01-21 07:26:25','2019-01-21 07:26:25','\0'),(35,'NIT','8901036975','LA PARISIENNE','','SUPPLIER','','CRA 52 N.75-152',155,NULL,'','3770777','info@laparisienne.com.co','www.laparisienne.com.co',NULL,'2019-01-21 07:25:41','2019-01-21 07:25:41','\0'),(36,'NIT','800181923-0','INDUSTRIAL DE ALIMENTOS INDAL SAS','','SUPPLIER','','CALLE 41 N.52-28',155,NULL,'','3493005','','',NULL,'2019-01-21 07:25:41','2019-01-21 07:25:41','\0'),(37,'NIT','800245795-0','PARMALAT COLOMBIA LTDA','','SUPPLIER','','CALLE 30 N.22-96 BODEGA 7',155,'','','3473724','','',NULL,'2019-01-21 07:25:41','2019-01-21 07:25:41','\0'),(38,'NIT','900391505-9','INVERSIONES SERRANO MILLAN SAS','CARNES FRIAS SANTA CRUZ','SUPPLIER','','CALLE 32 N.38-101',155,'','','3721488','','',NULL,'2019-01-21 07:25:41','2019-01-21 07:25:41','\0'),(39,'NIT','890904478-6','COOPERATIVA COLANTA','','SUPPLIER','','CALLE 74 N.64A-51',NULL,'MEDELLIN','','4457000','','',NULL,'2019-01-18 19:50:51','2019-01-18 19:50:51','\0'),(40,'NIT','900330819-5','T&T DISTRIBUCIONES COLOMBIA SAS','','SUPPLIER','','PARQUE IND  ZILOMG KM9 VIA JUAN MINA',155,'GALAPA','','3282454','','',NULL,'2019-01-21 07:25:41','2019-01-21 07:25:41','\0'),(41,'CC','8796','Cliente de prueba','prueba','CUSTOMER','','',NULL,'','','','','',NULL,'2019-02-04 21:56:54','2019-02-04 21:56:54','\0'),(42,NULL,'','HECTOR','GOMEZ','CUSTOMER','','',NULL,'','','','','',NULL,'2019-03-18 00:12:38','2019-03-18 00:12:38','\0'),(43,NULL,'','JAIR','FERNANDEZ','CUSTOMER','','',NULL,'','','','','',NULL,'2019-03-18 00:45:00','2019-03-18 00:45:00','\0'),(44,NULL,'','ANTONIO','FERRER','CUSTOMER','','',NULL,'','','','','',NULL,'2019-03-18 00:45:17','2019-03-18 00:45:17','\0'),(45,NULL,'','ARNOLD','BUELVAS','CUSTOMER','','',NULL,'','','','','',NULL,'2019-03-18 01:15:16','2019-03-18 01:15:16','\0'),(46,NULL,'','BETO','VIP','CUSTOMER','','',NULL,'','','','','',NULL,'2019-03-18 01:15:30','2019-03-18 01:15:30','\0'),(47,NULL,'','BILLARES','JR','CUSTOMER','','',NULL,'','','','','',NULL,'2019-03-18 01:15:47','2019-03-18 01:15:47','\0'),(48,NULL,'','DONDE','CARO','CUSTOMER','','',NULL,'','','','','',NULL,'2019-03-18 01:16:00','2019-03-18 01:16:00','\0'),(49,NULL,'','DONDE','FERCHO','CUSTOMER','','',NULL,'','','','','',NULL,'2019-03-18 01:16:09','2019-03-18 01:16:09','\0'),(50,NULL,'','DONDE','YESSE','CUSTOMER','','',NULL,'','','','','',NULL,'2019-03-18 01:16:22','2019-03-18 01:16:22','\0'),(51,NULL,'','DUBAN','UTRIA','CUSTOMER','','',NULL,'','','','','',NULL,'2019-03-18 01:16:37','2019-03-18 01:16:37','\0'),(52,NULL,'','EL LOTE','','CUSTOMER','','',NULL,'','','','','',NULL,'2019-03-18 01:22:18','2019-03-18 01:22:18','\0'),(53,NULL,'','FRUTERA EL NINO','','CUSTOMER','','',NULL,'','','','','',NULL,'2019-03-18 01:22:32','2019-03-18 01:22:32','\0'),(54,NULL,'','VARIEDADES INES','','CUSTOMER','','',NULL,'','','','','',NULL,'2019-03-18 01:22:45','2019-03-18 01:22:45','\0'),(55,NULL,'','HORTENCIA','','CUSTOMER','','',NULL,'','','','','',NULL,'2019-03-18 01:22:56','2019-03-18 01:22:56','\0'),(56,NULL,'','LA BENDICION','','CUSTOMER','','',NULL,'','','','','',NULL,'2019-03-18 01:23:07','2019-03-18 01:23:07','\0'),(57,NULL,'','LUIS','MEZA','CUSTOMER','','',NULL,'','','','','',NULL,'2019-03-18 01:23:24','2019-03-18 01:23:24','\0'),(58,NULL,'','MILAGRO','','CUSTOMER','','',NULL,'','','','','',NULL,'2019-03-18 01:23:37','2019-03-18 01:23:37','\0'),(59,NULL,'','MOISES','','CUSTOMER','','',NULL,'','','','','',NULL,'2019-03-18 01:23:44','2019-03-18 01:23:44','\0'),(60,NULL,'','DONDE ROGER','','CUSTOMER','','',NULL,'','','','','',NULL,'2019-03-18 01:24:03','2019-03-18 01:24:03','\0'),(61,NULL,'','YESENIA','DIAZ','CUSTOMER','','',NULL,'','','','','',NULL,'2019-03-18 01:24:18','2019-03-18 01:24:18','\0'),(62,NULL,'','YULI ESTADERO','','CUSTOMER','','',NULL,'','','','','',NULL,'2019-03-18 01:24:36','2019-03-18 01:24:36','\0'),(63,NULL,'','CARLOS','BUELVAS','CUSTOMER','','',NULL,'','','','','',NULL,'2019-03-18 01:24:49','2019-03-18 01:24:49','\0'),(64,NULL,'','PANADERIA LA PREFERIDA','','CUSTOMER','','',NULL,'','','','','',NULL,'2019-03-18 01:25:00','2019-03-18 01:25:00','\0'),(65,NULL,'','PANADERIA LA PANTOJARSE','','CUSTOMER','','',NULL,'','','','','',NULL,'2019-03-18 01:25:14','2019-03-18 01:25:14','\0'),(66,NULL,'','WILL','PUENTE','CUSTOMER','','',NULL,'','','','','',NULL,'2019-03-18 01:25:25','2019-03-18 01:25:25','\0'),(67,NULL,'','INGRID CRISTI','','CUSTOMER','','',NULL,'','','','','',NULL,'2019-03-18 01:25:37','2019-03-18 01:25:37','\0'),(68,NULL,'','JHONNY','DE LAS SALAS','CUSTOMER','','',NULL,'','','','','',NULL,'2019-03-18 01:25:56','2019-03-18 01:25:56','\0'),(69,NULL,'','LOS MELLOS','','CUSTOMER','','',NULL,'','','','','',NULL,'2019-03-18 01:26:05','2019-03-18 01:26:05','\0'),(70,NULL,'','DONDE PELLO','','CUSTOMER','','',NULL,'','','','','',NULL,'2019-03-18 01:26:15','2019-03-18 01:26:15','\0'),(71,NULL,'','YENNY','SILVA','CUSTOMER','','',NULL,'','','','','',NULL,'2019-03-18 01:26:29','2019-03-18 01:26:29','\0'),(72,NULL,'','JAVIER','SILVA','CUSTOMER','','',NULL,'','','','','',NULL,'2019-03-18 01:26:40','2019-03-18 01:26:40','\0'),(73,NULL,'','EL BUEN SABOR','','CUSTOMER','','',NULL,'','','','','',NULL,'2019-03-18 01:26:51','2019-03-18 01:26:51','\0'),(74,NULL,'','GUSTAVO','DE LA HOZ','CUSTOMER','','',NULL,'','','','','',NULL,'2019-03-18 01:27:03','2019-03-18 01:27:03','\0'),(75,NULL,'','DON ALBERTO','','CUSTOMER','','',NULL,'','','','','',NULL,'2019-03-18 01:27:13','2019-03-18 01:27:13','\0'),(76,NULL,'','LA RARRA','','CUSTOMER','','',NULL,'','','','','',NULL,'2019-03-18 01:27:23','2019-03-18 01:27:23','\0'),(77,NULL,'','SAMIR','','CUSTOMER','','',NULL,'','','','','',NULL,'2019-03-18 01:27:35','2019-03-18 01:27:35','\0'),(78,'CC','1041893785','Maria jose','mejia caballero','USER',NULL,NULL,NULL,NULL,NULL,NULL,NULL,NULL,NULL,'2019-03-26 15:28:40','2019-03-26 15:28:40','\0'),(79,'CC','1041893785','Maria jose','mejia caballero','USER',NULL,NULL,NULL,NULL,NULL,NULL,NULL,NULL,NULL,'2019-03-26 15:28:41','2019-03-26 15:28:41','\0'),(80,'CC','1041893785','maria jose','mejia caballero','USER',NULL,NULL,NULL,NULL,NULL,NULL,NULL,NULL,NULL,'2019-03-26 15:34:41','2019-03-26 15:34:41','\0'),(81,'CC','1041893785','MARIA JOSE','MEJIA CABALLERO','USER',NULL,NULL,NULL,NULL,NULL,NULL,NULL,NULL,NULL,'2019-03-26 15:37:45','2019-03-26 15:37:45','\0'),(82,'CC','1041893785','maria jose','mejia caballero','USER',NULL,NULL,NULL,NULL,NULL,NULL,NULL,NULL,NULL,'2019-03-26 15:42:55','2019-03-26 15:42:55','\0'),(83,'NIT','3123213','redwe','','CUSTOMER','','',NULL,'','','','','',NULL,'2019-03-29 03:23:47','2019-03-29 03:23:47','\0');
/*!40000 ALTER TABLE `person` ENABLE KEYS */;
UNLOCK TABLES;

--
-- Table structure for table `product`
--

DROP TABLE IF EXISTS `product`;
/*!40101 SET @saved_cs_client     = @@character_set_client */;
/*!40101 SET character_set_client = utf8 */;
CREATE TABLE `product` (
  `id` bigint(20) NOT NULL AUTO_INCREMENT,
  `code` varchar(45) NOT NULL,
  `name` varchar(45) NOT NULL,
  `description` varchar(100) DEFAULT NULL,
  `category_id` bigint(20) DEFAULT NULL,
  `type_id` bigint(20) DEFAULT NULL,
  `measurement_unit_id` bigint(20) DEFAULT NULL,
  `brand` varchar(45) DEFAULT NULL,
  `ean_code` varchar(45) DEFAULT NULL,
  `sale_price` decimal(16,5) DEFAULT NULL,
  `purchase_price` decimal(16,5) DEFAULT NULL,
  `sale_tax` decimal(16,2) DEFAULT NULL,
  `purchase_tax` decimal(16,2) DEFAULT NULL,
  `utility` decimal(16,2) DEFAULT NULL,
  `stock` decimal(16,5) DEFAULT NULL,
  `stock_date` timestamp NULL DEFAULT NULL,
  `creation_date` timestamp NOT NULL DEFAULT CURRENT_TIMESTAMP ON UPDATE CURRENT_TIMESTAMP,
  `modify_date` timestamp NOT NULL DEFAULT CURRENT_TIMESTAMP ON UPDATE CURRENT_TIMESTAMP,
  `archived` bit(1) NOT NULL DEFAULT b'0',
  PRIMARY KEY (`id`),
  UNIQUE KEY `code_UNIQUE` (`code`),
  KEY `category_id_idx` (`category_id`),
  KEY `product_type_fk_idx` (`type_id`),
  KEY `measurement_unit_fk_idx` (`measurement_unit_id`),
  CONSTRAINT `category_fk` FOREIGN KEY (`category_id`) REFERENCES `product_category` (`id`),
  CONSTRAINT `measurement_unit_fk` FOREIGN KEY (`measurement_unit_id`) REFERENCES `measurement_unit` (`id`),
  CONSTRAINT `product_type_fk` FOREIGN KEY (`type_id`) REFERENCES `product_type` (`id`)
) ENGINE=InnoDB AUTO_INCREMENT=4542 DEFAULT CHARSET=utf8;
/*!40101 SET character_set_client = @saved_cs_client */;

--
-- Dumping data for table `product`
--

LOCK TABLES `product` WRITE;
/*!40000 ALTER TABLE `product` DISABLE KEYS */;
INSERT INTO `product` VALUES (3137,'1','CHOCOLATINA JEF','CHOCOLATINA JEF',9,NULL,19,NULL,NULL,400.00000,NULL,NULL,NULL,NULL,27.00000,'2019-04-02 10:54:36','2019-04-02 10:54:36','2019-04-02 10:54:36','\0'),(3138,'2','GALLETA WAFER X 18','GALLETA WAFER X 18',9,NULL,13,NULL,NULL,2200.00000,NULL,NULL,NULL,NULL,6.00000,NULL,'2019-04-02 08:55:47','2019-04-02 08:55:47','\0'),(3139,'3','PAPITAS RIZADAS GRANDE','PAPITAS RIZADAS GRANDE',9,NULL,2,NULL,NULL,2700.00000,NULL,NULL,NULL,NULL,0.00000,NULL,'2019-04-02 08:55:47','2019-04-02 08:55:47','\0'),(3140,'4','AGOGO CAJAS','AGOGO CAJAS',9,NULL,5,NULL,NULL,4700.00000,NULL,NULL,NULL,NULL,31.00000,NULL,'2019-04-02 08:55:47','2019-04-02 08:55:47','\0'),(3141,'5','AGOGO PAQUETE GIGANTE','AGOGO PAQUETE GIGANTE',9,NULL,13,NULL,NULL,4500.00000,NULL,NULL,NULL,NULL,22.00000,NULL,'2019-04-02 08:55:47','2019-04-02 08:55:47','\0'),(3142,'6','AGOGO UND','AGOGO UND',9,NULL,19,NULL,NULL,100.00000,NULL,NULL,NULL,NULL,161.00000,NULL,'2019-04-02 08:55:47','2019-04-02 08:55:47','\0'),(3143,'7','ANILLITOS','ANILLITOS',9,NULL,19,NULL,NULL,200.00000,NULL,NULL,NULL,NULL,43.00000,'2019-04-02 10:53:38','2019-04-02 10:53:38','2019-04-02 10:53:38','\0'),(3144,'8','AREQUIPE TETERITO','AREQUIPE TETERITO',9,NULL,3,NULL,NULL,3300.00000,NULL,NULL,NULL,NULL,6.00000,NULL,'2019-04-02 08:55:47','2019-04-02 08:55:47','\0'),(3145,'9','BARRA CEREAL TOSH','BARRA CEREAL TOSH',9,NULL,19,NULL,NULL,800.00000,NULL,NULL,NULL,NULL,7.00000,'2019-04-02 10:40:45','2019-04-02 10:40:45','2019-04-02 10:40:45','\0'),(3146,'10','BARRIETE PAQUETE','BARRIETE PAQUETE',9,NULL,13,NULL,NULL,0.00000,NULL,NULL,NULL,NULL,0.00000,NULL,'2019-04-02 08:55:47','2019-04-02 08:55:47','\0'),(3147,'11','BARRILETE UNIDAD','BARRILETE UNIDAD',9,NULL,19,NULL,NULL,100.00000,NULL,NULL,NULL,NULL,0.00000,NULL,'2019-04-02 08:55:47','2019-04-02 08:55:47','\0'),(3148,'12','BESO DE NEGRA UNIDAD','BESO DE NEGRA UNIDAD',9,NULL,19,NULL,NULL,1000.00000,NULL,NULL,NULL,NULL,10.00000,NULL,'2019-04-02 08:55:47','2019-04-02 08:55:47','\0'),(3149,'13','BIAGE BLANCO PAQUETE','BIAGE BLANCO PAQUETE',9,NULL,13,NULL,NULL,4200.00000,NULL,NULL,NULL,NULL,7.00000,NULL,'2019-04-02 08:55:47','2019-04-02 08:55:47','\0'),(3150,'14','BIAGE CHOCOLATE PAQUETE','BIAGE CHOCOLATE PAQUETE',9,NULL,13,NULL,NULL,4200.00000,NULL,NULL,NULL,NULL,7.00000,NULL,'2019-04-02 08:55:47','2019-04-02 08:55:47','\0'),(3151,'15','BIAGE PAQUETE','BIAGE PAQUETE',9,NULL,13,NULL,NULL,4000.00000,NULL,NULL,NULL,NULL,0.00000,NULL,'2019-04-02 08:55:47','2019-04-02 08:55:47','\0'),(3152,'16','BIAGE UNIDAD','BIAGE UNIDAD',9,NULL,19,NULL,NULL,100.00000,NULL,NULL,NULL,NULL,101.00000,NULL,'2019-04-02 08:55:47','2019-04-02 08:55:47','\0'),(3153,'17','BOCADILLO UNIDAD','BOCADILLO UNIDAD',9,NULL,19,NULL,NULL,300.00000,NULL,NULL,NULL,NULL,0.00000,NULL,'2019-04-02 08:55:47','2019-04-02 08:55:47','\0'),(3154,'18','BOLA CHICLE PAQUETE','BOLA CHICLE PAQUETE',9,NULL,13,NULL,NULL,4000.00000,NULL,NULL,NULL,NULL,0.00000,NULL,'2019-04-02 08:55:47','2019-04-02 08:55:47','\0'),(3155,'19','BOLA CHICLE UNIDAD','BOLA CHICLE UNIDAD',9,NULL,19,NULL,NULL,100.00000,NULL,NULL,NULL,NULL,0.00000,NULL,'2019-04-02 08:55:47','2019-04-02 08:55:47','\0'),(3156,'20','BOLIQUESO UNIDAD','BOLIQUESO UNIDAD',9,NULL,19,NULL,NULL,700.00000,NULL,NULL,NULL,NULL,0.00000,NULL,'2019-04-02 08:55:47','2019-04-02 08:55:47','\0'),(3157,'21','BOLIQUESO X 12','BOLIQUESO X 12',9,NULL,13,NULL,NULL,10800.00000,NULL,NULL,NULL,NULL,0.00000,NULL,'2019-04-02 08:55:47','2019-04-02 08:55:47','\0'),(3158,'22','BOLITAS DE TAMARINDO','BOLITAS DE TAMARINDO',9,NULL,19,NULL,NULL,100.00000,NULL,NULL,NULL,NULL,53.00000,NULL,'2019-04-02 08:55:47','2019-04-02 08:55:47','\0'),(3159,'23','BOMBOM PIMPOM PAQUETE','BOMBOM PIMPOM PAQUETE',9,NULL,13,NULL,NULL,4200.00000,NULL,NULL,NULL,NULL,30.00000,NULL,'2019-04-02 08:55:47','2019-04-02 08:55:47','\0'),(3160,'24','BOMBOM PIMPOM UNIDAD','BOMBOM PIMPOM UNIDAD',9,NULL,19,NULL,NULL,200.00000,NULL,NULL,NULL,NULL,46.00000,NULL,'2019-04-02 08:55:47','2019-04-02 08:55:47','\0'),(3161,'25','BOMBOM YOGUETA PAQUETE','BOMBOM YOGUETA PAQUETE',9,NULL,13,NULL,NULL,4400.00000,NULL,NULL,NULL,NULL,1.00000,NULL,'2019-04-02 08:55:47','2019-04-02 08:55:47','\0'),(3162,'26','BOMBOM YOGUETA UNIDAD','BOMBOM YOGUETA UNIDAD',9,NULL,19,NULL,NULL,250.00000,NULL,NULL,NULL,NULL,22.00000,NULL,'2019-04-02 08:55:47','2019-04-02 08:55:47','\0'),(3163,'27','BOMBOMBUM PAQUETE','BOMBOMBUM PAQUETE',9,NULL,13,NULL,NULL,4400.00000,NULL,NULL,NULL,NULL,27.00000,NULL,'2019-04-02 08:55:47','2019-04-02 08:55:47','\0'),(3164,'28','BOMBOMBUM UNIDAD','BOMBOMBUM UNIDAD',9,NULL,19,NULL,NULL,200.00000,NULL,NULL,NULL,NULL,29.00000,NULL,'2019-04-02 08:55:47','2019-04-02 08:55:47','\0'),(3165,'29','BRUSCHETTE(PIZZA)','BRUSCHETTE(PIZZA)',9,NULL,16,NULL,NULL,1500.00000,NULL,NULL,NULL,NULL,12.00000,NULL,'2019-04-02 08:55:47','2019-04-02 08:55:47','\0'),(3166,'30','BUBALU CAJA','BUBALU CAJA',9,NULL,5,NULL,NULL,6200.00000,NULL,NULL,NULL,NULL,5.00000,NULL,'2019-04-02 08:55:47','2019-04-02 08:55:47','\0'),(3167,'31','BUBALU UNIDAD','BUBALU UNIDAD',9,NULL,19,NULL,NULL,100.00000,NULL,NULL,NULL,NULL,84.00000,NULL,'2019-04-02 08:55:47','2019-04-02 08:55:47','\0'),(3168,'32','CAJA SUPER ACIDO SHA','CAJA SUPER ACIDO SHA',9,NULL,5,NULL,NULL,6000.00000,NULL,NULL,NULL,NULL,28.00000,NULL,'2019-04-02 08:55:47','2019-04-02 08:55:47','\0'),(3169,'33','CHESTRIS PAQUETE','CHESTRIS PAQUETE',9,NULL,13,NULL,NULL,10800.00000,NULL,NULL,NULL,NULL,0.00000,NULL,'2019-04-02 08:55:47','2019-04-02 08:55:47','\0'),(3170,'34','CHESTRIS UNIDAD','CHESTRIS UNIDAD',9,NULL,19,NULL,NULL,1000.00000,NULL,NULL,NULL,NULL,9.00000,NULL,'2019-04-02 08:55:47','2019-04-02 08:55:47','\0'),(3171,'35','CHETOS GRANDES','CHETOS GRANDES',9,NULL,13,NULL,NULL,1000.00000,NULL,NULL,NULL,NULL,1.00000,NULL,'2019-04-02 08:55:47','2019-04-02 08:55:47','\0'),(3172,'36','CHIC OKALOKA','CHIC OKALOKA',9,NULL,19,NULL,NULL,500.00000,NULL,NULL,NULL,NULL,0.00000,NULL,'2019-04-02 08:55:47','2019-04-02 08:55:47','\0'),(3173,'37','CHICHARRON','CHICHARRON',9,NULL,13,NULL,NULL,2800.00000,NULL,NULL,NULL,NULL,0.00000,NULL,'2019-04-02 08:55:47','2019-04-02 08:55:47','\0'),(3174,'38','CHICHARRON PAQUETE','CHICHARRON PAQUETE',9,NULL,13,NULL,NULL,2800.00000,NULL,NULL,NULL,NULL,0.00000,NULL,'2019-04-02 08:55:47','2019-04-02 08:55:47','\0'),(3175,'39','CHICLE SUPER ACIDO','CHICLE SUPER ACIDO',9,NULL,19,NULL,NULL,100.00000,NULL,NULL,NULL,NULL,75.00000,NULL,'2019-04-02 08:55:47','2019-04-02 08:55:47','\0'),(3176,'40','CHICLE SUPER ACIDO CAJA','CHICLE SUPER ACIDO CAJA',9,NULL,5,NULL,NULL,5500.00000,NULL,NULL,NULL,NULL,11.00000,NULL,'2019-04-02 08:55:47','2019-04-02 08:55:47','\0'),(3177,'41','CHICLEES ADAMS CAJA','CHICLEES ADAMS CAJA',9,NULL,5,NULL,NULL,7800.00000,NULL,NULL,NULL,NULL,1.00000,NULL,'2019-04-02 08:55:47','2019-04-02 08:55:47','\0'),(3178,'42','CHICLES ADAMS','CHICLES ADAMS',9,NULL,19,NULL,NULL,100.00000,NULL,NULL,NULL,NULL,127.00000,NULL,'2019-04-02 08:55:47','2019-04-02 08:55:47','\0'),(3179,'43','CHOCO KRISPYS SOBRE','CHOCO KRISPYS SOBRE',9,NULL,16,NULL,NULL,1000.00000,NULL,NULL,NULL,NULL,2.00000,NULL,'2019-04-02 08:55:47','2019-04-02 08:55:47','\0'),(3180,'44','CHOCOBALL PAQUTE','CHOCOBALL PAQUTE',9,NULL,13,NULL,NULL,3500.00000,NULL,NULL,NULL,NULL,1.00000,NULL,'2019-04-02 08:55:47','2019-04-02 08:55:47','\0'),(3181,'45','CHOCOBALL UNIDAD','CHOCOBALL UNIDAD',9,NULL,19,NULL,NULL,100.00000,NULL,NULL,NULL,NULL,0.00000,NULL,'2019-04-02 08:55:47','2019-04-02 08:55:47','\0'),(3182,'46','CHOCOBREAK BLANCO PAQUETE','CHOCOBREAK BLANCO PAQUETE',9,NULL,13,NULL,NULL,5000.00000,NULL,NULL,NULL,NULL,0.00000,NULL,'2019-04-02 08:55:47','2019-04-02 08:55:47','\0'),(3183,'47','CHOCOBREAK BLANCO UNIDAD','CHOCOBREAK BLANCO UNIDAD',9,NULL,19,NULL,NULL,200.00000,NULL,NULL,NULL,NULL,113.00000,NULL,'2019-04-02 08:55:47','2019-04-02 08:55:47','\0'),(3184,'48','CHOCOBREAK ROJO','CHOCOBREAK ROJO',9,NULL,13,NULL,NULL,3500.00000,NULL,NULL,NULL,NULL,0.00000,NULL,'2019-04-02 08:55:47','2019-04-02 08:55:47','\0'),(3185,'49','CHOCODISK SOBRE','CHOCODISK SOBRE',9,NULL,16,NULL,NULL,500.00000,NULL,NULL,NULL,NULL,40.00000,NULL,'2019-04-02 08:55:47','2019-04-02 08:55:47','\0'),(3186,'50','CHOCOJEF COCO PAQUETE','CHOCOJEF COCO PAQUETE',9,NULL,13,NULL,NULL,7000.00000,NULL,NULL,NULL,NULL,0.00000,NULL,'2019-04-02 08:55:47','2019-04-02 08:55:47','\0'),(3187,'51','CHOCOJEF COCO UNIDAD','CHOCOJEF COCO UNIDAD',9,NULL,19,NULL,NULL,1200.00000,NULL,NULL,NULL,NULL,9.00000,NULL,'2019-04-02 08:55:47','2019-04-02 08:55:47','\0'),(3188,'52','CHOCOLATE GOL UNIDAD','CHOCOLATE GOL UNIDAD',9,NULL,19,NULL,NULL,800.00000,NULL,NULL,NULL,NULL,32.00000,NULL,'2019-04-02 08:55:47','2019-04-02 08:55:47','\0'),(3189,'53','CHOCOLATE GOLD CAJA','CHOCOLATE GOLD CAJA',9,NULL,5,NULL,NULL,14000.00000,NULL,NULL,NULL,NULL,2.00000,NULL,'2019-04-02 08:55:47','2019-04-02 08:55:47','\0'),(3190,'54','CHOCOLATINA JEF 30 GR UNIDAD','CHOCOLATINA JEF 30 GR UNIDAD',9,NULL,19,NULL,NULL,500.00000,NULL,NULL,NULL,NULL,0.00000,NULL,'2019-04-02 08:55:47','2019-04-02 08:55:47','\0'),(3191,'55','CHOCOLATINA JEF 30 GR X 50','CHOCOLATINA JEF 30 GR X 50',9,NULL,13,NULL,NULL,19000.00000,NULL,NULL,NULL,NULL,0.00000,NULL,'2019-04-02 08:55:47','2019-04-02 08:55:47','\0'),(3192,'56','CHOCOLATINA JEF BURBUJA PAQUETE','CHOCOLATINA JEF BURBUJA PAQUETE',9,NULL,13,NULL,NULL,4900.00000,NULL,NULL,NULL,NULL,5.00000,NULL,'2019-04-02 08:55:47','2019-04-02 08:55:47','\0'),(3193,'57','CHOCOLATINA JEF BURBUJA UNIDAD','CHOCOLATINA JEF BURBUJA UNIDAD',9,NULL,19,NULL,NULL,500.00000,NULL,NULL,NULL,NULL,24.00000,NULL,'2019-04-02 08:55:47','2019-04-02 08:55:47','\0'),(3194,'58','CHOCOLATINA JET SURTIDA X 24','CHOCOLATINA JET SURTIDA X 24',9,NULL,19,NULL,NULL,4500.00000,NULL,NULL,NULL,NULL,4.00000,NULL,'2019-04-02 08:55:47','2019-04-02 08:55:47','\0'),(3195,'59','CHOCOLATINA JET UNIDAD','CHOCOLATINA JET UNIDAD',9,NULL,19,NULL,NULL,4300.00000,NULL,NULL,NULL,NULL,0.00000,NULL,'2019-04-02 08:55:47','2019-04-02 08:55:47','\0'),(3196,'60','CHOCOLATINA JUMBO CRUJI UNIDAD','CHOCOLATINA JUMBO CRUJI UNIDAD',9,NULL,19,NULL,NULL,2500.00000,NULL,NULL,NULL,NULL,0.00000,NULL,'2019-04-02 08:55:47','2019-04-02 08:55:47','\0'),(3197,'61','CHOCOLATINA LECHE MUU','CHOCOLATINA LECHE MUU',9,NULL,5,NULL,NULL,300.00000,NULL,NULL,NULL,NULL,0.00000,NULL,'2019-04-02 08:55:47','2019-04-02 08:55:47','\0'),(3198,'62','CHOCOLATINA LECHE MUU','CHOCOLATINA LECHE MUU',9,NULL,19,NULL,NULL,500.00000,NULL,NULL,NULL,NULL,37.00000,NULL,'2019-04-02 08:55:47','2019-04-02 08:55:47','\0'),(3199,'63','CHOCOMELO','CHOCOMELO',9,NULL,19,NULL,NULL,700.00000,NULL,NULL,NULL,NULL,5.00000,NULL,'2019-04-02 08:55:47','2019-04-02 08:55:47','\0'),(3200,'64','CHUPETA TIPITIN PAQUETE','CHUPETA TIPITIN PAQUETE',9,NULL,13,NULL,NULL,2300.00000,NULL,NULL,NULL,NULL,1.00000,NULL,'2019-04-02 08:55:47','2019-04-02 08:55:47','\0'),(3201,'65','CHUPETA TIPITIN UNIDAD','CHUPETA TIPITIN UNIDAD',9,NULL,19,NULL,NULL,150.00000,NULL,NULL,NULL,NULL,34.00000,NULL,'2019-04-02 08:55:47','2019-04-02 08:55:47','\0'),(3202,'66','CHUPETAS UNIDAD PINK','CHUPETAS UNIDAD PINK',9,NULL,19,NULL,NULL,150.00000,NULL,NULL,NULL,NULL,37.00000,NULL,'2019-04-02 08:55:47','2019-04-02 08:55:47','\0'),(3203,'67','COCOSETE SANDWICH PAQUETE','COCOSETE SANDWICH PAQUETE',9,NULL,13,NULL,NULL,4800.00000,NULL,NULL,NULL,NULL,0.00000,NULL,'2019-04-02 08:55:47','2019-04-02 08:55:47','\0'),(3204,'68','COCOSETE SANDWICH UNIDAD','COCOSETE SANDWICH UNIDAD',9,NULL,19,NULL,NULL,500.00000,NULL,NULL,NULL,NULL,0.00000,NULL,'2019-04-02 08:55:47','2019-04-02 08:55:47','\0'),(3205,'69','COCOSETTE CAJA','COCOSETTE CAJA',9,NULL,4,NULL,NULL,21900.00000,NULL,NULL,NULL,NULL,2.00000,NULL,'2019-04-02 08:55:47','2019-04-02 08:55:47','\0'),(3206,'70','COCOSETTE UNIDAD','COCOSETTE UNIDAD',9,NULL,19,NULL,NULL,1000.00000,NULL,NULL,NULL,NULL,3.00000,NULL,'2019-04-02 08:55:47','2019-04-02 08:55:47','\0'),(3207,'71','COFFE DELAY PAQUETE','COFFE DELAY PAQUETE',9,NULL,13,NULL,NULL,6300.00000,NULL,NULL,NULL,NULL,1.00000,NULL,'2019-04-02 08:55:47','2019-04-02 08:55:47','\0'),(3208,'72','COFFE DELAY UNIDAD','COFFE DELAY UNIDAD',9,NULL,19,NULL,NULL,100.00000,NULL,NULL,NULL,NULL,55.00000,NULL,'2019-04-02 08:55:47','2019-04-02 08:55:47','\0'),(3209,'73','COLCAFE SOBRE','COLCAFE SOBRE',9,NULL,16,NULL,NULL,500.00000,NULL,NULL,NULL,NULL,46.00000,NULL,'2019-04-02 08:55:47','2019-04-02 08:55:47','\0'),(3210,'74','CONFITES SURTIDO','CONFITES SURTIDO',9,NULL,13,NULL,NULL,3800.00000,NULL,NULL,NULL,NULL,0.00000,NULL,'2019-04-02 08:55:47','2019-04-02 08:55:47','\0'),(3211,'75','CONSERVA TAMARINDO','CONSERVA TAMARINDO',9,NULL,15,NULL,NULL,4500.00000,NULL,NULL,NULL,NULL,1.00000,NULL,'2019-04-02 08:55:47','2019-04-02 08:55:47','\0'),(3212,'76','CONSERVAS PANELITA X 100','CONSERVAS PANELITA X 100',9,NULL,4,NULL,NULL,7500.00000,NULL,NULL,NULL,NULL,0.00000,NULL,'2019-04-02 08:55:47','2019-04-02 08:55:47','\0'),(3213,'77','CONSERVAS PANELITA X 50','CONSERVAS PANELITA X 50',9,NULL,4,NULL,NULL,4500.00000,NULL,NULL,NULL,NULL,5.00000,NULL,'2019-04-02 08:55:47','2019-04-02 08:55:47','\0'),(3214,'78','CONSERVAS PANELITA X 60','CONSERVAS PANELITA X 60',9,NULL,4,NULL,NULL,5000.00000,NULL,NULL,NULL,NULL,4.00000,NULL,'2019-04-02 08:55:47','2019-04-02 08:55:47','\0'),(3215,'79','CRISMELO BLANCO','CRISMELO BLANCO',9,NULL,19,NULL,NULL,4800.00000,NULL,NULL,NULL,NULL,27.00000,NULL,'2019-04-02 08:55:47','2019-04-02 08:55:47','\0'),(3216,'80','DETODITO GRANDE','DETODITO GRANDE',9,NULL,13,NULL,NULL,2000.00000,NULL,NULL,NULL,NULL,0.00000,NULL,'2019-04-02 08:55:47','2019-04-02 08:55:47','\0'),(3217,'81','DIABOLIN','DIABOLIN',9,NULL,13,NULL,NULL,3300.00000,NULL,NULL,NULL,NULL,0.00000,NULL,'2019-04-02 08:55:47','2019-04-02 08:55:47','\0'),(3218,'82','DUCALES DOBLE','DUCALES DOBLE',9,NULL,13,NULL,NULL,3600.00000,NULL,NULL,NULL,NULL,0.00000,NULL,'2019-04-02 08:55:47','2019-04-02 08:55:47','\0'),(3219,'83','DUCALES TACO','DUCALES TACO',9,NULL,13,NULL,NULL,1800.00000,NULL,NULL,NULL,NULL,0.00000,NULL,'2019-04-02 08:55:47','2019-04-02 08:55:47','\0'),(3220,'84','DUCALES TENTACION','DUCALES TENTACION',9,NULL,13,NULL,NULL,4000.00000,NULL,NULL,NULL,NULL,0.00000,NULL,'2019-04-02 08:55:47','2019-04-02 08:55:47','\0'),(3221,'85','DUCALES X 9','DUCALES X 9',9,NULL,13,NULL,NULL,3800.00000,NULL,NULL,NULL,NULL,3.00000,NULL,'2019-04-02 08:55:47','2019-04-02 08:55:47','\0'),(3222,'86','FESTIVAL RECREO 12X6','FESTIVAL RECREO 12X6',9,NULL,13,NULL,NULL,6200.00000,NULL,NULL,NULL,NULL,3.00000,NULL,'2019-04-02 08:55:47','2019-04-02 08:55:47','\0'),(3223,'87','FESTIVAL X 26','FESTIVAL X 26',9,NULL,13,NULL,NULL,14000.00000,NULL,NULL,NULL,NULL,0.00000,NULL,'2019-04-02 08:55:47','2019-04-02 08:55:47','\0'),(3224,'88','FRESAS SURTIDAS PAQUETE','FRESAS SURTIDAS PAQUETE',9,NULL,13,NULL,NULL,3800.00000,NULL,NULL,NULL,NULL,0.00000,NULL,'2019-04-02 08:55:47','2019-04-02 08:55:47','\0'),(3225,'89','FROOT LOOPS SOBRE','FROOT LOOPS SOBRE',9,NULL,16,NULL,NULL,1000.00000,NULL,NULL,NULL,NULL,7.00000,NULL,'2019-04-02 08:55:47','2019-04-02 08:55:47','\0'),(3226,'90','FRUNA ORIGINAL PAQUETE','FRUNA ORIGINAL PAQUETE',9,NULL,13,NULL,NULL,5200.00000,NULL,NULL,NULL,NULL,0.00000,NULL,'2019-04-02 08:55:47','2019-04-02 08:55:47','\0'),(3227,'91','FRUNA ORIGINAL UNIDAD','FRUNA ORIGINAL UNIDAD',9,NULL,19,NULL,NULL,300.00000,NULL,NULL,NULL,NULL,32.00000,NULL,'2019-04-02 08:55:47','2019-04-02 08:55:47','\0'),(3228,'92','FRUNAS BALL PAQUETE X 70','FRUNAS BALL PAQUETE X 70',9,NULL,13,NULL,NULL,6200.00000,NULL,NULL,NULL,NULL,5.00000,NULL,'2019-04-02 08:55:47','2019-04-02 08:55:47','\0'),(3229,'93','FRUNAS CUBITO PAQUETE','FRUNAS CUBITO PAQUETE',9,NULL,13,NULL,NULL,5200.00000,NULL,NULL,NULL,NULL,0.00000,NULL,'2019-04-02 08:55:47','2019-04-02 08:55:47','\0'),(3230,'94','FRUTAS RELLENA PAQUETE','FRUTAS RELLENA PAQUETE',9,NULL,13,NULL,NULL,4000.00000,NULL,NULL,NULL,NULL,2.00000,NULL,'2019-04-02 08:55:47','2019-04-02 08:55:47','\0'),(3231,'95','FRUTICAS DULCE DURO','FRUTICAS DULCE DURO',9,NULL,19,NULL,NULL,4000.00000,NULL,NULL,NULL,NULL,100.00000,NULL,'2019-04-02 08:55:47','2019-04-02 08:55:47','\0'),(3232,'96','FRUTICAS GRUJI X 100','FRUTICAS GRUJI X 100',9,NULL,13,NULL,NULL,4000.00000,NULL,NULL,NULL,NULL,5.00000,NULL,'2019-04-02 08:55:47','2019-04-02 08:55:47','\0'),(3233,'97','FUSION OKALOKA','FUSION OKALOKA',9,NULL,19,NULL,NULL,600.00000,NULL,NULL,NULL,NULL,0.00000,NULL,'2019-04-02 08:55:47','2019-04-02 08:55:47','\0'),(3234,'98','FUSSION RON CON PASAS PAQUETE','FUSSION RON CON PASAS PAQUETE',9,NULL,13,NULL,NULL,4200.00000,NULL,NULL,NULL,NULL,1.00000,NULL,'2019-04-02 08:55:47','2019-04-02 08:55:47','\0'),(3235,'99','GALLE RITS UNIDAD','GALLE RITS UNIDAD',9,NULL,19,NULL,NULL,500.00000,NULL,NULL,NULL,NULL,0.00000,NULL,'2019-04-02 08:55:47','2019-04-02 08:55:47','\0'),(3236,'100','GALLE WAFER X 24','GALLE WAFER X 24',9,NULL,13,NULL,NULL,3000.00000,NULL,NULL,NULL,NULL,0.00000,NULL,'2019-04-02 08:55:47','2019-04-02 08:55:47','\0'),(3237,'101','GALLETA BRIDGE WAFER X 10','GALLETA BRIDGE WAFER X 10',9,NULL,13,NULL,NULL,3700.00000,NULL,NULL,NULL,NULL,5.00000,NULL,'2019-04-02 08:55:47','2019-04-02 08:55:47','\0'),(3238,'102','GALLETA CAPRI','GALLETA CAPRI',9,NULL,19,NULL,NULL,3000.00000,NULL,NULL,NULL,NULL,0.00000,NULL,'2019-04-02 08:55:47','2019-04-02 08:55:47','\0'),(3239,'103','GALLETA CLUB SOCIAL PAQUETE','GALLETA CLUB SOCIAL PAQUETE',9,NULL,13,NULL,NULL,3700.00000,NULL,NULL,NULL,NULL,37.00000,NULL,'2019-04-02 08:55:47','2019-04-02 08:55:47','\0'),(3240,'104','GALLETA CLUB SOCIAL UNIDAD','GALLETA CLUB SOCIAL UNIDAD',9,NULL,19,NULL,NULL,600.00000,NULL,NULL,NULL,NULL,35.00000,NULL,'2019-04-02 08:55:47','2019-04-02 08:55:47','\0'),(3241,'105','GALLETA DORADITAS 4 TACOS X 364 GRA','GALLETA DORADITAS 4 TACOS X 364 GRA',9,NULL,13,NULL,NULL,3800.00000,NULL,NULL,NULL,NULL,14.00000,NULL,'2019-04-02 08:55:47','2019-04-02 08:55:47','\0'),(3242,'106','GALLETA DORADITAS TACO X 126','GALLETA DORADITAS TACO X 126',9,NULL,13,NULL,NULL,1500.00000,NULL,NULL,NULL,NULL,0.00000,NULL,'2019-04-02 08:55:47','2019-04-02 08:55:47','\0'),(3243,'107','GALLETA FESTIVAL 12X4','GALLETA FESTIVAL 12X4',9,NULL,13,NULL,NULL,5200.00000,NULL,NULL,NULL,NULL,0.00000,NULL,'2019-04-02 08:55:47','2019-04-02 08:55:47','\0'),(3244,'108','GALLETA FESTIVAL PAQUETE 12X6','GALLETA FESTIVAL PAQUETE 12X6',9,NULL,13,NULL,NULL,6200.00000,NULL,NULL,NULL,NULL,13.00000,NULL,'2019-04-02 08:55:47','2019-04-02 08:55:47','\0'),(3245,'109','GALLETA FESTIVAL UNIDAD GRANDE','GALLETA FESTIVAL UNIDAD GRANDE',9,NULL,13,NULL,NULL,700.00000,NULL,NULL,NULL,NULL,62.00000,NULL,'2019-04-02 08:55:47','2019-04-02 08:55:47','\0'),(3246,'110','GALLETA FESTIVAL UNIDAD PQ','GALLETA FESTIVAL UNIDAD PQ',9,NULL,13,NULL,NULL,500.00000,NULL,NULL,NULL,NULL,9.00000,NULL,'2019-04-02 08:55:47','2019-04-02 08:55:47','\0'),(3247,'111','GALLETA GRAKENAS SALTIN PAQUETE','GALLETA GRAKENAS SALTIN PAQUETE',9,NULL,13,NULL,NULL,3800.00000,NULL,NULL,NULL,NULL,1.00000,NULL,'2019-04-02 08:55:47','2019-04-02 08:55:47','\0'),(3248,'112','GALLETA GRAKENAS SALTIN TACO','GALLETA GRAKENAS SALTIN TACO',9,NULL,13,NULL,NULL,1000.00000,NULL,NULL,NULL,NULL,28.00000,NULL,'2019-04-02 08:55:47','2019-04-02 08:55:47','\0'),(3249,'113','GALLETA LECHE RONDAYA','GALLETA LECHE RONDAYA',9,NULL,13,NULL,NULL,3600.00000,NULL,NULL,NULL,NULL,0.00000,NULL,'2019-04-02 08:55:47','2019-04-02 08:55:47','\0'),(3250,'114','GALLETA MAMUT BLANCO','GALLETA MAMUT BLANCO',9,NULL,19,NULL,NULL,300.00000,NULL,NULL,NULL,NULL,10.00000,NULL,'2019-04-02 08:55:47','2019-04-02 08:55:47','\0'),(3251,'115','GALLETA MILO ANILLOS PAQUETE X 12','GALLETA MILO ANILLOS PAQUETE X 12',9,NULL,13,NULL,NULL,5700.00000,NULL,NULL,NULL,NULL,3.00000,NULL,'2019-04-02 08:55:47','2019-04-02 08:55:47','\0'),(3252,'116','GALLETA MILO ANILLOS PAQUETE X 16','GALLETA MILO ANILLOS PAQUETE X 16',9,NULL,13,NULL,NULL,9000.00000,NULL,NULL,NULL,NULL,5.00000,NULL,'2019-04-02 08:55:47','2019-04-02 08:55:47','\0'),(3253,'117','GALLETA MILO ANILLOS UNIDAD X 6','GALLETA MILO ANILLOS UNIDAD X 6',9,NULL,19,NULL,NULL,600.00000,NULL,NULL,NULL,NULL,8.00000,NULL,'2019-04-02 08:55:47','2019-04-02 08:55:47','\0'),(3254,'118','GALLETA MILO ARO UNIDAD X 4','GALLETA MILO ARO UNIDAD X 4',9,NULL,19,NULL,NULL,500.00000,NULL,NULL,NULL,NULL,5.00000,NULL,'2019-04-02 08:55:47','2019-04-02 08:55:47','\0'),(3255,'119','GALLETA MILO PAQUETE','GALLETA MILO PAQUETE',9,NULL,13,NULL,NULL,5800.00000,NULL,NULL,NULL,NULL,0.00000,NULL,'2019-04-02 08:55:47','2019-04-02 08:55:47','\0'),(3256,'120','GALLETA MILO UNIDAD GRANDE X 6 GALLETAS','GALLETA MILO UNIDAD GRANDE X 6 GALLETAS',9,NULL,19,NULL,NULL,700.00000,NULL,NULL,NULL,NULL,0.00000,NULL,'2019-04-02 08:55:47','2019-04-02 08:55:47','\0'),(3257,'121','GALLETA MILO UNIDAD PQ','GALLETA MILO UNIDAD PQ',9,NULL,19,NULL,NULL,500.00000,NULL,NULL,NULL,NULL,0.00000,NULL,'2019-04-02 08:55:47','2019-04-02 08:55:47','\0'),(3258,'122','GALLETA MUU MAX X 12','GALLETA MUU MAX X 12',9,NULL,13,NULL,NULL,5800.00000,NULL,NULL,NULL,NULL,4.00000,NULL,'2019-04-02 08:55:47','2019-04-02 08:55:47','\0'),(3259,'123','GALLETA MUU SABORES X 12','GALLETA MUU SABORES X 12',9,NULL,13,NULL,NULL,4800.00000,NULL,NULL,NULL,NULL,7.00000,NULL,'2019-04-02 08:55:47','2019-04-02 08:55:47','\0'),(3260,'124','GALLETA MUUU X 18','GALLETA MUUU X 18',9,NULL,13,NULL,NULL,2000.00000,NULL,NULL,NULL,NULL,22.00000,NULL,'2019-04-02 08:55:47','2019-04-02 08:55:47','\0'),(3261,'125','GALLETA MUUUX 24','GALLETA MUUUX 24',9,NULL,13,NULL,NULL,3000.00000,NULL,NULL,NULL,NULL,22.00000,NULL,'2019-04-02 08:55:47','2019-04-02 08:55:47','\0'),(3262,'126','GALLETA NAVIDENA','GALLETA NAVIDENA',9,NULL,13,NULL,NULL,3200.00000,NULL,NULL,NULL,NULL,0.00000,NULL,'2019-04-02 08:55:47','2019-04-02 08:55:47','\0'),(3263,'127','GALLETA NOEL','GALLETA NOEL',9,NULL,13,NULL,NULL,2600.00000,NULL,NULL,NULL,NULL,0.00000,NULL,'2019-04-02 08:55:47','2019-04-02 08:55:47','\0'),(3264,'128','GALLETA OREO PAQUETE X 12','GALLETA OREO PAQUETE X 12',9,NULL,13,NULL,NULL,5800.00000,NULL,NULL,NULL,NULL,57.00000,NULL,'2019-04-02 08:55:47','2019-04-02 08:55:47','\0'),(3265,'129','GALLETA OREO TUBO','GALLETA OREO TUBO',9,NULL,13,NULL,NULL,1800.00000,NULL,NULL,NULL,NULL,0.00000,NULL,'2019-04-02 08:55:47','2019-04-02 08:55:47','\0'),(3266,'130','GALLETA OREO UNIDAD','GALLETA OREO UNIDAD',9,NULL,19,NULL,NULL,500.00000,NULL,NULL,NULL,NULL,5.00000,NULL,'2019-04-02 08:55:47','2019-04-02 08:55:47','\0'),(3267,'131','GALLETA PUNTO ROJO','GALLETA PUNTO ROJO',9,NULL,13,NULL,NULL,2200.00000,NULL,NULL,NULL,NULL,31.00000,NULL,'2019-04-02 08:55:47','2019-04-02 08:55:47','\0'),(3268,'132','GALLETA RECREO 12 X 4','GALLETA RECREO 12 X 4',9,NULL,13,NULL,NULL,5800.00000,NULL,NULL,NULL,NULL,4.00000,NULL,'2019-04-02 08:55:47','2019-04-02 08:55:47','\0'),(3269,'133','GALLETA RECREO 6X1','GALLETA RECREO 6X1',9,NULL,13,NULL,NULL,19200.00000,NULL,NULL,NULL,NULL,0.00000,NULL,'2019-04-02 08:55:47','2019-04-02 08:55:47','\0'),(3270,'134','GALLETA TOSTH PAQUETE','GALLETA TOSTH PAQUETE',9,NULL,13,NULL,NULL,3700.00000,NULL,NULL,NULL,NULL,0.00000,NULL,'2019-04-02 08:55:47','2019-04-02 08:55:47','\0'),(3271,'135','GALLETA TOSTH UNIDAD','GALLETA TOSTH UNIDAD',9,NULL,19,NULL,NULL,700.00000,NULL,NULL,NULL,NULL,0.00000,NULL,'2019-04-02 08:55:47','2019-04-02 08:55:47','\0'),(3272,'136','GALLETA ZULTANA 6X1','GALLETA ZULTANA 6X1',9,NULL,13,NULL,NULL,19200.00000,NULL,NULL,NULL,NULL,0.00000,NULL,'2019-04-02 08:55:47','2019-04-02 08:55:47','\0'),(3273,'137','GALLETAS DORADITAS  4 TACOS X 126','GALLETAS DORADITAS  4 TACOS X 126',9,NULL,13,NULL,NULL,5200.00000,NULL,NULL,NULL,NULL,0.00000,NULL,'2019-04-02 08:55:47','2019-04-02 08:55:47','\0'),(3274,'138','GELATINA GOLOSA','GELATINA GOLOSA',9,NULL,4,NULL,NULL,500.00000,NULL,NULL,NULL,NULL,1.00000,NULL,'2019-04-02 08:55:47','2019-04-02 08:55:47','\0'),(3275,'139','GLOBOM HUEVITOS PAQUETE','GLOBOM HUEVITOS PAQUETE',9,NULL,13,NULL,NULL,2900.00000,NULL,NULL,NULL,NULL,4.00000,NULL,'2019-04-02 08:55:47','2019-04-02 08:55:47','\0'),(3276,'140','GLOBOM HUEVITOS UNIDAD','GLOBOM HUEVITOS UNIDAD',9,NULL,19,NULL,NULL,100.00000,NULL,NULL,NULL,NULL,146.00000,NULL,'2019-04-02 08:55:47','2019-04-02 08:55:47','\0'),(3277,'141','GOLD CHIP CAJA','GOLD CHIP CAJA',9,NULL,4,NULL,NULL,9600.00000,NULL,NULL,NULL,NULL,0.00000,NULL,'2019-04-02 08:55:47','2019-04-02 08:55:47','\0'),(3278,'142','GOLD CHIP UNIDAD','GOLD CHIP UNIDAD',9,NULL,19,NULL,NULL,500.00000,NULL,NULL,NULL,NULL,0.00000,NULL,'2019-04-02 08:55:47','2019-04-02 08:55:47','\0'),(3279,'143','GOMITAS PLAY X 211 GRAMOS','GOMITAS PLAY X 211 GRAMOS',9,NULL,19,NULL,NULL,1000.00000,NULL,NULL,NULL,NULL,23.00000,NULL,'2019-04-02 08:55:47','2019-04-02 08:55:47','\0'),(3280,'144','GRAKENAS PAQUETE','GRAKENAS PAQUETE',9,NULL,13,NULL,NULL,3600.00000,NULL,NULL,NULL,NULL,0.00000,NULL,'2019-04-02 08:55:47','2019-04-02 08:55:47','\0'),(3281,'145','GRAKENAS UNIDAD','GRAKENAS UNIDAD',9,NULL,19,NULL,NULL,600.00000,NULL,NULL,NULL,NULL,23.00000,NULL,'2019-04-02 08:55:47','2019-04-02 08:55:47','\0'),(3282,'146','GRISLY AROS','GRISLY AROS',9,NULL,13,NULL,NULL,4500.00000,NULL,NULL,NULL,NULL,0.00000,NULL,'2019-04-02 08:55:47','2019-04-02 08:55:47','\0'),(3283,'147','GRISLY CAJA X 100','GRISLY CAJA X 100',9,NULL,13,NULL,NULL,9200.00000,NULL,NULL,NULL,NULL,6.00000,NULL,'2019-04-02 08:55:47','2019-04-02 08:55:47','\0'),(3284,'148','GRISLY CLASICA','GRISLY CLASICA',9,NULL,19,NULL,NULL,4200.00000,NULL,NULL,NULL,NULL,0.00000,NULL,'2019-04-02 08:55:47','2019-04-02 08:55:47','\0'),(3285,'149','GUDIS UNIDAS','GUDIS UNIDAS',9,NULL,19,NULL,NULL,600.00000,NULL,NULL,NULL,NULL,0.00000,NULL,'2019-04-02 08:55:47','2019-04-02 08:55:47','\0'),(3286,'150','GUDIS X 12','GUDIS X 12',9,NULL,13,NULL,NULL,6200.00000,NULL,NULL,NULL,NULL,0.00000,NULL,'2019-04-02 08:55:47','2019-04-02 08:55:47','\0'),(3287,'151','GUSANITOS PLAY GOMA','GUSANITOS PLAY GOMA',9,NULL,2,NULL,NULL,5200.00000,NULL,NULL,NULL,NULL,16.00000,NULL,'2019-04-02 08:55:47','2019-04-02 08:55:47','\0'),(3288,'152','HALLS BARRA','HALLS BARRA',9,NULL,1,NULL,NULL,1000.00000,NULL,NULL,NULL,NULL,17.00000,NULL,'2019-04-02 08:55:47','2019-04-02 08:55:47','\0'),(3289,'153','HALLS PAQUETE','HALLS PAQUETE',9,NULL,13,NULL,NULL,4200.00000,NULL,NULL,NULL,NULL,0.00000,NULL,'2019-04-02 08:55:47','2019-04-02 08:55:47','\0'),(3290,'154','HALLS UNIDAD','HALLS UNIDAD',9,NULL,19,NULL,NULL,100.00000,NULL,NULL,NULL,NULL,113.00000,NULL,'2019-04-02 08:55:47','2019-04-02 08:55:47','\0'),(3291,'155','HUEVITOS ','HUEVITOS ',9,NULL,19,NULL,NULL,100.00000,NULL,NULL,NULL,NULL,40.00000,NULL,'2019-04-02 08:55:47','2019-04-02 08:55:47','\0'),(3292,'156','ICE MINT PAQUETE','ICE MINT PAQUETE',9,NULL,13,NULL,NULL,4000.00000,NULL,NULL,NULL,NULL,0.00000,NULL,'2019-04-02 08:55:47','2019-04-02 08:55:47','\0'),(3293,'157','ICE MINT UNIDAD','ICE MINT UNIDAD',9,NULL,19,NULL,NULL,100.00000,NULL,NULL,NULL,NULL,0.00000,NULL,'2019-04-02 08:55:47','2019-04-02 08:55:47','\0'),(3294,'158','LASANA','LASANA',9,NULL,4,NULL,NULL,7500.00000,NULL,NULL,NULL,NULL,2.00000,NULL,'2019-04-02 08:55:47','2019-04-02 08:55:47','\0'),(3295,'159','LECHE COMDENSADA MOCOA','LECHE COMDENSADA MOCOA',9,NULL,10,NULL,NULL,4000.00000,NULL,NULL,NULL,NULL,0.00000,NULL,'2019-04-02 08:55:47','2019-04-02 08:55:47','\0'),(3296,'160','LECHE CONDENSADA GARRAFA','LECHE CONDENSADA GARRAFA',9,NULL,7,NULL,NULL,8800.00000,NULL,NULL,NULL,NULL,0.00000,NULL,'2019-04-02 08:55:47','2019-04-02 08:55:47','\0'),(3297,'161','LECHE CONDENSADA LATA GLORIA','LECHE CONDENSADA LATA GLORIA',9,NULL,10,NULL,NULL,4500.00000,NULL,NULL,NULL,NULL,0.00000,NULL,'2019-04-02 08:55:47','2019-04-02 08:55:47','\0'),(3298,'162','LECHE CONDENSADA TETERITO','LECHE CONDENSADA TETERITO',9,NULL,3,NULL,NULL,3300.00000,NULL,NULL,NULL,NULL,0.00000,NULL,'2019-04-02 08:55:47','2019-04-02 08:55:47','\0'),(3299,'163','LECHE CONDENSADA TUBITO 100 GRAMOS','LECHE CONDENSADA TUBITO 100 GRAMOS',9,NULL,18,NULL,NULL,1600.00000,NULL,NULL,NULL,NULL,0.00000,NULL,'2019-04-02 08:55:47','2019-04-02 08:55:47','\0'),(3300,'164','LECHE CONDENSADA TUBITO 45 GRAMOS','LECHE CONDENSADA TUBITO 45 GRAMOS',9,NULL,18,NULL,NULL,1200.00000,NULL,NULL,NULL,NULL,0.00000,NULL,'2019-04-02 08:55:47','2019-04-02 08:55:47','\0'),(3301,'165','LECHE CONDENSADA TUBITO X 20 GRA','LECHE CONDENSADA TUBITO X 20 GRA',9,NULL,18,NULL,NULL,300.00000,NULL,NULL,NULL,NULL,3.00000,NULL,'2019-04-02 08:55:47','2019-04-02 08:55:47','\0'),(3302,'166','LECHE CONDENSADATUBITO 500 GR','LECHE CONDENSADATUBITO 500 GR',9,NULL,18,NULL,NULL,5200.00000,NULL,NULL,NULL,NULL,0.00000,NULL,'2019-04-02 08:55:47','2019-04-02 08:55:47','\0'),(3303,'167','LECHE CONDENSADATUBITO SOBRE 30 GRA','LECHE CONDENSADATUBITO SOBRE 30 GRA',9,NULL,18,NULL,NULL,600.00000,NULL,NULL,NULL,NULL,0.00000,NULL,'2019-04-02 08:55:47','2019-04-02 08:55:47','\0'),(3304,'168','LECHE CONSENSADA TUBITO LATA 480','LECHE CONSENSADA TUBITO LATA 480',9,NULL,18,NULL,NULL,5000.00000,NULL,NULL,NULL,NULL,0.00000,NULL,'2019-04-02 08:55:47','2019-04-02 08:55:47','\0'),(3305,'169','LONCHERA X 12','LONCHERA X 12',9,NULL,13,NULL,NULL,4800.00000,NULL,NULL,NULL,NULL,5.00000,NULL,'2019-04-02 08:55:47','2019-04-02 08:55:47','\0'),(3392,'170','LONCHERA X 24','LONCHERA X 24',9,NULL,13,NULL,NULL,9000.00000,NULL,NULL,NULL,NULL,0.00000,NULL,'2019-04-02 08:57:44','2019-04-02 08:57:44','\0'),(3393,'171','LOQUINO PAQUETE','LOQUINO PAQUETE',9,NULL,13,NULL,NULL,4000.00000,NULL,NULL,NULL,NULL,0.00000,NULL,'2019-04-02 08:57:44','2019-04-02 08:57:44','\0'),(3394,'172','LOQUINO UNIDAD','LOQUINO UNIDAD',9,NULL,19,NULL,NULL,100.00000,NULL,NULL,NULL,NULL,0.00000,NULL,'2019-04-02 08:57:44','2019-04-02 08:57:44','\0'),(3395,'173','M & M','M & M',9,NULL,16,NULL,NULL,2500.00000,NULL,NULL,NULL,NULL,12.00000,NULL,'2019-04-02 08:57:44','2019-04-02 08:57:44','\0'),(3396,'174','MANI ALMENDRA MARANON GRANDE','MANI ALMENDRA MARANON GRANDE',9,NULL,2,NULL,NULL,7000.00000,NULL,NULL,NULL,NULL,2.00000,NULL,'2019-04-02 08:57:44','2019-04-02 08:57:44','\0'),(3397,'175','MANI ALMENDRA MARANON PQ','MANI ALMENDRA MARANON PQ',9,NULL,2,NULL,NULL,1800.00000,NULL,NULL,NULL,NULL,17.00000,NULL,'2019-04-02 08:57:44','2019-04-02 08:57:44','\0'),(3398,'176','MANI ARANDANO GRANDE','MANI ARANDANO GRANDE',9,NULL,2,NULL,NULL,6500.00000,NULL,NULL,NULL,NULL,1.00000,NULL,'2019-04-02 08:57:44','2019-04-02 08:57:44','\0'),(3399,'177','MANI ARANDANO PEQUENO','MANI ARANDANO PEQUENO',9,NULL,2,NULL,NULL,1700.00000,NULL,NULL,NULL,NULL,14.00000,NULL,'2019-04-02 08:57:44','2019-04-02 08:57:44','\0'),(3400,'178','MANI ESPECIAL CON SAL X 50 GRAMOS','MANI ESPECIAL CON SAL X 50 GRAMOS',9,NULL,2,NULL,NULL,1500.00000,NULL,NULL,NULL,NULL,25.00000,NULL,'2019-04-02 08:57:44','2019-04-02 08:57:44','\0'),(3401,'179','MANI KRASKS PEQUENO','MANI KRASKS PEQUENO',9,NULL,2,NULL,NULL,700.00000,NULL,NULL,NULL,NULL,22.00000,NULL,'2019-04-02 08:57:44','2019-04-02 08:57:44','\0'),(3402,'180','MANI LA ESPECIAL CON SAL X 200 GRAMOS','MANI LA ESPECIAL CON SAL X 200 GRAMOS',9,NULL,2,NULL,NULL,4000.00000,NULL,NULL,NULL,NULL,4.00000,NULL,'2019-04-02 08:57:44','2019-04-02 08:57:44','\0'),(3403,'181','MANI LA ESPECIAL RECUBIERTO ','MANI LA ESPECIAL RECUBIERTO ',9,NULL,13,NULL,NULL,6200.00000,NULL,NULL,NULL,NULL,3.00000,NULL,'2019-04-02 08:57:44','2019-04-02 08:57:44','\0'),(3404,'182','MANI PASAS GRANDE','MANI PASAS GRANDE',9,NULL,2,NULL,NULL,4500.00000,NULL,NULL,NULL,NULL,3.00000,NULL,'2019-04-02 08:57:44','2019-04-02 08:57:44','\0'),(3405,'183','MANI PASAS PEQUENO','MANI PASAS PEQUENO',9,NULL,2,NULL,NULL,1600.00000,NULL,NULL,NULL,NULL,38.00000,NULL,'2019-04-02 08:57:44','2019-04-02 08:57:44','\0'),(3406,'184','MANI SALADO 25 GRAMOS','MANI SALADO 25 GRAMOS',9,NULL,2,NULL,NULL,700.00000,NULL,NULL,NULL,NULL,35.00000,NULL,'2019-04-02 08:57:44','2019-04-02 08:57:44','\0'),(3407,'185','MANI SALADO 45 GRAMOS','MANI SALADO 45 GRAMOS',9,NULL,2,NULL,NULL,1400.00000,NULL,NULL,NULL,NULL,0.00000,NULL,'2019-04-02 08:57:44','2019-04-02 08:57:44','\0'),(3408,'186','MANICUBIERTO X 100','MANICUBIERTO X 100',9,NULL,13,NULL,NULL,3500.00000,NULL,NULL,NULL,NULL,0.00000,NULL,'2019-04-02 08:57:44','2019-04-02 08:57:44','\0'),(3409,'187','MANICUBIERTO X200','MANICUBIERTO X200',9,NULL,15,NULL,NULL,7500.00000,NULL,NULL,NULL,NULL,7.00000,NULL,'2019-04-02 08:57:44','2019-04-02 08:57:44','\0'),(3410,'188','MANIMOTO 40 GRAMOS','MANIMOTO 40 GRAMOS',9,NULL,2,NULL,NULL,800.00000,NULL,NULL,NULL,NULL,0.00000,NULL,'2019-04-02 08:57:44','2019-04-02 08:57:44','\0'),(3411,'189','MANIMOTO DE 70 GRAMOS','MANIMOTO DE 70 GRAMOS',9,NULL,2,NULL,NULL,1200.00000,NULL,NULL,NULL,NULL,0.00000,NULL,'2019-04-02 08:57:44','2019-04-02 08:57:44','\0'),(3412,'190','MASMELOS BLANCO','MASMELOS BLANCO',9,NULL,19,NULL,NULL,5000.00000,NULL,NULL,NULL,NULL,0.00000,NULL,'2019-04-02 08:57:44','2019-04-02 08:57:44','\0'),(3413,'191','MASMELOS CORAZON PAQUETE X 50','MASMELOS CORAZON PAQUETE X 50',9,NULL,13,NULL,NULL,4500.00000,NULL,NULL,NULL,NULL,0.00000,NULL,'2019-04-02 08:57:44','2019-04-02 08:57:44','\0'),(3414,'192','MASMELOS CORAZON UNIDAD','MASMELOS CORAZON UNIDAD',9,NULL,19,NULL,NULL,100.00000,NULL,NULL,NULL,NULL,0.00000,NULL,'2019-04-02 08:57:44','2019-04-02 08:57:44','\0'),(3415,'193','MASMELOS X 50','MASMELOS X 50',9,NULL,19,NULL,NULL,4400.00000,NULL,NULL,NULL,NULL,0.00000,NULL,'2019-04-02 08:57:44','2019-04-02 08:57:44','\0'),(3416,'194','MASMELOS X 75 GRAMOS','MASMELOS X 75 GRAMOS',9,NULL,19,NULL,NULL,2000.00000,NULL,NULL,NULL,NULL,0.00000,NULL,'2019-04-02 08:57:44','2019-04-02 08:57:44','\0'),(3417,'195','MECHAS LOCAS','MECHAS LOCAS',9,NULL,19,NULL,NULL,800.00000,NULL,NULL,NULL,NULL,0.00000,NULL,'2019-04-02 08:57:44','2019-04-02 08:57:44','\0'),(3418,'196','MENTA AMERICANDT X 300','MENTA AMERICANDT X 300',9,NULL,19,NULL,NULL,12450.00000,NULL,NULL,NULL,NULL,0.00000,NULL,'2019-04-02 08:57:44','2019-04-02 08:57:44','\0'),(3419,'197','MENTA CHAO','MENTA CHAO',9,NULL,13,NULL,NULL,4000.00000,NULL,NULL,NULL,NULL,0.00000,NULL,'2019-04-02 08:57:44','2019-04-02 08:57:44','\0'),(3420,'198','MENTA CHAO UNIDAD','MENTA CHAO UNIDAD',9,NULL,19,NULL,NULL,50.00000,NULL,NULL,NULL,NULL,0.00000,NULL,'2019-04-02 08:57:44','2019-04-02 08:57:44','\0'),(3421,'199','MENTA HELADA PAQUETE','MENTA HELADA PAQUETE',9,NULL,13,NULL,NULL,4000.00000,NULL,NULL,NULL,NULL,0.00000,NULL,'2019-04-02 08:57:44','2019-04-02 08:57:44','\0'),(3422,'200','MENTA HELADA UNIDAD','MENTA HELADA UNIDAD',9,NULL,19,NULL,NULL,100.00000,NULL,NULL,NULL,NULL,234.00000,NULL,'2019-04-02 08:57:44','2019-04-02 08:57:44','\0'),(3423,'201','MENTA MIX PAQUETE','MENTA MIX PAQUETE',9,NULL,13,NULL,NULL,4000.00000,NULL,NULL,NULL,NULL,0.00000,NULL,'2019-04-02 08:57:44','2019-04-02 08:57:44','\0'),(3424,'202','MENTA MIX UNIDAD','MENTA MIX UNIDAD',9,NULL,19,NULL,NULL,100.00000,NULL,NULL,NULL,NULL,160.00000,NULL,'2019-04-02 08:57:44','2019-04-02 08:57:44','\0'),(3425,'203','MENTOLADO MISS SURTIDO','MENTOLADO MISS SURTIDO',9,NULL,13,NULL,NULL,400.00000,NULL,NULL,NULL,NULL,29.00000,NULL,'2019-04-02 08:57:44','2019-04-02 08:57:44','\0'),(3426,'204','MERMELADA ','MERMELADA ',9,NULL,2,NULL,NULL,2800.00000,NULL,NULL,NULL,NULL,8.00000,NULL,'2019-04-02 08:57:44','2019-04-02 08:57:44','\0'),(3427,'205','MINI CHIPS','MINI CHIPS',9,NULL,19,NULL,NULL,800.00000,NULL,NULL,NULL,NULL,21.00000,NULL,'2019-04-02 08:57:44','2019-04-02 08:57:44','\0'),(3428,'206','MORITAS PAQUETE','MORITAS PAQUETE',9,NULL,13,NULL,NULL,3800.00000,NULL,NULL,NULL,NULL,22.00000,NULL,'2019-04-02 08:57:44','2019-04-02 08:57:44','\0'),(3429,'207','MR TEA CAJA','MR TEA CAJA',9,NULL,4,NULL,NULL,7200.00000,NULL,NULL,NULL,NULL,2.00000,NULL,'2019-04-02 08:57:44','2019-04-02 08:57:44','\0'),(3430,'208','MR TEA SOBRE','MR TEA SOBRE',9,NULL,16,NULL,NULL,700.00000,NULL,NULL,NULL,NULL,9.00000,NULL,'2019-04-02 08:57:44','2019-04-02 08:57:44','\0'),(3431,'209','NESTEA CAJA','NESTEA CAJA',9,NULL,4,NULL,NULL,10200.00000,NULL,NULL,NULL,NULL,4.00000,NULL,'2019-04-02 08:57:44','2019-04-02 08:57:44','\0'),(3432,'210','NESTEA UNIDAD','NESTEA UNIDAD',9,NULL,19,NULL,NULL,900.00000,NULL,NULL,NULL,NULL,0.00000,NULL,'2019-04-02 08:57:44','2019-04-02 08:57:44','\0'),(3433,'211','NUCITA UNIDAD','NUCITA UNIDAD',9,NULL,19,NULL,NULL,500.00000,NULL,NULL,NULL,NULL,10.00000,NULL,'2019-04-02 08:57:44','2019-04-02 08:57:44','\0'),(3434,'212','NUCITAS PAQUETE','NUCITAS PAQUETE',9,NULL,13,NULL,NULL,9600.00000,NULL,NULL,NULL,NULL,0.00000,NULL,'2019-04-02 08:57:44','2019-04-02 08:57:44','\0'),(3435,'213','NUTELLA','NUTELLA',9,NULL,15,NULL,NULL,8800.00000,NULL,NULL,NULL,NULL,5.00000,NULL,'2019-04-02 08:57:44','2019-04-02 08:57:44','\0'),(3436,'214','OBLEAS','OBLEAS',9,NULL,13,NULL,NULL,3500.00000,NULL,NULL,NULL,NULL,8.00000,NULL,'2019-04-02 08:57:44','2019-04-02 08:57:44','\0'),(3437,'215','PAN DE YUCA','PAN DE YUCA',9,NULL,13,NULL,NULL,2200.00000,NULL,NULL,NULL,NULL,0.00000,NULL,'2019-04-02 08:57:44','2019-04-02 08:57:44','\0'),(3438,'216','PAPA MARGARITA PAQUETE','PAPA MARGARITA PAQUETE',9,NULL,13,NULL,NULL,13800.00000,NULL,NULL,NULL,NULL,0.00000,NULL,'2019-04-02 08:57:44','2019-04-02 08:57:44','\0'),(3439,'217','PAPA MARGARITA UNIDAD','PAPA MARGARITA UNIDAD',9,NULL,19,NULL,NULL,1300.00000,NULL,NULL,NULL,NULL,6.00000,NULL,'2019-04-02 08:57:44','2019-04-02 08:57:44','\0'),(3440,'218','PAPITAS RIZADAS SUELTO ','PAPITAS RIZADAS SUELTO ',9,NULL,13,NULL,NULL,1300.00000,NULL,NULL,NULL,NULL,13.00000,NULL,'2019-04-02 08:57:44','2019-04-02 08:57:44','\0'),(3441,'219','PIAZA BARQUILLOX 10 ','PIAZA BARQUILLOX 10 ',9,NULL,13,NULL,NULL,1700.00000,NULL,NULL,NULL,NULL,12.00000,NULL,'2019-04-02 08:57:44','2019-04-02 08:57:44','\0'),(3442,'220','PIAZA JIRAFA CAJA','PIAZA JIRAFA CAJA',9,NULL,5,NULL,NULL,5000.00000,NULL,NULL,NULL,NULL,20.00000,NULL,'2019-04-02 08:57:44','2019-04-02 08:57:44','\0'),(3443,'221','PIAZA JIRAFA UNIDAD','PIAZA JIRAFA UNIDAD',9,NULL,19,NULL,NULL,300.00000,NULL,NULL,NULL,NULL,11.00000,NULL,'2019-04-02 08:57:44','2019-04-02 08:57:44','\0'),(3444,'222','PIRULITO LECHE X 24','PIRULITO LECHE X 24',9,NULL,13,NULL,NULL,2500.00000,NULL,NULL,NULL,NULL,0.00000,NULL,'2019-04-02 08:57:44','2019-04-02 08:57:44','\0'),(3445,'223','PIRULITO NUCITA','PIRULITO NUCITA',9,NULL,13,NULL,NULL,2500.00000,NULL,NULL,NULL,NULL,0.00000,NULL,'2019-04-02 08:57:44','2019-04-02 08:57:44','\0'),(3446,'224','PIRULITO SURTIDO X 48','PIRULITO SURTIDO X 48',9,NULL,13,NULL,NULL,5000.00000,NULL,NULL,NULL,NULL,0.00000,NULL,'2019-04-02 08:57:44','2019-04-02 08:57:44','\0'),(3447,'225','PIRULITO UNIDAD','PIRULITO UNIDAD',9,NULL,19,NULL,NULL,150.00000,NULL,NULL,NULL,NULL,7.00000,NULL,'2019-04-02 08:57:44','2019-04-02 08:57:44','\0'),(3448,'226','PLAY AROS SOBRE','PLAY AROS SOBRE',9,NULL,16,NULL,NULL,1000.00000,NULL,NULL,NULL,NULL,76.00000,NULL,'2019-04-02 08:57:44','2019-04-02 08:57:44','\0'),(3449,'227','PLAY WALLOW','PLAY WALLOW',9,NULL,19,NULL,NULL,300.00000,NULL,NULL,NULL,NULL,45.00000,NULL,'2019-04-02 08:57:44','2019-04-02 08:57:44','\0'),(3450,'228','QUIPITO CAJA','QUIPITO CAJA',9,NULL,4,NULL,NULL,10200.00000,NULL,NULL,NULL,NULL,3.00000,NULL,'2019-04-02 08:57:44','2019-04-02 08:57:44','\0'),(3451,'229','QUIPITO UNIDAD','QUIPITO UNIDAD',9,NULL,19,NULL,NULL,500.00000,NULL,NULL,NULL,NULL,67.00000,NULL,'2019-04-02 08:57:44','2019-04-02 08:57:44','\0'),(3452,'230','ROSQUITAS','ROSQUITAS',9,NULL,13,NULL,NULL,2200.00000,NULL,NULL,NULL,NULL,9.00000,NULL,'2019-04-02 08:57:44','2019-04-02 08:57:44','\0'),(3453,'231','SALTIN 4 TACOS','SALTIN 4 TACOS',9,NULL,13,NULL,NULL,3800.00000,NULL,NULL,NULL,NULL,0.00000,NULL,'2019-04-02 08:57:44','2019-04-02 08:57:44','\0'),(3454,'232','SALTIN QUESO Y MANTEQUILLA','SALTIN QUESO Y MANTEQUILLA',9,NULL,13,NULL,NULL,300.00000,NULL,NULL,NULL,NULL,0.00000,NULL,'2019-04-02 08:57:44','2019-04-02 08:57:44','\0'),(3455,'233','SALTIN TACO','SALTIN TACO',9,NULL,13,NULL,NULL,1000.00000,NULL,NULL,NULL,NULL,212.00000,NULL,'2019-04-02 08:57:44','2019-04-02 08:57:44','\0'),(3456,'234','SALTIN TRADICIONAL','SALTIN TRADICIONAL',9,NULL,13,NULL,NULL,4600.00000,NULL,NULL,NULL,NULL,2.00000,NULL,'2019-04-02 08:57:44','2019-04-02 08:57:44','\0'),(3457,'235','SNACK MIX PAQUETE','SNACK MIX PAQUETE',9,NULL,13,NULL,NULL,18600.00000,NULL,NULL,NULL,NULL,0.00000,NULL,'2019-04-02 08:57:44','2019-04-02 08:57:44','\0'),(3458,'236','SNACK MIX UNIDAD','SNACK MIX UNIDAD',9,NULL,19,NULL,NULL,1700.00000,NULL,NULL,NULL,NULL,12.00000,NULL,'2019-04-02 08:57:44','2019-04-02 08:57:44','\0'),(3459,'237','SNACKY CARAMELO','SNACKY CARAMELO',9,NULL,19,NULL,NULL,800.00000,NULL,NULL,NULL,NULL,0.00000,NULL,'2019-04-02 08:57:44','2019-04-02 08:57:44','\0'),(3460,'238','SOBRE SUPER ACIDO X UND','SOBRE SUPER ACIDO X UND',9,NULL,19,NULL,NULL,100.00000,NULL,NULL,NULL,NULL,103.00000,NULL,'2019-04-02 08:57:44','2019-04-02 08:57:44','\0'),(3461,'239','SPARKIES PAQUETE','SPARKIES PAQUETE',9,NULL,13,NULL,NULL,6200.00000,NULL,NULL,NULL,NULL,16.00000,NULL,'2019-04-02 08:57:44','2019-04-02 08:57:44','\0'),(3462,'240','SPARKIES UNIDAD','SPARKIES UNIDAD',9,NULL,19,NULL,NULL,100.00000,NULL,NULL,NULL,NULL,60.00000,NULL,'2019-04-02 08:57:44','2019-04-02 08:57:44','\0'),(3463,'241','SPLOT CHICLE','SPLOT CHICLE',9,NULL,16,NULL,NULL,200.00000,NULL,NULL,NULL,NULL,16.00000,NULL,'2019-04-02 08:57:44','2019-04-02 08:57:44','\0'),(3464,'242','SUNTEA CAJA','SUNTEA CAJA',9,NULL,5,NULL,NULL,6400.00000,NULL,NULL,NULL,NULL,1.00000,NULL,'2019-04-02 08:57:44','2019-04-02 08:57:44','\0'),(3465,'243','SUNTEA UNIDAD','SUNTEA UNIDAD',9,NULL,19,NULL,NULL,900.00000,NULL,NULL,NULL,NULL,1.00000,NULL,'2019-04-02 08:57:44','2019-04-02 08:57:44','\0'),(3466,'244','SUPERCOCO PAQUETE','SUPERCOCO PAQUETE',9,NULL,13,NULL,NULL,0.00000,NULL,NULL,NULL,NULL,0.00000,NULL,'2019-04-02 08:57:44','2019-04-02 08:57:44','\0'),(3467,'245','SUPERCOCO UNIDAD','SUPERCOCO UNIDAD',9,NULL,19,NULL,NULL,100.00000,NULL,NULL,NULL,NULL,0.00000,NULL,'2019-04-02 08:57:44','2019-04-02 08:57:44','\0'),(3468,'246','TANG CAJA','TANG CAJA',9,NULL,5,NULL,NULL,7200.00000,NULL,NULL,NULL,NULL,1.00000,NULL,'2019-04-02 08:57:44','2019-04-02 08:57:44','\0'),(3469,'247','TANG SOBRE','TANG SOBRE',9,NULL,16,NULL,NULL,700.00000,NULL,NULL,NULL,NULL,36.00000,NULL,'2019-04-02 08:57:44','2019-04-02 08:57:44','\0'),(3470,'248','TICOS MECATO GRANDE','TICOS MECATO GRANDE',9,NULL,13,NULL,NULL,1000.00000,NULL,NULL,NULL,NULL,0.00000,NULL,'2019-04-02 08:57:44','2019-04-02 08:57:44','\0'),(3471,'249','TICOS MECATO PEQUENO','TICOS MECATO PEQUENO',9,NULL,13,NULL,NULL,500.00000,NULL,NULL,NULL,NULL,0.00000,NULL,'2019-04-02 08:57:44','2019-04-02 08:57:44','\0'),(3472,'250','TICOS UNIDAD','TICOS UNIDAD',9,NULL,19,NULL,NULL,200.00000,NULL,NULL,NULL,NULL,3.00000,NULL,'2019-04-02 08:57:44','2019-04-02 08:57:44','\0'),(3473,'251','TICOS X 12','TICOS X 12',9,NULL,13,NULL,NULL,2000.00000,NULL,NULL,NULL,NULL,4.00000,NULL,'2019-04-02 08:57:44','2019-04-02 08:57:44','\0'),(3474,'252','TOCINETA PAQUETE','TOCINETA PAQUETE',9,NULL,13,NULL,NULL,2800.00000,NULL,NULL,NULL,NULL,0.00000,NULL,'2019-04-02 08:57:44','2019-04-02 08:57:44','\0'),(3475,'253','TOSTI NACHO ','TOSTI NACHO ',9,NULL,19,NULL,NULL,700.00000,NULL,NULL,NULL,NULL,8.00000,NULL,'2019-04-02 08:57:44','2019-04-02 08:57:44','\0'),(3476,'254','TOSTIEMPANADAS PAQUETE','TOSTIEMPANADAS PAQUETE',9,NULL,13,NULL,NULL,6000.00000,NULL,NULL,NULL,NULL,0.00000,NULL,'2019-04-02 08:57:44','2019-04-02 08:57:44','\0'),(3477,'255','TOSTIEMPANADAS UNIDAD','TOSTIEMPANADAS UNIDAD',9,NULL,19,NULL,NULL,600.00000,NULL,NULL,NULL,NULL,17.00000,NULL,'2019-04-02 08:57:44','2019-04-02 08:57:44','\0'),(3478,'256','TRIANGULITO','TRIANGULITO',9,NULL,19,NULL,NULL,300.00000,NULL,NULL,NULL,NULL,0.00000,NULL,'2019-04-02 08:57:44','2019-04-02 08:57:44','\0'),(3479,'257','TRIDENT PAQUETE','TRIDENT PAQUETE',9,NULL,13,NULL,NULL,6800.00000,NULL,NULL,NULL,NULL,19.00000,NULL,'2019-04-02 08:57:44','2019-04-02 08:57:44','\0'),(3480,'258','TRIDENT UNIDAD','TRIDENT UNIDAD',9,NULL,19,NULL,NULL,100.00000,NULL,NULL,NULL,NULL,145.00000,NULL,'2019-04-02 08:57:44','2019-04-02 08:57:44','\0'),(3481,'259','TRULULU AROS X 100','TRULULU AROS X 100',9,NULL,13,NULL,NULL,9200.00000,NULL,NULL,NULL,NULL,0.00000,NULL,'2019-04-02 08:57:44','2019-04-02 08:57:44','\0'),(3482,'260','TRULULU AROS X 50','TRULULU AROS X 50',9,NULL,13,NULL,NULL,4200.00000,NULL,NULL,NULL,NULL,0.00000,NULL,'2019-04-02 08:57:44','2019-04-02 08:57:44','\0'),(3483,'261','TRULULU GUSANITOS','TRULULU GUSANITOS',9,NULL,13,NULL,NULL,4200.00000,NULL,NULL,NULL,NULL,0.00000,NULL,'2019-04-02 08:57:44','2019-04-02 08:57:44','\0'),(3484,'262','TRULULU X 50','TRULULU X 50',9,NULL,13,NULL,NULL,4200.00000,NULL,NULL,NULL,NULL,0.00000,NULL,'2019-04-02 08:57:44','2019-04-02 08:57:44','\0'),(3485,'263','TUMIX CAJA','TUMIX CAJA',9,NULL,4,NULL,NULL,6800.00000,NULL,NULL,NULL,NULL,27.00000,NULL,'2019-04-02 08:57:44','2019-04-02 08:57:44','\0'),(3486,'264','TUMIX UNIDAD','TUMIX UNIDAD',9,NULL,19,NULL,NULL,100.00000,NULL,NULL,NULL,NULL,77.00000,NULL,'2019-04-02 08:57:44','2019-04-02 08:57:44','\0'),(3487,'265','WAFER ITALO','WAFER ITALO',9,NULL,19,NULL,NULL,0.00000,NULL,NULL,NULL,NULL,0.00000,NULL,'2019-04-02 08:57:44','2019-04-02 08:57:44','\0'),(3488,'266','YUPI X 12','YUPI X 12',9,NULL,13,NULL,NULL,2000.00000,NULL,NULL,NULL,NULL,0.00000,NULL,'2019-04-02 08:57:44','2019-04-02 08:57:44','\0'),(3489,'267','ZUCARITAS BARRA','ZUCARITAS BARRA',9,NULL,1,NULL,NULL,900.00000,NULL,NULL,NULL,NULL,0.00000,NULL,'2019-04-02 08:57:44','2019-04-02 08:57:44','\0'),(3490,'268','ZUCARITAS SOBRE','ZUCARITAS SOBRE',9,NULL,16,NULL,NULL,1000.00000,NULL,NULL,NULL,NULL,23.00000,NULL,'2019-04-02 08:57:44','2019-04-02 08:57:44','\0'),(3519,'269','ACEITE 1000 CC','ACEITE 1000 CC',7,NULL,3,NULL,NULL,4500.00000,NULL,NULL,NULL,NULL,0.00000,NULL,'2019-04-02 09:47:01','2019-04-02 09:47:01','\0'),(3520,'270','ACEITE 3000 CM','ACEITE 3000 CM',7,NULL,3,NULL,NULL,13500.00000,NULL,NULL,NULL,NULL,0.00000,NULL,'2019-04-02 09:47:01','2019-04-02 09:47:01','\0'),(3521,'271','ACEITE 5000CM','ACEITE 5000CM',7,NULL,3,NULL,NULL,23500.00000,NULL,NULL,NULL,NULL,0.00000,NULL,'2019-04-02 09:47:01','2019-04-02 09:47:01','\0'),(3522,'272','ACEITE VEGETAL SUELTO','ACEITE VEGETAL SUELTO',7,NULL,14,NULL,NULL,3900.00000,NULL,NULL,NULL,NULL,70.00000,NULL,'2019-04-02 09:47:01','2019-04-02 09:47:01','\0'),(3523,'273','ACEITUNA','ACEITUNA',7,NULL,10,NULL,NULL,4800.00000,NULL,NULL,NULL,NULL,10.00000,NULL,'2019-04-02 09:47:01','2019-04-02 09:47:01','\0'),(3524,'274','AJI PICANTE JR 2000 GRAMOS','AJI PICANTE JR 2000 GRAMOS',14,NULL,3,NULL,NULL,7000.00000,NULL,NULL,NULL,NULL,10.00000,NULL,'2019-04-02 09:47:01','2019-04-02 09:47:01','\0'),(3525,'275','AJI PICANTE JR 370','AJI PICANTE JR 370',14,NULL,3,NULL,NULL,1800.00000,NULL,NULL,NULL,NULL,5.00000,NULL,'2019-04-02 09:47:01','2019-04-02 09:47:01','\0'),(3526,'276','AJI PICANTE JR PEQUENO 180','AJI PICANTE JR PEQUENO 180',14,NULL,3,NULL,NULL,1200.00000,NULL,NULL,NULL,NULL,0.00000,NULL,'2019-04-02 09:47:01','2019-04-02 09:47:01','\0'),(3527,'277','ALCAPARRA','ALCAPARRA',7,NULL,10,NULL,NULL,3700.00000,NULL,NULL,NULL,NULL,0.00000,NULL,'2019-04-02 09:47:01','2019-04-02 09:47:01','\0'),(3528,'278','ALMENDRA','ALMENDRA',11,NULL,2,NULL,NULL,0.00000,NULL,NULL,NULL,NULL,0.00000,NULL,'2019-04-02 11:13:29','2019-04-02 11:13:29','\0'),(3529,'279','ANDIHOJALDRE','ANDIHOJALDRE',11,NULL,19,NULL,NULL,2800.00000,NULL,NULL,NULL,NULL,9.00000,NULL,'2019-04-02 09:47:01','2019-04-02 09:47:01','\0'),(3530,'280','ANIS ESTRELLADO','ANIS ESTRELLADO',11,NULL,8,NULL,NULL,70.00000,NULL,NULL,NULL,NULL,478.00000,NULL,'2019-04-02 09:47:01','2019-04-02 09:47:01','\0'),(3531,'281','AREQUIPE 6X5 KL BALDE','AREQUIPE 6X5 KL BALDE',11,NULL,19,NULL,NULL,26500.00000,NULL,NULL,NULL,NULL,8.00000,NULL,'2019-04-02 09:47:01','2019-04-02 09:47:01','\0'),(3532,'282','AREQUIPE BALDE','AREQUIPE BALDE',11,NULL,19,NULL,NULL,5500.00000,NULL,NULL,NULL,NULL,0.00000,NULL,'2019-04-02 09:47:01','2019-04-02 09:47:01','\0'),(3533,'283','ARVERJAS ','ARVERJAS ',7,NULL,10,NULL,NULL,2600.00000,NULL,NULL,NULL,NULL,28.00000,NULL,'2019-04-02 09:47:01','2019-04-02 09:47:01','\0'),(3534,'284','ARVERJAS CON ZANAHORIA','ARVERJAS CON ZANAHORIA',7,NULL,10,NULL,NULL,2800.00000,NULL,NULL,NULL,NULL,4.00000,NULL,'2019-04-02 09:47:01','2019-04-02 09:47:01','\0'),(3535,'285','ASTRA REPOSTERA ','ASTRA REPOSTERA ',11,NULL,8,NULL,NULL,6800.00000,NULL,NULL,NULL,NULL,0.00000,NULL,'2019-04-02 09:47:01','2019-04-02 09:47:01','\0'),(3536,'286','ATUM VAN CAMPS','ATUM VAN CAMPS',7,NULL,10,NULL,NULL,4800.00000,NULL,NULL,NULL,NULL,14.00000,NULL,'2019-04-02 09:47:01','2019-04-02 09:47:01','\0'),(3537,'287','AVENA KLARENS','AVENA KLARENS',10,NULL,2,NULL,NULL,1000.00000,NULL,NULL,NULL,NULL,0.00000,NULL,'2019-04-02 09:47:01','2019-04-02 09:47:01','\0'),(3538,'288','AZUCAR','AZUCAR',11,NULL,8,NULL,NULL,2.00000,NULL,NULL,NULL,NULL,77.00000,NULL,'2019-04-02 09:47:01','2019-04-02 09:47:01','\0'),(3539,'289','AZUCAR  MICROPULVERIZADA','AZUCAR  MICROPULVERIZADA',11,NULL,8,NULL,NULL,12.00000,NULL,NULL,NULL,NULL,2.00000,NULL,'2019-04-02 09:47:01','2019-04-02 09:47:01','\0'),(3540,'290','AZUCAR PULVERIZADA','AZUCAR PULVERIZADA',11,NULL,8,NULL,NULL,6.00000,NULL,NULL,NULL,NULL,10.00000,NULL,'2019-04-02 09:47:01','2019-04-02 09:47:01','\0'),(3541,'291','B1','B1',8,NULL,19,NULL,NULL,250.00000,NULL,NULL,NULL,NULL,0.00000,NULL,'2019-04-02 09:47:01','2019-04-02 09:47:01','\0'),(3542,'292','BANDEJA  PLANA  N.10','BANDEJA  PLANA  N.10',8,NULL,19,NULL,NULL,150.00000,NULL,NULL,NULL,NULL,0.00000,NULL,'2019-04-02 09:47:01','2019-04-02 09:47:01','\0'),(3543,'293','BANDEJA  PLANA N. 4','BANDEJA  PLANA N. 4',8,NULL,19,NULL,NULL,150.00000,NULL,NULL,NULL,NULL,0.00000,NULL,'2019-04-02 09:47:01','2019-04-02 09:47:01','\0'),(3544,'294','BANDEJA  PLANA N.25','BANDEJA  PLANA N.25',8,NULL,19,NULL,NULL,400.00000,NULL,NULL,NULL,NULL,0.00000,NULL,'2019-04-02 09:47:01','2019-04-02 09:47:01','\0'),(3545,'295','BANDEJA  PLANO N.1','BANDEJA  PLANO N.1',8,NULL,19,NULL,NULL,60.00000,NULL,NULL,NULL,NULL,0.00000,NULL,'2019-04-02 09:47:01','2019-04-02 09:47:01','\0'),(3546,'296','BANDEJA HONDA 1 1/2','BANDEJA HONDA 1 1/2',8,NULL,19,NULL,NULL,70.00000,NULL,NULL,NULL,NULL,0.00000,NULL,'2019-04-02 09:47:01','2019-04-02 09:47:01','\0'),(3547,'297','BANDEJA HONDA N.25','BANDEJA HONDA N.25',8,NULL,19,NULL,NULL,450.00000,NULL,NULL,NULL,NULL,0.00000,NULL,'2019-04-02 09:47:01','2019-04-02 09:47:01','\0'),(3548,'298','BANDEJA N.17','BANDEJA N.17',8,NULL,19,NULL,NULL,80.00000,NULL,NULL,NULL,NULL,0.00000,NULL,'2019-04-02 09:47:01','2019-04-02 09:47:01','\0'),(3549,'299','BANDEJA N.7','BANDEJA N.7',8,NULL,19,NULL,NULL,100.00000,NULL,NULL,NULL,NULL,0.00000,NULL,'2019-04-02 09:47:01','2019-04-02 09:47:01','\0'),(3550,'300','BANDEJA N.8','BANDEJA N.8',8,NULL,19,NULL,NULL,190.00000,NULL,NULL,NULL,NULL,0.00000,NULL,'2019-04-02 09:47:01','2019-04-02 09:47:01','\0'),(3551,'301','BANDEJA T1','BANDEJA T1',8,NULL,19,NULL,NULL,250.00000,NULL,NULL,NULL,NULL,0.00000,NULL,'2019-04-02 09:47:01','2019-04-02 09:47:01','\0'),(3552,'302','BANDEJA T10','BANDEJA T10',8,NULL,19,NULL,NULL,150.00000,NULL,NULL,NULL,NULL,0.00000,NULL,'2019-04-02 09:47:01','2019-04-02 09:47:01','\0'),(3553,'303','BANDEJA T9','BANDEJA T9',8,NULL,19,NULL,NULL,190.00000,NULL,NULL,NULL,NULL,0.00000,NULL,'2019-04-02 09:47:01','2019-04-02 09:47:01','\0'),(3554,'304','BASE PUDIN','BASE PUDIN',12,NULL,13,NULL,NULL,9000.00000,NULL,NULL,NULL,NULL,1.00000,NULL,'2019-04-02 09:47:01','2019-04-02 09:47:01','\0'),(3555,'305','BICARBONATO','BICARBONATO',11,NULL,8,NULL,NULL,5000.00000,NULL,NULL,NULL,NULL,0.00000,NULL,'2019-04-02 09:47:01','2019-04-02 09:47:01','\0'),(3556,'306','BLONDA CUADRADA 1LB','BLONDA CUADRADA 1LB',8,NULL,19,NULL,NULL,300.00000,NULL,NULL,NULL,NULL,0.00000,NULL,'2019-04-02 09:47:01','2019-04-02 09:47:01','\0'),(3557,'307','BLONDA CUADRADA 3LB','BLONDA CUADRADA 3LB',8,NULL,19,NULL,NULL,800.00000,NULL,NULL,NULL,NULL,0.00000,NULL,'2019-04-02 09:47:01','2019-04-02 09:47:01','\0'),(3558,'308','BLONDA DE 1 1/2','BLONDA DE 1 1/2',8,NULL,19,NULL,NULL,700.00000,NULL,NULL,NULL,NULL,0.00000,NULL,'2019-04-02 09:47:01','2019-04-02 09:47:01','\0'),(3559,'309','BLONDA DE 1 LIBRA','BLONDA DE 1 LIBRA',8,NULL,19,NULL,NULL,600.00000,NULL,NULL,NULL,NULL,0.00000,NULL,'2019-04-02 09:47:01','2019-04-02 09:47:01','\0'),(3560,'310','BLONDA REDONDA 1/2 LB','BLONDA REDONDA 1/2 LB',8,NULL,19,NULL,NULL,400.00000,NULL,NULL,NULL,NULL,0.00000,NULL,'2019-04-02 09:47:01','2019-04-02 09:47:01','\0'),(3561,'311','BLONDA REDONDA 1LB','BLONDA REDONDA 1LB',8,NULL,19,NULL,NULL,600.00000,NULL,NULL,NULL,NULL,0.00000,NULL,'2019-04-02 09:47:01','2019-04-02 09:47:01','\0'),(3562,'312','BLONDA REDONDA 2LB','BLONDA REDONDA 2LB',8,NULL,19,NULL,NULL,800.00000,NULL,NULL,NULL,NULL,0.00000,NULL,'2019-04-02 09:47:01','2019-04-02 09:47:01','\0'),(3563,'313','BLONDA REDONDA 3LB','BLONDA REDONDA 3LB',8,NULL,19,NULL,NULL,800.00000,NULL,NULL,NULL,NULL,0.00000,NULL,'2019-04-02 09:47:01','2019-04-02 09:47:01','\0'),(3564,'314','BLONDA REDONDA 4 ONZAS','BLONDA REDONDA 4 ONZAS',8,NULL,19,NULL,NULL,200.00000,NULL,NULL,NULL,NULL,0.00000,NULL,'2019-04-02 09:47:01','2019-04-02 09:47:01','\0'),(3565,'315','BOCADILLO 180 GRAMOS','BOCADILLO 180 GRAMOS',11,NULL,19,NULL,NULL,2000.00000,NULL,NULL,NULL,NULL,20.00000,NULL,'2019-04-02 09:47:01','2019-04-02 09:47:01','\0'),(3566,'316','BOCADILLO LONJA','BOCADILLO LONJA',11,NULL,8,NULL,NULL,5000.00000,NULL,NULL,NULL,NULL,0.00000,NULL,'2019-04-02 09:47:01','2019-04-02 09:47:01','\0'),(3567,'317','BOLAS 5 KL MANIGUETA','BOLAS 5 KL MANIGUETA',8,NULL,13,NULL,NULL,2700.00000,NULL,NULL,NULL,NULL,26.00000,NULL,'2019-04-02 09:47:01','2019-04-02 09:47:01','\0'),(3568,'318','BOLI GELATINA GRANDE','BOLI GELATINA GRANDE',10,NULL,13,NULL,NULL,5500.00000,NULL,NULL,NULL,NULL,3.00000,NULL,'2019-04-02 09:47:01','2019-04-02 09:47:01','\0'),(3569,'319','BOLI GELATINA PEQUENA','BOLI GELATINA PEQUENA',10,NULL,13,NULL,NULL,4000.00000,NULL,NULL,NULL,NULL,3.00000,NULL,'2019-04-02 09:47:01','2019-04-02 09:47:01','\0'),(3570,'320','BOLI YOGOURTH GRANDE','BOLI YOGOURTH GRANDE',10,NULL,13,NULL,NULL,4000.00000,NULL,NULL,NULL,NULL,35.00000,NULL,'2019-04-02 09:47:01','2019-04-02 09:47:01','\0'),(3571,'321','BOLI YOGOURTH PEQUENO','BOLI YOGOURTH PEQUENO',10,NULL,13,NULL,NULL,4000.00000,NULL,NULL,NULL,NULL,25.00000,NULL,'2019-04-02 09:47:01','2019-04-02 09:47:01','\0'),(3572,'322','BOLSA  TRANSPARENTE 18X30','BOLSA  TRANSPARENTE 18X30',8,NULL,13,NULL,NULL,3500.00000,NULL,NULL,NULL,NULL,0.00000,NULL,'2019-04-02 09:47:01','2019-04-02 09:47:01','\0'),(3573,'323','BOLSA 10 KL MANIGUETA','BOLSA 10 KL MANIGUETA',8,NULL,13,NULL,NULL,3700.00000,NULL,NULL,NULL,NULL,10.00000,NULL,'2019-04-02 09:47:01','2019-04-02 09:47:01','\0'),(3574,'324','BOLSA 15 KL MANIGUETA','BOLSA 15 KL MANIGUETA',8,NULL,13,NULL,NULL,4200.00000,NULL,NULL,NULL,NULL,22.00000,NULL,'2019-04-02 09:47:01','2019-04-02 09:47:01','\0'),(3575,'325','BOLSA 2 KL MANIGUETA','BOLSA 2 KL MANIGUETA',8,NULL,13,NULL,NULL,1300.00000,NULL,NULL,NULL,NULL,0.00000,NULL,'2019-04-02 09:47:01','2019-04-02 09:47:01','\0'),(3576,'326','BOLSA 20 KL MANIGUETA','BOLSA 20 KL MANIGUETA',8,NULL,13,NULL,NULL,6000.00000,NULL,NULL,NULL,NULL,0.00000,NULL,'2019-04-02 09:47:01','2019-04-02 09:47:01','\0'),(3577,'327','BOLSA 25 KL MANIGUETA X 100','BOLSA 25 KL MANIGUETA X 100',8,NULL,13,NULL,NULL,8500.00000,NULL,NULL,NULL,NULL,0.00000,NULL,'2019-04-02 09:47:01','2019-04-02 09:47:01','\0'),(3578,'328','BOLSA 25 KL MANIGUETA X 50','BOLSA 25 KL MANIGUETA X 50',8,NULL,13,NULL,NULL,4500.00000,NULL,NULL,NULL,NULL,0.00000,NULL,'2019-04-02 09:47:01','2019-04-02 09:47:01','\0'),(3579,'329','BOLSA 3 KL MANIGUETA','BOLSA 3 KL MANIGUETA',8,NULL,13,NULL,NULL,1700.00000,NULL,NULL,NULL,NULL,4.00000,NULL,'2019-04-02 09:47:01','2019-04-02 09:47:01','\0'),(3580,'330','BOLSA ALUMINCA MEDIO POLLO FRESH','BOLSA ALUMINCA MEDIO POLLO FRESH',8,NULL,13,NULL,NULL,2000.00000,NULL,NULL,NULL,NULL,0.00000,NULL,'2019-04-02 09:47:01','2019-04-02 09:47:01','\0'),(3581,'331','BOLSA BASURA JUMBO','BOLSA BASURA JUMBO',8,NULL,13,NULL,NULL,1800.00000,NULL,NULL,NULL,NULL,0.00000,NULL,'2019-04-02 09:47:01','2019-04-02 09:47:01','\0'),(3582,'332','BOLSA BASURA NN','BOLSA BASURA NN',8,NULL,13,NULL,NULL,3800.00000,NULL,NULL,NULL,NULL,0.00000,NULL,'2019-04-02 09:47:01','2019-04-02 09:47:01','\0'),(3583,'333','BOLSA BLANCA 5X8','BOLSA BLANCA 5X8',8,NULL,13,NULL,NULL,500.00000,NULL,NULL,NULL,NULL,45.00000,NULL,'2019-04-02 09:47:01','2019-04-02 09:47:01','\0'),(3584,'334','BOLSA BLANCA 6X9','BOLSA BLANCA 6X9',8,NULL,13,NULL,NULL,600.00000,NULL,NULL,NULL,NULL,0.00000,NULL,'2019-04-02 09:47:01','2019-04-02 09:47:01','\0'),(3585,'335','BOLSA BLANCA 7X10','BOLSA BLANCA 7X10',8,NULL,13,NULL,NULL,700.00000,NULL,NULL,NULL,NULL,60.00000,NULL,'2019-04-02 09:47:01','2019-04-02 09:47:01','\0'),(3586,'336','BOLSA BLANCA 8X12','BOLSA BLANCA 8X12',8,NULL,2,NULL,NULL,0.00000,NULL,NULL,NULL,NULL,0.00000,NULL,'2019-04-02 11:10:26','2019-04-02 11:10:26','\0'),(3587,'337','BOLSA BLANCA 8X12','BOLSA BLANCA 8X12',8,NULL,13,NULL,NULL,700.00000,NULL,NULL,NULL,NULL,25.00000,NULL,'2019-04-02 09:47:01','2019-04-02 09:47:01','\0'),(3588,'338','BOLSA BOLI CORTO','BOLSA BOLI CORTO',8,NULL,13,NULL,NULL,350.00000,NULL,NULL,NULL,NULL,88.00000,NULL,'2019-04-02 09:47:01','2019-04-02 09:47:01','\0'),(3589,'339','BOLSA BOLI LARGO','BOLSA BOLI LARGO',8,NULL,13,NULL,NULL,400.00000,NULL,NULL,NULL,NULL,48.00000,NULL,'2019-04-02 09:47:01','2019-04-02 09:47:01','\0'),(3590,'340','BOLSA CHICHERA','BOLSA CHICHERA',8,NULL,13,NULL,NULL,500.00000,NULL,NULL,NULL,NULL,35.00000,NULL,'2019-04-02 09:47:01','2019-04-02 09:47:01','\0'),(3591,'341','BOLSA CHIYONA 8X12','BOLSA CHIYONA 8X12',8,NULL,13,NULL,NULL,1200.00000,NULL,NULL,NULL,NULL,22.00000,NULL,'2019-04-02 09:47:01','2019-04-02 09:47:01','\0'),(3592,'342','BOLSA CHIYONA NORMAL','BOLSA CHIYONA NORMAL',8,NULL,13,NULL,NULL,500.00000,NULL,NULL,NULL,NULL,48.00000,NULL,'2019-04-02 09:47:01','2019-04-02 09:47:01','\0'),(3593,'343','BOLSA COLOR 10X14','BOLSA COLOR 10X14',8,NULL,13,NULL,NULL,1600.00000,NULL,NULL,NULL,NULL,18.00000,NULL,'2019-04-02 09:47:01','2019-04-02 09:47:01','\0'),(3594,'344','BOLSA COLOR 10X16','BOLSA COLOR 10X16',8,NULL,13,NULL,NULL,1600.00000,NULL,NULL,NULL,NULL,0.00000,NULL,'2019-04-02 09:47:01','2019-04-02 09:47:01','\0'),(3595,'345','BOLSA COLOR 12X18','BOLSA COLOR 12X18',8,NULL,13,NULL,NULL,2200.00000,NULL,NULL,NULL,NULL,7.00000,NULL,'2019-04-02 09:47:01','2019-04-02 09:47:01','\0'),(3596,'346','BOLSA COLOR 5 X 8 ','BOLSA COLOR 5 X 8 ',8,NULL,13,NULL,NULL,500.00000,NULL,NULL,NULL,NULL,17.00000,NULL,'2019-04-02 09:47:01','2019-04-02 09:47:01','\0'),(3597,'347','BOLSA COLOR 6 X 12 ','BOLSA COLOR 6 X 12 ',8,NULL,13,NULL,NULL,600.00000,NULL,NULL,NULL,NULL,0.00000,NULL,'2019-04-02 09:47:01','2019-04-02 09:47:01','\0'),(3598,'348','BOLSA COLOR 6 X 9 ','BOLSA COLOR 6 X 9 ',8,NULL,13,NULL,NULL,550.00000,NULL,NULL,NULL,NULL,25.00000,NULL,'2019-04-02 09:47:01','2019-04-02 09:47:01','\0'),(3599,'349','BOLSA COLOR 7 X 10 ','BOLSA COLOR 7 X 10 ',8,NULL,13,NULL,NULL,700.00000,NULL,NULL,NULL,NULL,0.00000,NULL,'2019-04-02 09:47:01','2019-04-02 09:47:01','\0'),(3600,'350','BOLSA COLOR 8 X 12 ','BOLSA COLOR 8 X 12 ',8,NULL,13,NULL,NULL,1200.00000,NULL,NULL,NULL,NULL,0.00000,NULL,'2019-04-02 09:47:01','2019-04-02 09:47:01','\0'),(3601,'351','BOLSA COLOR 8X18','BOLSA COLOR 8X18',8,NULL,13,NULL,NULL,1200.00000,NULL,NULL,NULL,NULL,0.00000,NULL,'2019-04-02 09:47:01','2019-04-02 09:47:01','\0'),(3602,'352','BOLSA COLOR 9 x 14 ','BOLSA COLOR 9 x 14 ',8,NULL,13,NULL,NULL,1400.00000,NULL,NULL,NULL,NULL,0.00000,NULL,'2019-04-02 09:47:01','2019-04-02 09:47:01','\0'),(3603,'353','BOLSA HIELO JUMBO NORMAL','BOLSA HIELO JUMBO NORMAL',8,NULL,19,NULL,NULL,1000.00000,NULL,NULL,NULL,NULL,0.00000,NULL,'2019-04-02 09:47:01','2019-04-02 09:47:01','\0'),(3604,'354','BOLSA HIELO JUMBO SILICONA','BOLSA HIELO JUMBO SILICONA',8,NULL,19,NULL,NULL,1000.00000,NULL,NULL,NULL,NULL,33.00000,NULL,'2019-04-02 09:47:01','2019-04-02 09:47:01','\0'),(3605,'355','BOLSA HIELO NORMAL','BOLSA HIELO NORMAL',8,NULL,19,NULL,NULL,650.00000,NULL,NULL,NULL,NULL,25.00000,NULL,'2019-04-02 09:47:01','2019-04-02 09:47:01','\0'),(3606,'356','BOLSA LUMINICA L 17','BOLSA LUMINICA L 17',8,NULL,13,NULL,NULL,1500.00000,NULL,NULL,NULL,NULL,17.00000,NULL,'2019-04-02 09:47:01','2019-04-02 09:47:01','\0'),(3607,'357','BOLSA LUMINICA L 19','BOLSA LUMINICA L 19',8,NULL,13,NULL,NULL,2000.00000,NULL,NULL,NULL,NULL,50.00000,NULL,'2019-04-02 09:47:01','2019-04-02 09:47:01','\0'),(3608,'358','BOLSA LUMINICA L 20','BOLSA LUMINICA L 20',8,NULL,13,NULL,NULL,2200.00000,NULL,NULL,NULL,NULL,0.00000,NULL,'2019-04-02 09:47:01','2019-04-02 09:47:01','\0'),(3609,'359','BOLSA LUMINICA L 23','BOLSA LUMINICA L 23',8,NULL,13,NULL,NULL,2800.00000,NULL,NULL,NULL,NULL,8.00000,NULL,'2019-04-02 09:47:01','2019-04-02 09:47:01','\0'),(3610,'360','BOLSA LUMINICA L 26','BOLSA LUMINICA L 26',8,NULL,13,NULL,NULL,3200.00000,NULL,NULL,NULL,NULL,0.00000,NULL,'2019-04-02 09:47:01','2019-04-02 09:47:01','\0'),(3611,'361','BOLSA LUMINICA P 26','BOLSA LUMINICA P 26',8,NULL,13,NULL,NULL,3200.00000,NULL,NULL,NULL,NULL,5.00000,NULL,'2019-04-02 09:47:01','2019-04-02 09:47:01','\0'),(3612,'362','BOLSA PAN FRANCES','BOLSA PAN FRANCES',8,NULL,13,NULL,NULL,3000.00000,NULL,NULL,NULL,NULL,5.00000,NULL,'2019-04-02 09:47:01','2019-04-02 09:47:01','\0'),(3613,'363','BOLSA PAPEL 1/2LB','BOLSA PAPEL 1/2LB',8,NULL,19,NULL,NULL,1800.00000,NULL,NULL,NULL,NULL,11.00000,NULL,'2019-04-02 09:47:01','2019-04-02 09:47:01','\0'),(3614,'364','BOLSA PAPEL 1LB','BOLSA PAPEL 1LB',8,NULL,13,NULL,NULL,2200.00000,NULL,NULL,NULL,NULL,0.00000,NULL,'2019-04-02 09:47:01','2019-04-02 09:47:01','\0'),(3615,'365','BOLSA PAPEL 2LB','BOLSA PAPEL 2LB',8,NULL,13,NULL,NULL,2800.00000,NULL,NULL,NULL,NULL,3.00000,NULL,'2019-04-02 09:47:01','2019-04-02 09:47:01','\0'),(3616,'366','BOLSA PAPEL 3LB','BOLSA PAPEL 3LB',8,NULL,13,NULL,NULL,3800.00000,NULL,NULL,NULL,NULL,4.00000,NULL,'2019-04-02 09:47:01','2019-04-02 09:47:01','\0'),(3617,'367','BOLSA PAPEL 4LB','BOLSA PAPEL 4LB',8,NULL,13,NULL,NULL,4800.00000,NULL,NULL,NULL,NULL,0.00000,NULL,'2019-04-02 09:47:01','2019-04-02 09:47:01','\0'),(3618,'368','BOLSA PAPEL 6LB','BOLSA PAPEL 6LB',8,NULL,13,NULL,NULL,6200.00000,NULL,NULL,NULL,NULL,7.00000,NULL,'2019-04-02 09:47:01','2019-04-02 09:47:01','\0'),(3619,'369','BOLSA PASTILLERA 4X8','BOLSA PASTILLERA 4X8',8,NULL,13,NULL,NULL,350.00000,NULL,NULL,NULL,NULL,36.00000,NULL,'2019-04-02 09:47:01','2019-04-02 09:47:01','\0'),(3620,'370','BOLSA TRANSPARENTE 10X14','BOLSA TRANSPARENTE 10X14',8,NULL,13,NULL,NULL,1600.00000,NULL,NULL,NULL,NULL,28.00000,NULL,'2019-04-02 09:47:01','2019-04-02 09:47:01','\0'),(3621,'371','BOLSA TRANSPARENTE 10X16','BOLSA TRANSPARENTE 10X16',8,NULL,13,NULL,NULL,2200.00000,NULL,NULL,NULL,NULL,9.00000,NULL,'2019-04-02 09:47:01','2019-04-02 09:47:01','\0'),(3622,'372','BOLSA TRANSPARENTE 12X18','BOLSA TRANSPARENTE 12X18',8,NULL,13,NULL,NULL,3500.00000,NULL,NULL,NULL,NULL,4.00000,NULL,'2019-04-02 09:47:01','2019-04-02 09:47:01','\0'),(3623,'373','BOLSA TRANSPARENTE 14X20','BOLSA TRANSPARENTE 14X20',8,NULL,13,NULL,NULL,3500.00000,NULL,NULL,NULL,NULL,7.00000,NULL,'2019-04-02 09:47:01','2019-04-02 09:47:01','\0'),(3624,'374','BOLSA TRANSPARENTE 15X22','BOLSA TRANSPARENTE 15X22',8,NULL,13,NULL,NULL,3800.00000,NULL,NULL,NULL,NULL,23.00000,NULL,'2019-04-02 09:47:01','2019-04-02 09:47:01','\0'),(3625,'375','BOLSA TRANSPARENTE 18X30','BOLSA TRANSPARENTE 18X30',8,NULL,13,NULL,NULL,3500.00000,NULL,NULL,NULL,NULL,0.00000,NULL,'2019-04-02 09:47:01','2019-04-02 09:47:01','\0'),(3626,'376','BOLSA TRANSPARENTE 5X8','BOLSA TRANSPARENTE 5X8',8,NULL,13,NULL,NULL,500.00000,NULL,NULL,NULL,NULL,0.00000,NULL,'2019-04-02 09:47:01','2019-04-02 09:47:01','\0'),(3627,'377','BOLSA TRANSPARENTE 6X9','BOLSA TRANSPARENTE 6X9',8,NULL,13,NULL,NULL,700.00000,NULL,NULL,NULL,NULL,0.00000,NULL,'2019-04-02 09:47:01','2019-04-02 09:47:01','\0'),(3628,'378','BOLSA TRANSPARENTE 7X10','BOLSA TRANSPARENTE 7X10',8,NULL,13,NULL,NULL,900.00000,NULL,NULL,NULL,NULL,12.00000,NULL,'2019-04-02 09:47:01','2019-04-02 09:47:01','\0'),(3629,'379','BOLSA TRANSPARENTE 8X12','BOLSA TRANSPARENTE 8X12',8,NULL,13,NULL,NULL,1200.00000,NULL,NULL,NULL,NULL,19.00000,NULL,'2019-04-02 09:47:01','2019-04-02 09:47:01','\0'),(3630,'380','BOLSA TRANSPARENTE 8X18','BOLSA TRANSPARENTE 8X18',8,NULL,13,NULL,NULL,2000.00000,NULL,NULL,NULL,NULL,20.00000,NULL,'2019-04-02 09:47:01','2019-04-02 09:47:01','\0'),(3631,'381','BOLSA TRANSPARENTE 9X14','BOLSA TRANSPARENTE 9X14',8,NULL,13,NULL,NULL,1700.00000,NULL,NULL,NULL,NULL,32.00000,NULL,'2019-04-02 09:47:01','2019-04-02 09:47:01','\0'),(3632,'382','BOTELLA AGUA CRISTALINA','BOTELLA AGUA CRISTALINA',5,NULL,3,NULL,NULL,300.00000,NULL,NULL,NULL,NULL,0.00000,NULL,'2019-04-02 09:47:01','2019-04-02 09:47:01','\0'),(3633,'383','BREVAS X 310','BREVAS X 310',11,NULL,19,NULL,NULL,7800.00000,NULL,NULL,NULL,NULL,2.00000,NULL,'2019-04-02 09:47:01','2019-04-02 09:47:01','\0'),(3634,'384','BUTIFARRA CUNIT','BUTIFARRA CUNIT',6,NULL,13,NULL,NULL,7000.00000,NULL,NULL,NULL,NULL,6.00000,NULL,'2019-04-02 09:47:01','2019-04-02 09:47:01','\0'),(3635,'385','BUTIFARRA CUNIT','BUTIFARRA CUNIT',6,NULL,13,NULL,NULL,7200.00000,NULL,NULL,NULL,NULL,6.00000,NULL,'2019-04-02 09:47:01','2019-04-02 09:47:01','\0'),(3636,'386','BUTIFARRA PARICIEN','BUTIFARRA PARICIEN',6,NULL,13,NULL,NULL,6800.00000,NULL,NULL,NULL,NULL,0.00000,NULL,'2019-04-02 09:47:01','2019-04-02 09:47:01','\0'),(3637,'387','BUTIFARRA PROPIA','BUTIFARRA PROPIA',6,NULL,13,NULL,NULL,12000.00000,NULL,NULL,NULL,NULL,0.00000,NULL,'2019-04-02 09:47:01','2019-04-02 09:47:01','\0'),(3638,'388','C1','C1',8,NULL,19,NULL,NULL,120.00000,NULL,NULL,NULL,NULL,0.00000,NULL,'2019-04-02 09:47:01','2019-04-02 09:47:01','\0'),(3639,'389','CABANO X 6 PARISIEN','CABANO X 6 PARISIEN',6,NULL,13,NULL,NULL,13500.00000,NULL,NULL,NULL,NULL,5.00000,NULL,'2019-04-02 09:47:01','2019-04-02 09:47:01','\0'),(3640,'390','CAJA DE PIZZA EXTRALARGE','CAJA DE PIZZA EXTRALARGE',7,NULL,19,NULL,NULL,2250.00000,NULL,NULL,NULL,NULL,22.00000,NULL,'2019-04-02 09:47:01','2019-04-02 09:47:01','\0'),(3641,'391','CAJA PIZZ MEDIUN','CAJA PIZZ MEDIUN',7,NULL,19,NULL,NULL,1100.00000,NULL,NULL,NULL,NULL,29.00000,NULL,'2019-04-02 09:47:01','2019-04-02 09:47:01','\0'),(3642,'392','CAJA PIZZA LARGE','CAJA PIZZA LARGE',7,NULL,19,NULL,NULL,1250.00000,NULL,NULL,NULL,NULL,51.00000,NULL,'2019-04-02 09:47:01','2019-04-02 09:47:01','\0'),(3643,'393','CAJA PIZZA PERSONAL','CAJA PIZZA PERSONAL',7,NULL,19,NULL,NULL,800.00000,NULL,NULL,NULL,NULL,0.00000,NULL,'2019-04-02 09:47:01','2019-04-02 09:47:01','\0'),(3644,'394','CAJA PIZZA SMOLL','CAJA PIZZA SMOLL',7,NULL,19,NULL,NULL,900.00000,NULL,NULL,NULL,NULL,28.00000,NULL,'2019-04-02 09:47:01','2019-04-02 09:47:01','\0'),(3645,'395','CAJA PUDIN 1 LB SENCILLA','CAJA PUDIN 1 LB SENCILLA',13,NULL,19,NULL,NULL,1400.00000,NULL,NULL,NULL,NULL,29.00000,NULL,'2019-04-02 09:47:01','2019-04-02 09:47:01','\0'),(3646,'396','CAJA PUDIN 1/2','CAJA PUDIN 1/2',13,NULL,19,NULL,NULL,1100.00000,NULL,NULL,NULL,NULL,22.00000,NULL,'2019-04-02 09:47:01','2019-04-02 09:47:01','\0'),(3647,'397','CAJA PUDIN 1LB MALETA','CAJA PUDIN 1LB MALETA',13,NULL,19,NULL,NULL,1600.00000,NULL,NULL,NULL,NULL,100.00000,NULL,'2019-04-02 09:47:01','2019-04-02 09:47:01','\0'),(3648,'398','CAJA PUDIN 2LB','CAJA PUDIN 2LB',13,NULL,19,NULL,NULL,2600.00000,NULL,NULL,NULL,NULL,26.00000,NULL,'2019-04-02 09:47:01','2019-04-02 09:47:01','\0'),(3649,'399','CAJA PUDIN LIBRA Y MEDIA ','CAJA PUDIN LIBRA Y MEDIA ',13,NULL,19,NULL,NULL,1600.00000,NULL,NULL,NULL,NULL,5.00000,NULL,'2019-04-02 09:47:01','2019-04-02 09:47:01','\0'),(3650,'400','CANELA ASTILLADA','CANELA ASTILLADA',11,NULL,8,NULL,NULL,90.00000,NULL,NULL,NULL,NULL,369.00000,NULL,'2019-04-02 09:47:01','2019-04-02 09:47:01','\0'),(3651,'401','CAPACILLO N. 1 X 40 UNIDADES','CAPACILLO N. 1 X 40 UNIDADES',13,NULL,19,NULL,NULL,150.00000,NULL,NULL,NULL,NULL,40.00000,NULL,'2019-04-02 09:47:01','2019-04-02 09:47:01','\0'),(3652,'402','CAPACILLO N. 3 X 40 UNIDADES','CAPACILLO N. 3 X 40 UNIDADES',13,NULL,19,NULL,NULL,250.00000,NULL,NULL,NULL,NULL,40.00000,NULL,'2019-04-02 09:47:01','2019-04-02 09:47:01','\0'),(3653,'403','CAPACILLO N. 4 X 40 UNIDADES','CAPACILLO N. 4 X 40 UNIDADES',13,NULL,19,NULL,NULL,250.00000,NULL,NULL,NULL,NULL,26.00000,NULL,'2019-04-02 09:47:01','2019-04-02 09:47:01','\0'),(3654,'404','CAPACILLO N. 5 X 40 UNIDADES','CAPACILLO N. 5 X 40 UNIDADES',13,NULL,19,NULL,NULL,250.00000,NULL,NULL,NULL,NULL,0.00000,NULL,'2019-04-02 09:47:01','2019-04-02 09:47:01','\0'),(3655,'405','CARNE HAMBURGUESA CUNIT X 10 UND KILO','CARNE HAMBURGUESA CUNIT X 10 UND KILO',6,NULL,13,NULL,NULL,9600.00000,NULL,NULL,NULL,NULL,2.00000,NULL,'2019-04-02 09:47:01','2019-04-02 09:47:01','\0'),(3656,'406','CARNE HAMBURGUESA MONTEFRIO','CARNE HAMBURGUESA MONTEFRIO',6,NULL,13,NULL,NULL,7500.00000,NULL,NULL,NULL,NULL,0.00000,NULL,'2019-04-02 09:47:01','2019-04-02 09:47:01','\0'),(3657,'407','CARNE HAMBURGUESA PARISIEN','CARNE HAMBURGUESA PARISIEN',6,NULL,13,NULL,NULL,0.00000,NULL,NULL,NULL,NULL,14.00000,NULL,'2019-04-02 09:47:01','2019-04-02 09:47:01','\0'),(3658,'408','CARNE HAMBURGUESA RAPIYA CUNIT','CARNE HAMBURGUESA RAPIYA CUNIT',6,NULL,13,NULL,NULL,9500.00000,NULL,NULL,NULL,NULL,66.00000,NULL,'2019-04-02 09:47:01','2019-04-02 09:47:01','\0'),(3659,'409','CARNE HAMBURGUESA SANTA CRUZ','CARNE HAMBURGUESA SANTA CRUZ',6,NULL,13,NULL,NULL,6000.00000,NULL,NULL,NULL,NULL,0.00000,NULL,'2019-04-02 09:47:01','2019-04-02 09:47:01','\0'),(3660,'410','CAZADORA CUNIT SALCHICHA','CAZADORA CUNIT SALCHICHA',6,NULL,13,NULL,NULL,8000.00000,NULL,NULL,NULL,NULL,0.00000,NULL,'2019-04-02 09:47:01','2019-04-02 09:47:01','\0'),(3661,'411','CAZADORA DAN SALCHICHA','CAZADORA DAN SALCHICHA',6,NULL,13,NULL,NULL,0.00000,NULL,NULL,NULL,NULL,20.00000,NULL,'2019-04-02 09:47:01','2019-04-02 09:47:01','\0'),(3662,'412','CEREZA ENTERA 125','CEREZA ENTERA 125',11,NULL,19,NULL,NULL,3700.00000,NULL,NULL,NULL,NULL,18.00000,NULL,'2019-04-02 09:47:01','2019-04-02 09:47:01','\0'),(3663,'413','CEREZA ENTERA 4000 UNIDAD','CEREZA ENTERA 4000 UNIDAD',11,NULL,8,NULL,NULL,200.00000,NULL,NULL,NULL,NULL,2.00000,NULL,'2019-04-02 09:47:01','2019-04-02 09:47:01','\0'),(3664,'414','CERVERONI CUNIT','CERVERONI CUNIT',6,NULL,19,NULL,NULL,16000.00000,NULL,NULL,NULL,NULL,2.00000,NULL,'2019-04-02 09:47:01','2019-04-02 09:47:01','\0'),(3665,'415','CHAMPINON 400 GR','CHAMPINON 400 GR',7,NULL,10,NULL,NULL,0.00000,NULL,NULL,NULL,NULL,0.00000,NULL,'2019-04-02 09:47:01','2019-04-02 09:47:01','\0'),(3666,'416','CHAMPINON TAJADO','CHAMPINON TAJADO',11,NULL,10,NULL,NULL,4700.00000,NULL,NULL,NULL,NULL,0.00000,NULL,'2019-04-02 09:47:01','2019-04-02 09:47:01','\0'),(3667,'417','CHANTILLI KILO','CHANTILLI KILO',13,NULL,8,NULL,NULL,27.00000,NULL,NULL,NULL,NULL,725.00000,NULL,'2019-04-02 09:47:01','2019-04-02 09:47:01','\0'),(3668,'418','CHISP DE CHOCOLATE BLANCO','CHISP DE CHOCOLATE BLANCO',11,NULL,8,NULL,NULL,20.00000,NULL,NULL,NULL,NULL,1.00000,NULL,'2019-04-02 09:47:01','2019-04-02 09:47:01','\0'),(3669,'419','CHISP DE CHOCOLATE NEGRO','CHISP DE CHOCOLATE NEGRO',11,NULL,8,NULL,NULL,20.00000,NULL,NULL,NULL,NULL,1.00000,NULL,'2019-04-02 09:47:01','2019-04-02 09:47:01','\0'),(3670,'420','CHONGO BLISS X 1000 GRAMOS','CHONGO BLISS X 1000 GRAMOS',7,NULL,2,NULL,NULL,4900.00000,NULL,NULL,NULL,NULL,0.00000,NULL,'2019-04-02 09:47:01','2019-04-02 09:47:01','\0'),(3671,'421','CHONGO BONNY X 1000','CHONGO BONNY X 1000',7,NULL,2,NULL,NULL,5000.00000,NULL,NULL,NULL,NULL,0.00000,NULL,'2019-04-02 09:47:01','2019-04-02 09:47:01','\0'),(3672,'422','CHONGO LIBRA','CHONGO LIBRA',7,NULL,2,NULL,NULL,2200.00000,NULL,NULL,NULL,NULL,0.00000,NULL,'2019-04-02 09:47:01','2019-04-02 09:47:01','\0'),(3673,'423','CHONGO RISITOS X 750','CHONGO RISITOS X 750',11,NULL,19,NULL,NULL,4000.00000,NULL,NULL,NULL,NULL,2.00000,NULL,'2019-04-02 09:47:01','2019-04-02 09:47:01','\0'),(3674,'424','CHONGO SAN MIGUEL','CHONGO SAN MIGUEL',7,NULL,2,NULL,NULL,3900.00000,NULL,NULL,NULL,NULL,0.00000,NULL,'2019-04-02 09:47:01','2019-04-02 09:47:01','\0'),(3675,'425','CHONGO X 150 GR','CHONGO X 150 GR',7,NULL,2,NULL,NULL,1200.00000,NULL,NULL,NULL,NULL,32.00000,NULL,'2019-04-02 09:47:01','2019-04-02 09:47:01','\0'),(3676,'426','CHORIBUTI','CHORIBUTI',6,NULL,11,NULL,NULL,5600.00000,NULL,NULL,NULL,NULL,95.00000,NULL,'2019-04-02 09:47:01','2019-04-02 09:47:01','\0'),(3677,'427','CHORIZO CARIBE X 5','CHORIZO CARIBE X 5',6,NULL,13,NULL,NULL,6800.00000,NULL,NULL,NULL,NULL,0.00000,NULL,'2019-04-02 09:47:01','2019-04-02 09:47:01','\0'),(3678,'428','CHORIZO CUNIT','CHORIZO CUNIT',6,NULL,13,NULL,NULL,8200.00000,NULL,NULL,NULL,NULL,56.00000,NULL,'2019-04-02 09:47:01','2019-04-02 09:47:01','\0'),(3679,'429','CHORIZO LLANERO X 10','CHORIZO LLANERO X 10',6,NULL,13,NULL,NULL,13600.00000,NULL,NULL,NULL,NULL,2.00000,NULL,'2019-04-02 09:47:01','2019-04-02 09:47:01','\0'),(3680,'430','CHORIZO LLANERO X 12','CHORIZO LLANERO X 12',6,NULL,13,NULL,NULL,0.00000,NULL,NULL,NULL,NULL,2.00000,NULL,'2019-04-02 09:47:01','2019-04-02 09:47:01','\0'),(3681,'431','CHORIZO LLANERO X 8','CHORIZO LLANERO X 8',6,NULL,13,NULL,NULL,0.00000,NULL,NULL,NULL,NULL,6.00000,NULL,'2019-04-02 09:47:01','2019-04-02 09:47:01','\0'),(3682,'432','CHORIZO PARICIEN 500 GRAMOS','CHORIZO PARICIEN 500 GRAMOS',6,NULL,13,NULL,NULL,8200.00000,NULL,NULL,NULL,NULL,7.00000,NULL,'2019-04-02 09:47:01','2019-04-02 09:47:01','\0'),(3683,'433','CHORIZO PARRILLA X 5 CUNIT','CHORIZO PARRILLA X 5 CUNIT',6,NULL,13,NULL,NULL,7500.00000,NULL,NULL,NULL,NULL,0.00000,NULL,'2019-04-02 09:47:01','2019-04-02 09:47:01','\0'),(3684,'434','CHORIZO SALSAN','CHORIZO SALSAN',6,NULL,13,NULL,NULL,6800.00000,NULL,NULL,NULL,NULL,0.00000,NULL,'2019-04-02 09:47:01','2019-04-02 09:47:01','\0'),(3685,'435','CIRUELAS PASAS','CIRUELAS PASAS',11,NULL,8,NULL,NULL,12.00000,NULL,NULL,NULL,NULL,5.00000,NULL,'2019-04-02 09:47:01','2019-04-02 09:47:01','\0'),(3686,'436','CITRUS BOTELLA 400 ML','CITRUS BOTELLA 400 ML',5,NULL,3,NULL,NULL,1100.00000,NULL,NULL,NULL,NULL,47.00000,NULL,'2019-04-02 09:47:01','2019-04-02 09:47:01','\0'),(3687,'437','CITRUS CAJITA','CITRUS CAJITA',5,NULL,4,NULL,NULL,700.00000,NULL,NULL,NULL,NULL,0.00000,NULL,'2019-04-02 09:47:01','2019-04-02 09:47:01','\0'),(3688,'438','CLAVITO','CLAVITO',11,NULL,8,NULL,NULL,80.00000,NULL,NULL,NULL,NULL,291.00000,NULL,'2019-04-02 09:47:01','2019-04-02 09:47:01','\0'),(3689,'439','COBERTURA DE CHOCOLATE','COBERTURA DE CHOCOLATE',13,NULL,8,NULL,NULL,15.00000,NULL,NULL,NULL,NULL,5815.00000,NULL,'2019-04-02 09:47:01','2019-04-02 09:47:01','\0'),(3690,'440','COBERTURA DE CHOCOLATE BLANCO','COBERTURA DE CHOCOLATE BLANCO',13,NULL,8,NULL,NULL,16.00000,NULL,NULL,NULL,NULL,204.00000,NULL,'2019-04-02 09:47:01','2019-04-02 09:47:01','\0'),(3691,'441','COCO DESHIDRATADO','COCO DESHIDRATADO',11,NULL,8,NULL,NULL,19.00000,NULL,NULL,NULL,NULL,3.00000,NULL,'2019-04-02 09:47:01','2019-04-02 09:47:01','\0'),(3692,'442','COCOA AGRANEL','COCOA AGRANEL',13,NULL,8,NULL,NULL,12.00000,NULL,NULL,NULL,NULL,0.00000,NULL,'2019-04-02 09:47:01','2019-04-02 09:47:01','\0'),(3693,'443','COCOA SUPERIOR CORONA X 100 GRAMOS','COCOA SUPERIOR CORONA X 100 GRAMOS',13,NULL,13,NULL,NULL,2800.00000,NULL,NULL,NULL,NULL,3.00000,NULL,'2019-04-02 09:47:01','2019-04-02 09:47:01','\0'),(3694,'444','COCOA SUPERIOR CORONA X 230 GRAMOS','COCOA SUPERIOR CORONA X 230 GRAMOS',13,NULL,13,NULL,NULL,5800.00000,NULL,NULL,NULL,NULL,6.00000,NULL,'2019-04-02 09:47:01','2019-04-02 09:47:01','\0'),(3695,'445','COLOR ARTIFICIAL LIQUIDO 7MM','COLOR ARTIFICIAL LIQUIDO 7MM',13,NULL,3,NULL,NULL,2500.00000,NULL,NULL,NULL,NULL,7.00000,NULL,'2019-04-02 09:47:01','2019-04-02 09:47:01','\0'),(3696,'446','COLOR ARTIFICIAL LIQUIDO GOTERO 60 ML','COLOR ARTIFICIAL LIQUIDO GOTERO 60 ML',13,NULL,3,NULL,NULL,9000.00000,NULL,NULL,NULL,NULL,2.00000,NULL,'2019-04-02 09:47:01','2019-04-02 09:47:01','\0'),(3697,'447','COLORANTE ARTIFI POTE CAROL AMARILLO HUEVO','COLORANTE ARTIFI POTE CAROL AMARILLO HUEVO',13,NULL,15,NULL,NULL,10000.00000,NULL,NULL,NULL,NULL,0.00000,NULL,'2019-04-02 09:47:01','2019-04-02 09:47:01','\0'),(3698,'448','COLORANTE ARTIFI POTE CAROL ROJO ESCARLATA','COLORANTE ARTIFI POTE CAROL ROJO ESCARLATA',11,NULL,19,NULL,NULL,10000.00000,NULL,NULL,NULL,NULL,5.00000,NULL,'2019-04-02 09:47:01','2019-04-02 09:47:01','\0'),(3699,'449','COLORANTE SOBRE AMARILLO HUEVO','COLORANTE SOBRE AMARILLO HUEVO',13,NULL,16,NULL,NULL,1300.00000,NULL,NULL,NULL,NULL,27.00000,NULL,'2019-04-02 09:47:01','2019-04-02 09:47:01','\0'),(3700,'450','COLORANTE SOBRE ROJO ESCARLATA','COLORANTE SOBRE ROJO ESCARLATA',11,NULL,16,NULL,NULL,1300.00000,NULL,NULL,NULL,NULL,20.00000,NULL,'2019-04-02 09:47:01','2019-04-02 09:47:01','\0'),(3701,'451','COLORISANTE ARTIFICIAL POTE FLOVER AMARILLO H','COLORISANTE ARTIFICIAL POTE FLOVER AMARILLO HUEVO',13,NULL,15,NULL,NULL,8500.00000,NULL,NULL,NULL,NULL,8.00000,NULL,'2019-04-02 09:47:01','2019-04-02 09:47:01','\0'),(3702,'452','COLORISANTE ARTIFICIAL POTE FLOVER ROJO ESCAR','COLORISANTE ARTIFICIAL POTE FLOVER ROJO ESCARLATA',11,NULL,19,NULL,NULL,8500.00000,NULL,NULL,NULL,NULL,24.00000,NULL,'2019-04-02 09:47:01','2019-04-02 09:47:01','\0'),(3703,'453','CONTENEDOR  32 ONZAS','CONTENEDOR  32 ONZAS',8,NULL,13,NULL,NULL,7500.00000,NULL,NULL,NULL,NULL,0.00000,NULL,'2019-04-02 09:47:01','2019-04-02 09:47:01','\0'),(3704,'454','CONTENEDOR 12 ONZAS','CONTENEDOR 12 ONZAS',8,NULL,13,NULL,NULL,4200.00000,NULL,NULL,NULL,NULL,0.00000,NULL,'2019-04-02 09:47:01','2019-04-02 09:47:01','\0'),(3705,'455','CONTENEDOR 16 ONZAS','CONTENEDOR 16 ONZAS',8,NULL,19,NULL,NULL,5200.00000,NULL,NULL,NULL,NULL,0.00000,NULL,'2019-04-02 09:47:01','2019-04-02 09:47:01','\0'),(3706,'456','CONTENEDOR 16 OZ','CONTENEDOR 16 OZ',8,NULL,19,NULL,NULL,5200.00000,NULL,NULL,NULL,NULL,0.00000,NULL,'2019-04-02 09:47:01','2019-04-02 09:47:01','\0'),(3707,'457','CONTENEDOR 24 ONZAS CON TAPA','CONTENEDOR 24 ONZAS CON TAPA',8,NULL,13,NULL,NULL,6500.00000,NULL,NULL,NULL,NULL,3.00000,NULL,'2019-04-02 09:47:01','2019-04-02 09:47:01','\0'),(3708,'458','CONTENEDOR 24 ONZAS SIN TAPA','CONTENEDOR 24 ONZAS SIN TAPA',8,NULL,19,NULL,NULL,6500.00000,NULL,NULL,NULL,NULL,0.00000,NULL,'2019-04-02 09:47:01','2019-04-02 09:47:01','\0'),(3709,'459','CONTENEDOR 24 X 15','CONTENEDOR 24 X 15',8,NULL,13,NULL,NULL,5500.00000,NULL,NULL,NULL,NULL,0.00000,NULL,'2019-04-02 09:47:01','2019-04-02 09:47:01','\0'),(3710,'460','CONTENEDOR 32 ONZAS','CONTENEDOR 32 ONZAS',8,NULL,19,NULL,NULL,7500.00000,NULL,NULL,NULL,NULL,0.00000,NULL,'2019-04-02 09:47:01','2019-04-02 09:47:01','\0'),(3711,'461','CONTENEDOR 4 ONZAS CON TAPA','CONTENEDOR 4 ONZAS CON TAPA',8,NULL,13,NULL,NULL,4200.00000,NULL,NULL,NULL,NULL,0.00000,NULL,'2019-04-02 09:47:01','2019-04-02 09:47:01','\0'),(3712,'462','CONTENEDOR 4 ONZAS SIN  TAPA','CONTENEDOR 4 ONZAS SIN  TAPA',8,NULL,13,NULL,NULL,3200.00000,NULL,NULL,NULL,NULL,0.00000,NULL,'2019-04-02 09:47:01','2019-04-02 09:47:01','\0'),(3713,'463','COPA VENENCIANA','COPA VENENCIANA',8,NULL,13,NULL,NULL,9000.00000,NULL,NULL,NULL,NULL,7.00000,NULL,'2019-04-02 09:47:01','2019-04-02 09:47:01','\0'),(3714,'464','COPAS BRINDIS','COPAS BRINDIS',12,NULL,13,NULL,NULL,6000.00000,NULL,NULL,NULL,NULL,34.00000,NULL,'2019-04-02 09:47:01','2019-04-02 09:47:01','\0'),(3715,'465','CREMA CHANTILLI SPRAY','CREMA CHANTILLI SPRAY',13,NULL,3,NULL,NULL,11800.00000,NULL,NULL,NULL,NULL,3.00000,NULL,'2019-04-02 09:47:01','2019-04-02 09:47:01','\0'),(3716,'466','CREMA LECHE COLANTA 180 ML','CREMA LECHE COLANTA 180 ML',10,NULL,2,NULL,NULL,2000.00000,NULL,NULL,NULL,NULL,0.00000,NULL,'2019-04-02 09:47:01','2019-04-02 09:47:01','\0'),(3717,'467','CREMA LECHE COLANTA 900 ML','CREMA LECHE COLANTA 900 ML',10,NULL,2,NULL,NULL,9200.00000,NULL,NULL,NULL,NULL,0.00000,NULL,'2019-04-02 09:47:01','2019-04-02 09:47:01','\0'),(3718,'468','CREMA LECHE COOLECHERA LITRO','CREMA LECHE COOLECHERA LITRO',10,NULL,2,NULL,NULL,0.00000,NULL,NULL,NULL,NULL,0.00000,NULL,'2019-04-02 09:47:01','2019-04-02 09:47:01','\0'),(3719,'469','CREMA LECHE COOLECHERA PEQUENA','CREMA LECHE COOLECHERA PEQUENA',10,NULL,2,NULL,NULL,0.00000,NULL,NULL,NULL,NULL,0.00000,NULL,'2019-04-02 09:47:01','2019-04-02 09:47:01','\0'),(3720,'470','CREMA LECHE PARMALAT 125 ML','CREMA LECHE PARMALAT 125 ML',10,NULL,2,NULL,NULL,1600.00000,NULL,NULL,NULL,NULL,9.00000,NULL,'2019-04-02 09:47:01','2019-04-02 09:47:01','\0'),(3721,'471','CREMA LECHE PARMALT 900 ML','CREMA LECHE PARMALT 900 ML',10,NULL,2,NULL,NULL,9200.00000,NULL,NULL,NULL,NULL,1.00000,NULL,'2019-04-02 09:47:01','2019-04-02 09:47:01','\0'),(3722,'472','CUBIERTOS FRESH ','CUBIERTOS FRESH ',8,NULL,13,NULL,NULL,250.00000,NULL,NULL,NULL,NULL,37.00000,NULL,'2019-04-02 09:47:01','2019-04-02 09:47:01','\0'),(3723,'473','CUCHARA CHEF CHOY','CUCHARA CHEF CHOY',8,NULL,13,NULL,NULL,2900.00000,NULL,NULL,NULL,NULL,0.00000,NULL,'2019-04-02 09:47:01','2019-04-02 09:47:01','\0'),(3724,'474','CUCHARA HELADO','CUCHARA HELADO',8,NULL,13,NULL,NULL,1700.00000,NULL,NULL,NULL,NULL,0.00000,NULL,'2019-04-02 09:47:01','2019-04-02 09:47:01','\0'),(3725,'475','CUCHARA PEQUENA','CUCHARA PEQUENA',8,NULL,13,NULL,NULL,1700.00000,NULL,NULL,NULL,NULL,4.00000,NULL,'2019-04-02 09:47:01','2019-04-02 09:47:01','\0'),(3726,'476','CUCHARA TAMI X 100','CUCHARA TAMI X 100',8,NULL,13,NULL,NULL,3800.00000,NULL,NULL,NULL,NULL,9.00000,NULL,'2019-04-02 09:47:01','2019-04-02 09:47:01','\0'),(3727,'477','CUCHARA TIDY','CUCHARA TIDY',8,NULL,13,NULL,NULL,2900.00000,NULL,NULL,NULL,NULL,0.00000,NULL,'2019-04-02 09:47:01','2019-04-02 09:47:01','\0'),(3728,'478','CUCHARA X 20 UNIDADES','CUCHARA X 20 UNIDADES',8,NULL,13,NULL,NULL,1000.00000,NULL,NULL,NULL,NULL,12.00000,NULL,'2019-04-02 09:47:01','2019-04-02 09:47:01','\0'),(3729,'479','CUCHILLO CHEF CHOY','CUCHILLO CHEF CHOY',8,NULL,13,NULL,NULL,2900.00000,NULL,NULL,NULL,NULL,0.00000,NULL,'2019-04-02 09:47:01','2019-04-02 09:47:01','\0'),(3730,'480','CUCHILLO TAMI X100','CUCHILLO TAMI X100',8,NULL,13,NULL,NULL,3800.00000,NULL,NULL,NULL,NULL,7.00000,NULL,'2019-04-02 09:47:01','2019-04-02 09:47:01','\0'),(3731,'481','CUCHILLO TIDY  X 100','CUCHILLO TIDY  X 100',8,NULL,13,NULL,NULL,2900.00000,NULL,NULL,NULL,NULL,0.00000,NULL,'2019-04-02 09:47:01','2019-04-02 09:47:01','\0'),(3732,'482','CUCHILLO X 20 UNIDADES ','CUCHILLO X 20 UNIDADES ',8,NULL,13,NULL,NULL,1000.00000,NULL,NULL,NULL,NULL,0.00000,NULL,'2019-04-02 09:47:01','2019-04-02 09:47:01','\0'),(3733,'483','CUMPLE METALICO','CUMPLE METALICO',12,NULL,19,NULL,NULL,5000.00000,NULL,NULL,NULL,NULL,2.00000,NULL,'2019-04-02 09:47:01','2019-04-02 09:47:01','\0'),(3734,'484','DOMO 4 ONZAS','DOMO 4 ONZAS',8,NULL,19,NULL,NULL,150.00000,NULL,NULL,NULL,NULL,16.00000,NULL,'2019-04-02 09:47:01','2019-04-02 09:47:01','\0'),(3735,'485','DOMO CUADRADO 1/2LB','DOMO CUADRADO 1/2LB',8,NULL,19,NULL,NULL,1700.00000,NULL,NULL,NULL,NULL,0.00000,NULL,'2019-04-02 09:47:01','2019-04-02 09:47:01','\0'),(3736,'486','DOMO CUADRADO 1LB','DOMO CUADRADO 1LB',8,NULL,19,NULL,NULL,2700.00000,NULL,NULL,NULL,NULL,37.00000,NULL,'2019-04-02 09:47:01','2019-04-02 09:47:01','\0'),(3737,'487','DOMO REDONDO 1/2LB','DOMO REDONDO 1/2LB',8,NULL,19,NULL,NULL,1400.00000,NULL,NULL,NULL,NULL,0.00000,NULL,'2019-04-02 09:47:01','2019-04-02 09:47:01','\0'),(3738,'488','DOMO REDONDO 2LB','DOMO REDONDO 2LB',8,NULL,19,NULL,NULL,2800.00000,NULL,NULL,NULL,NULL,0.00000,NULL,'2019-04-02 09:47:01','2019-04-02 09:47:01','\0'),(3739,'489','DOMO TAPA MEDIA','DOMO TAPA MEDIA',8,NULL,19,NULL,NULL,350.00000,NULL,NULL,NULL,NULL,0.00000,NULL,'2019-04-02 09:47:01','2019-04-02 09:47:01','\0'),(3740,'490','DURAZNO MITADE','DURAZNO MITADE',11,NULL,19,NULL,NULL,6500.00000,NULL,NULL,NULL,NULL,6.00000,NULL,'2019-04-02 09:47:01','2019-04-02 09:47:01','\0'),(3741,'491','ESEN JUNIOR 500','ESEN JUNIOR 500',11,NULL,19,NULL,NULL,1800.00000,NULL,NULL,NULL,NULL,22.00000,NULL,'2019-04-02 09:47:01','2019-04-02 09:47:01','\0'),(3742,'492','ESENCIA ASTEKA','ESENCIA ASTEKA',11,NULL,2,NULL,NULL,7500.00000,NULL,NULL,NULL,NULL,0.00000,NULL,'2019-04-02 11:13:50','2019-04-02 11:13:50','\0'),(3743,'493','ESENCIA ASTEKA AL MENUDEO','ESENCIA ASTEKA AL MENUDEO',11,NULL,2,NULL,NULL,500.00000,NULL,NULL,NULL,NULL,0.00000,NULL,'2019-04-02 11:13:50','2019-04-02 11:13:50','\0'),(3744,'494','ESENCIA CAROLESEN','ESENCIA CAROLESEN',11,NULL,19,NULL,NULL,8000.00000,NULL,NULL,NULL,NULL,1.00000,NULL,'2019-04-02 09:47:01','2019-04-02 09:47:01','\0'),(3745,'495','ESENCIA DELIAROMAS','ESENCIA DELIAROMAS',11,NULL,19,NULL,NULL,8000.00000,NULL,NULL,NULL,NULL,9.00000,NULL,'2019-04-02 09:47:01','2019-04-02 09:47:01','\0'),(3746,'496','ESENCIA JUNIOR 250','ESENCIA JUNIOR 250',11,NULL,19,NULL,NULL,1000.00000,NULL,NULL,NULL,NULL,107.00000,NULL,'2019-04-02 09:47:01','2019-04-02 09:47:01','\0'),(3747,'497','ESENCIA PEQUENA 85 GRAMOS','ESENCIA PEQUENA 85 GRAMOS',13,NULL,3,NULL,NULL,2500.00000,NULL,NULL,NULL,NULL,23.00000,NULL,'2019-04-02 09:47:01','2019-04-02 09:47:01','\0'),(3748,'498','ESENCIA PRODIA','ESENCIA PRODIA',11,NULL,19,NULL,NULL,9500.00000,NULL,NULL,NULL,NULL,0.00000,NULL,'2019-04-02 09:47:01','2019-04-02 09:47:01','\0'),(3749,'499','ESENCIA PRODIA AL MENUDEO','ESENCIA PRODIA AL MENUDEO',11,NULL,21,NULL,NULL,8.00000,NULL,NULL,NULL,NULL,5.00000,NULL,'2019-04-02 09:47:01','2019-04-02 09:47:01','\0'),(3750,'500','ESENCIA PRODISA 500 GRAMOS','ESENCIA PRODISA 500 GRAMOS',13,NULL,3,NULL,NULL,7500.00000,NULL,NULL,NULL,NULL,27.00000,NULL,'2019-04-02 09:47:01','2019-04-02 09:47:01','\0'),(3751,'501','FECULA MAIZ','FECULA MAIZ',11,NULL,8,NULL,NULL,3.00000,NULL,NULL,NULL,NULL,48.00000,NULL,'2019-04-02 09:47:01','2019-04-02 09:47:01','\0'),(3752,'502','FELIZ CUMPLEANOS','FELIZ CUMPLEANOS',12,NULL,19,NULL,NULL,5000.00000,NULL,NULL,NULL,NULL,4.00000,NULL,'2019-04-02 09:47:01','2019-04-02 09:47:01','\0'),(3753,'503','FRUTA CRISTALIZADA','FRUTA CRISTALIZADA',11,NULL,8,NULL,NULL,7.00000,NULL,NULL,NULL,NULL,10.00000,NULL,'2019-04-02 09:47:01','2019-04-02 09:47:01','\0'),(3754,'504','GALLETA TRITURADA OREO','GALLETA TRITURADA OREO',11,NULL,8,NULL,NULL,19.00000,NULL,NULL,NULL,NULL,443.00000,NULL,'2019-04-02 09:47:01','2019-04-02 09:47:01','\0'),(3755,'505','GALLETA TRITURADA ZULTANA','GALLETA TRITURADA ZULTANA',11,NULL,8,NULL,NULL,19.00000,NULL,NULL,NULL,NULL,663.00000,NULL,'2019-04-02 09:47:01','2019-04-02 09:47:01','\0'),(3756,'506','GEL PINA  KILO','GEL PINA  KILO',14,NULL,2,NULL,NULL,3300.00000,NULL,NULL,NULL,NULL,11.00000,NULL,'2019-04-02 09:47:01','2019-04-02 09:47:01','\0'),(3757,'507','GEL PINA  LIBRA','GEL PINA  LIBRA',14,NULL,2,NULL,NULL,2000.00000,NULL,NULL,NULL,NULL,14.00000,NULL,'2019-04-02 09:47:01','2019-04-02 09:47:01','\0'),(3758,'508','GEL PINA BOLSON','GEL PINA BOLSON',14,NULL,2,NULL,NULL,10200.00000,NULL,NULL,NULL,NULL,0.00000,NULL,'2019-04-02 09:47:01','2019-04-02 09:47:01','\0'),(3759,'509','GEL PINA X 250','GEL PINA X 250',14,NULL,2,NULL,NULL,1500.00000,NULL,NULL,NULL,NULL,20.00000,NULL,'2019-04-02 09:47:01','2019-04-02 09:47:01','\0'),(3760,'510','GELATINA CON SABOR CAJITA','GELATINA CON SABOR CAJITA',11,NULL,19,NULL,NULL,19.00000,NULL,NULL,NULL,NULL,135.00000,NULL,'2019-04-02 09:47:01','2019-04-02 09:47:01','\0'),(3761,'511','GELATINA CON SABOR SUELTA','GELATINA CON SABOR SUELTA',11,NULL,8,NULL,NULL,12.00000,NULL,NULL,NULL,NULL,25.00000,NULL,'2019-04-02 09:47:01','2019-04-02 09:47:01','\0'),(3762,'512','GELATINA SIN SABOR CAJITA','GELATINA SIN SABOR CAJITA',11,NULL,19,NULL,NULL,1200.00000,NULL,NULL,NULL,NULL,43.00000,NULL,'2019-04-02 09:47:01','2019-04-02 09:47:01','\0'),(3763,'513','GELATINA SIN SABOR SUELTA','GELATINA SIN SABOR SUELTA',11,NULL,9,NULL,NULL,19.00000,NULL,NULL,NULL,NULL,0.00000,NULL,'2019-04-02 09:47:01','2019-04-02 09:47:01','\0'),(3764,'514','GLASE CAROLESA KILO','GLASE CAROLESA KILO',11,NULL,19,NULL,NULL,6000.00000,NULL,NULL,NULL,NULL,1.00000,NULL,'2019-04-02 09:47:01','2019-04-02 09:47:01','\0'),(3765,'515','GLASE CONI KILO','GLASE CONI KILO',11,NULL,19,NULL,NULL,7000.00000,NULL,NULL,NULL,NULL,0.00000,NULL,'2019-04-02 09:47:01','2019-04-02 09:47:01','\0'),(3766,'516','GLASE LA BUGUENA','GLASE LA BUGUENA',11,NULL,19,NULL,NULL,6000.00000,NULL,NULL,NULL,NULL,3.00000,NULL,'2019-04-02 09:47:01','2019-04-02 09:47:01','\0'),(3767,'517','GLASE PRODISA','GLASE PRODISA',13,NULL,2,NULL,NULL,5500.00000,NULL,NULL,NULL,NULL,38.00000,NULL,'2019-04-02 09:47:01','2019-04-02 09:47:01','\0'),(3768,'518','GLOBOS FELIZ CUMPLEANOS','GLOBOS FELIZ CUMPLEANOS',12,NULL,19,NULL,NULL,2500.00000,NULL,NULL,NULL,NULL,0.00000,NULL,'2019-04-02 09:47:01','2019-04-02 09:47:01','\0'),(3769,'519','GRAGEA CHOCO','GRAGEA CHOCO',11,NULL,8,NULL,NULL,17.00000,NULL,NULL,NULL,NULL,0.00000,NULL,'2019-04-02 09:47:01','2019-04-02 09:47:01','\0'),(3770,'520','GRAGEA COLOR X 125 GRAMOS','GRAGEA COLOR X 125 GRAMOS',13,NULL,2,NULL,NULL,1300.00000,NULL,NULL,NULL,NULL,0.00000,NULL,'2019-04-02 09:47:01','2019-04-02 09:47:01','\0'),(3771,'521','GRAGEA COLOR X 500 GRAMOS','GRAGEA COLOR X 500 GRAMOS',13,NULL,2,NULL,NULL,4000.00000,NULL,NULL,NULL,NULL,23.00000,NULL,'2019-04-02 09:47:01','2019-04-02 09:47:01','\0'),(3772,'522','GRAGEAS 125 GRAMOS','GRAGEAS 125 GRAMOS',11,NULL,19,NULL,NULL,1400.00000,NULL,NULL,NULL,NULL,0.00000,NULL,'2019-04-02 09:47:01','2019-04-02 09:47:01','\0'),(3773,'523','GRAGEAS 500 GRAMOS','GRAGEAS 500 GRAMOS',11,NULL,19,NULL,NULL,4700.00000,NULL,NULL,NULL,NULL,7.00000,NULL,'2019-04-02 09:47:01','2019-04-02 09:47:01','\0'),(3774,'524','GRASA ECONOMICA','GRASA ECONOMICA',11,NULL,8,NULL,NULL,4.00000,NULL,NULL,NULL,NULL,60.00000,NULL,'2019-04-02 09:47:01','2019-04-02 09:47:01','\0'),(3775,'525','GRASA REPOST','GRASA REPOST',11,NULL,8,NULL,NULL,5.00000,NULL,NULL,NULL,NULL,30.00000,NULL,'2019-04-02 09:47:01','2019-04-02 09:47:01','\0'),(3776,'526','GUANTES','GUANTES',8,NULL,13,NULL,NULL,2400.00000,NULL,NULL,NULL,NULL,84.00000,NULL,'2019-04-02 09:47:01','2019-04-02 09:47:01','\0'),(3777,'527','HARINA NORMAL','HARINA NORMAL',11,NULL,8,NULL,NULL,2.00000,NULL,NULL,NULL,NULL,245.00000,NULL,'2019-04-02 09:47:01','2019-04-02 09:47:01','\0'),(3778,'528','HARINA PAN','HARINA PAN',7,NULL,19,NULL,NULL,1600.00000,NULL,NULL,NULL,NULL,21.00000,NULL,'2019-04-02 09:47:01','2019-04-02 09:47:01','\0'),(3779,'529','HARINA REPOSTERA','HARINA REPOSTERA',11,NULL,8,NULL,NULL,2.00000,NULL,NULL,NULL,NULL,51.00000,NULL,'2019-04-02 09:47:01','2019-04-02 09:47:01','\0'),(3780,'530','HOJALDRE','HOJALDRE',11,NULL,11,NULL,NULL,2800.00000,NULL,NULL,NULL,NULL,0.00000,NULL,'2019-04-02 09:47:01','2019-04-02 09:47:01','\0'),(3781,'531','HUEVO UNIDAD','HUEVO UNIDAD',11,NULL,19,NULL,NULL,330.00000,NULL,NULL,NULL,NULL,20.00000,NULL,'2019-04-02 09:47:01','2019-04-02 09:47:01','\0'),(3782,'532','HUEVOS CARTON','HUEVOS CARTON',11,NULL,19,NULL,NULL,9400.00000,NULL,NULL,NULL,NULL,6.00000,NULL,'2019-04-02 09:47:01','2019-04-02 09:47:01','\0'),(3783,'533','HY-VOL','HY-VOL',11,NULL,8,NULL,NULL,52.00000,NULL,NULL,NULL,NULL,349.00000,NULL,'2019-04-02 09:47:01','2019-04-02 09:47:01','\0'),(3784,'534','J1','J1',8,NULL,19,NULL,NULL,200.00000,NULL,NULL,NULL,NULL,0.00000,NULL,'2019-04-02 09:47:01','2019-04-02 09:47:01','\0'),(3785,'535','J2','J2',8,NULL,19,NULL,NULL,200.00000,NULL,NULL,NULL,NULL,0.00000,NULL,'2019-04-02 09:47:01','2019-04-02 09:47:01','\0'),(3786,'536','JAMON AHUMADO SANTA CRUZ','JAMON AHUMADO SANTA CRUZ',6,NULL,13,NULL,NULL,7000.00000,NULL,NULL,NULL,NULL,0.00000,NULL,'2019-04-02 09:47:01','2019-04-02 09:47:01','\0'),(3787,'537','JAMON CAFRISAN 500 GRAMOS','JAMON CAFRISAN 500 GRAMOS',6,NULL,13,NULL,NULL,6500.00000,NULL,NULL,NULL,NULL,0.00000,NULL,'2019-04-02 09:47:01','2019-04-02 09:47:01','\0'),(3788,'538','JAMON CAFRISAN X 250 GRAMOS','JAMON CAFRISAN X 250 GRAMOS',6,NULL,13,NULL,NULL,3400.00000,NULL,NULL,NULL,NULL,12.00000,NULL,'2019-04-02 09:47:01','2019-04-02 09:47:01','\0'),(3789,'539','JAMON CAFRISAN X 500 GRAMOS','JAMON CAFRISAN X 500 GRAMOS',6,NULL,13,NULL,NULL,6500.00000,NULL,NULL,NULL,NULL,0.00000,NULL,'2019-04-02 09:47:01','2019-04-02 09:47:01','\0'),(3790,'540','JAMON COS SANTA CRUZ','JAMON COS SANTA CRUZ',6,NULL,13,NULL,NULL,7200.00000,NULL,NULL,NULL,NULL,0.00000,NULL,'2019-04-02 09:47:01','2019-04-02 09:47:01','\0'),(3791,'541','JAMON CUNIT X 21','JAMON CUNIT X 21',6,NULL,13,NULL,NULL,6700.00000,NULL,NULL,NULL,NULL,1.00000,NULL,'2019-04-02 09:47:01','2019-04-02 09:47:01','\0'),(3792,'542','JAMON CUNIT X 30 ','JAMON CUNIT X 30 ',6,NULL,13,NULL,NULL,8700.00000,NULL,NULL,NULL,NULL,30.00000,NULL,'2019-04-02 09:47:01','2019-04-02 09:47:01','\0'),(3793,'543','JAMON DAN','JAMON DAN',6,NULL,13,NULL,NULL,7000.00000,NULL,NULL,NULL,NULL,4.00000,NULL,'2019-04-02 09:47:01','2019-04-02 09:47:01','\0'),(3794,'544','JAMON PARICIEN','JAMON PARICIEN',6,NULL,13,NULL,NULL,6500.00000,NULL,NULL,NULL,NULL,0.00000,NULL,'2019-04-02 09:47:01','2019-04-02 09:47:01','\0'),(3795,'545','JUGO CALIFORNIA NECTAR 215 ML','JUGO CALIFORNIA NECTAR 215 ML',5,NULL,3,NULL,NULL,1300.00000,NULL,NULL,NULL,NULL,0.00000,NULL,'2019-04-02 09:47:01','2019-04-02 09:47:01','\0'),(3796,'546','JUGO PETIT 330 ML','JUGO PETIT 330 ML',5,NULL,3,NULL,NULL,1500.00000,NULL,NULL,NULL,NULL,24.00000,NULL,'2019-04-02 09:47:01','2019-04-02 09:47:01','\0'),(3797,'547','K1 ','K1 ',8,NULL,19,NULL,NULL,180.00000,NULL,NULL,NULL,NULL,0.00000,NULL,'2019-04-02 09:47:01','2019-04-02 09:47:01','\0'),(3798,'548','LECHE CAMPO ADELA 1LT','LECHE CAMPO ADELA 1LT',10,NULL,2,NULL,NULL,2000.00000,NULL,NULL,NULL,NULL,49.00000,NULL,'2019-04-02 09:47:01','2019-04-02 09:47:01','\0'),(3799,'549','LECHE EVAPORIZADA GLORIA','LECHE EVAPORIZADA GLORIA',13,NULL,10,NULL,NULL,5500.00000,NULL,NULL,NULL,NULL,22.00000,NULL,'2019-04-02 09:47:01','2019-04-02 09:47:01','\0'),(3800,'550','LECHE KLAFREN 1/2 LITRO','LECHE KLAFREN 1/2 LITRO',10,NULL,2,NULL,NULL,1200.00000,NULL,NULL,NULL,NULL,35.00000,NULL,'2019-04-02 09:47:01','2019-04-02 09:47:01','\0'),(3801,'551','LECHE KLAREN 200 ML','LECHE KLAREN 200 ML',10,NULL,2,NULL,NULL,900.00000,NULL,NULL,NULL,NULL,19.00000,NULL,'2019-04-02 09:47:01','2019-04-02 09:47:01','\0'),(3802,'552','LECHE POLVO','LECHE POLVO',11,NULL,8,NULL,NULL,13.00000,NULL,NULL,NULL,NULL,21.00000,NULL,'2019-04-02 09:47:01','2019-04-02 09:47:01','\0'),(3803,'553','LECHESAN 1 LT','LECHESAN 1 LT',10,NULL,2,NULL,NULL,2200.00000,NULL,NULL,NULL,NULL,8.00000,NULL,'2019-04-02 09:47:01','2019-04-02 09:47:01','\0'),(3804,'554','LEVADURA FRESCA','LEVADURA FRESCA',11,NULL,19,NULL,NULL,3200.00000,NULL,NULL,NULL,NULL,0.00000,NULL,'2019-04-02 09:47:01','2019-04-02 09:47:01','\0'),(3805,'555','LEVADURA POLVO','LEVADURA POLVO',11,NULL,8,NULL,NULL,7.00000,NULL,NULL,NULL,NULL,7.00000,NULL,'2019-04-02 09:47:01','2019-04-02 09:47:01','\0'),(3806,'556','LINAZA','LINAZA',11,NULL,8,NULL,NULL,25.00000,NULL,NULL,NULL,NULL,0.00000,NULL,'2019-04-02 09:47:01','2019-04-02 09:47:01','\0'),(3807,'557','LLUVIA CHOCO','LLUVIA CHOCO',11,NULL,8,NULL,NULL,19.00000,NULL,NULL,NULL,NULL,3.00000,NULL,'2019-04-02 09:47:01','2019-04-02 09:47:01','\0'),(3808,'558','MAIZ TIERNO CHEF CHOICE 2840 GRAMOS','MAIZ TIERNO CHEF CHOICE 2840 GRAMOS',7,NULL,10,NULL,NULL,17000.00000,NULL,NULL,NULL,NULL,7.00000,NULL,'2019-04-02 09:47:01','2019-04-02 09:47:01','\0'),(3809,'559','MAIZ TIERNO CHEF CHOICE 340 GRAMOS','MAIZ TIERNO CHEF CHOICE 340 GRAMOS',7,NULL,10,NULL,NULL,2700.00000,NULL,NULL,NULL,NULL,20.00000,NULL,'2019-04-02 09:47:01','2019-04-02 09:47:01','\0'),(3810,'560','MAIZ TIERNO SELECTO 432','MAIZ TIERNO SELECTO 432',7,NULL,10,NULL,NULL,3700.00000,NULL,NULL,NULL,NULL,0.00000,NULL,'2019-04-02 09:47:01','2019-04-02 09:47:01','\0'),(3811,'561','MANGUERA CUNIT X 12','MANGUERA CUNIT X 12',6,NULL,13,NULL,NULL,11500.00000,NULL,NULL,NULL,NULL,24.00000,NULL,'2019-04-02 09:47:01','2019-04-02 09:47:01','\0'),(3812,'562','MANGUERA DELICHICK X 6','MANGUERA DELICHICK X 6',6,NULL,13,NULL,NULL,4900.00000,NULL,NULL,NULL,NULL,69.00000,NULL,'2019-04-02 09:47:01','2019-04-02 09:47:01','\0'),(3813,'563','MANGUERA DON VITO','MANGUERA DON VITO',6,NULL,13,NULL,NULL,14200.00000,NULL,NULL,NULL,NULL,10.00000,NULL,'2019-04-02 09:47:01','2019-04-02 09:47:01','\0'),(3814,'564','MANGUERA MANA X 17','MANGUERA MANA X 17',6,NULL,13,NULL,NULL,13500.00000,NULL,NULL,NULL,NULL,6.00000,NULL,'2019-04-02 09:47:01','2019-04-02 09:47:01','\0'),(3815,'565','MANGUERA SALSAN','MANGUERA SALSAN',6,NULL,13,NULL,NULL,15800.00000,NULL,NULL,NULL,NULL,3.00000,NULL,'2019-04-02 09:47:01','2019-04-02 09:47:01','\0'),(3816,'566','MANI TRITURADO','MANI TRITURADO',11,NULL,8,NULL,NULL,16.00000,NULL,NULL,NULL,NULL,2.00000,NULL,'2019-04-02 09:47:01','2019-04-02 09:47:01','\0'),(3817,'567','MANTEL DE FIESTA','MANTEL DE FIESTA',12,NULL,19,NULL,NULL,3500.00000,NULL,NULL,NULL,NULL,0.00000,NULL,'2019-04-02 09:47:01','2019-04-02 09:47:01','\0'),(3818,'568','MANTEQUILLA DAGUSTO','MANTEQUILLA DAGUSTO',11,NULL,19,NULL,NULL,1500.00000,NULL,NULL,NULL,NULL,2.00000,NULL,'2019-04-02 09:47:01','2019-04-02 09:47:01','\0'),(3819,'569','MANTEQUILLA LA FINA 50 GRAMOS','MANTEQUILLA LA FINA 50 GRAMOS',10,NULL,1,NULL,NULL,700.00000,NULL,NULL,NULL,NULL,19.00000,NULL,'2019-04-02 09:47:01','2019-04-02 09:47:01','\0'),(3820,'570','MANTEQUILLA LA GUSTO 125 GRAMOS','MANTEQUILLA LA GUSTO 125 GRAMOS',10,NULL,1,NULL,NULL,1000.00000,NULL,NULL,NULL,NULL,2.00000,NULL,'2019-04-02 09:47:01','2019-04-02 09:47:01','\0'),(3821,'571','MANZANILLA','MANZANILLA',11,NULL,8,NULL,NULL,0.00000,NULL,NULL,NULL,NULL,0.00000,NULL,'2019-04-02 09:47:01','2019-04-02 09:47:01','\0'),(3822,'572','MAYONESA CHEY CHOICE','MAYONESA CHEY CHOICE',14,NULL,17,NULL,NULL,31500.00000,NULL,NULL,NULL,NULL,22.00000,NULL,'2019-04-02 09:47:01','2019-04-02 09:47:01','\0'),(3823,'573','MAYONESA ECONOMICA SAUCE','MAYONESA ECONOMICA SAUCE',14,NULL,17,NULL,NULL,28000.00000,NULL,NULL,NULL,NULL,2.00000,NULL,'2019-04-02 09:47:01','2019-04-02 09:47:01','\0'),(3824,'574','MIEL DE AVEJA','MIEL DE AVEJA',7,NULL,3,NULL,NULL,2900.00000,NULL,NULL,NULL,NULL,21.00000,NULL,'2019-04-02 09:47:01','2019-04-02 09:47:01','\0'),(3825,'575','MOLDE BASE PUDIN ','MOLDE BASE PUDIN ',13,NULL,19,NULL,NULL,10500.00000,NULL,NULL,NULL,NULL,0.00000,NULL,'2019-04-02 09:47:01','2019-04-02 09:47:01','\0'),(3826,'576','MOLDE LASANA ALUMINIO REDONDA CON TAPA','MOLDE LASANA ALUMINIO REDONDA CON TAPA',8,NULL,13,NULL,NULL,2000.00000,NULL,NULL,NULL,NULL,41.00000,NULL,'2019-04-02 09:47:01','2019-04-02 09:47:01','\0'),(3827,'577','MOLDE LASANA CARTA','MOLDE LASANA CARTA',8,NULL,19,NULL,NULL,2000.00000,NULL,NULL,NULL,NULL,89.00000,NULL,'2019-04-02 09:47:01','2019-04-02 09:47:01','\0'),(3828,'578','MOLDE LASANA JUNIOR','MOLDE LASANA JUNIOR',8,NULL,19,NULL,NULL,250.00000,NULL,NULL,NULL,NULL,28.00000,NULL,'2019-04-02 09:47:01','2019-04-02 09:47:01','\0'),(3829,'579','MOLDE LASANA MEDIANO ','MOLDE LASANA MEDIANO ',8,NULL,19,NULL,NULL,700.00000,NULL,NULL,NULL,NULL,6.00000,NULL,'2019-04-02 09:47:01','2019-04-02 09:47:01','\0'),(3830,'580','MOLDE LASANA PERSONAL','MOLDE LASANA PERSONAL',8,NULL,19,NULL,NULL,500.00000,NULL,NULL,NULL,NULL,410.00000,NULL,'2019-04-02 09:47:01','2019-04-02 09:47:01','\0'),(3831,'581','MOLDE LASANA ROSTER','MOLDE LASANA ROSTER',8,NULL,19,NULL,NULL,3800.00000,NULL,NULL,NULL,NULL,26.00000,NULL,'2019-04-02 09:47:01','2019-04-02 09:47:01','\0'),(3832,'582','MOLDE REDONDO ALUMINIO 5 ONZAS ','MOLDE REDONDO ALUMINIO 5 ONZAS ',8,NULL,13,NULL,NULL,500.00000,NULL,NULL,NULL,NULL,0.00000,NULL,'2019-04-02 09:47:01','2019-04-02 09:47:01','\0'),(3833,'583','MOLDE TORTA ALUMINIO','MOLDE TORTA ALUMINIO',11,NULL,19,NULL,NULL,0.00000,NULL,NULL,NULL,NULL,0.00000,NULL,'2019-04-02 09:47:01','2019-04-02 09:47:01','\0'),(3834,'584','MOLDES CHOCOLATE','MOLDES CHOCOLATE',13,NULL,19,NULL,NULL,11000.00000,NULL,NULL,NULL,NULL,0.00000,NULL,'2019-04-02 09:47:01','2019-04-02 09:47:01','\0'),(3835,'585','MORTADELA  CUNIT X 18 MEDIA LIBRA','MORTADELA  CUNIT X 18 MEDIA LIBRA',6,NULL,13,NULL,NULL,4000.00000,NULL,NULL,NULL,NULL,14.00000,NULL,'2019-04-02 09:47:01','2019-04-02 09:47:01','\0'),(3836,'586','MORTADELA CAFRISAN X 250 GRAMOS','MORTADELA CAFRISAN X 250 GRAMOS',6,NULL,13,NULL,NULL,3200.00000,NULL,NULL,NULL,NULL,0.00000,NULL,'2019-04-02 09:47:01','2019-04-02 09:47:01','\0'),(3837,'587','MORTADELA CAFRISAN X 500 GRAMOS','MORTADELA CAFRISAN X 500 GRAMOS',6,NULL,13,NULL,NULL,5500.00000,NULL,NULL,NULL,NULL,0.00000,NULL,'2019-04-02 09:47:01','2019-04-02 09:47:01','\0'),(3838,'588','MORTADELA CUNIT 250 X 18 ','MORTADELA CUNIT 250 X 18 ',6,NULL,13,NULL,NULL,3700.00000,NULL,NULL,NULL,NULL,14.00000,NULL,'2019-04-02 09:47:01','2019-04-02 09:47:01','\0'),(3839,'589','MORTADELA CUNIT X 11','MORTADELA CUNIT X 11',6,NULL,13,NULL,NULL,2600.00000,NULL,NULL,NULL,NULL,12.00000,NULL,'2019-04-02 09:47:01','2019-04-02 09:47:01','\0'),(3840,'590','MORTADELA CUNIT X 15','MORTADELA CUNIT X 15',6,NULL,13,NULL,NULL,0.00000,NULL,NULL,NULL,NULL,0.00000,NULL,'2019-04-02 09:47:01','2019-04-02 09:47:01','\0'),(3841,'591','MORTALEDA AHUMADA SALSAN','MORTALEDA AHUMADA SALSAN',6,NULL,13,NULL,NULL,7000.00000,NULL,NULL,NULL,NULL,0.00000,NULL,'2019-04-02 09:47:01','2019-04-02 09:47:01','\0'),(3842,'592','NUEZ MOSCADA','NUEZ MOSCADA',11,NULL,19,NULL,NULL,700.00000,NULL,NULL,NULL,NULL,30.00000,NULL,'2019-04-02 09:47:01','2019-04-02 09:47:01','\0'),(3843,'593','NUMEROS INFLABLES','NUMEROS INFLABLES',12,NULL,19,NULL,NULL,2500.00000,NULL,NULL,NULL,NULL,9.00000,NULL,'2019-04-02 09:47:01','2019-04-02 09:47:01','\0'),(3844,'594','OREGANO','OREGANO',11,NULL,8,NULL,NULL,19.00000,NULL,NULL,NULL,NULL,241.00000,NULL,'2019-04-02 09:47:01','2019-04-02 09:47:01','\0'),(3845,'595','P1','P1',8,NULL,19,NULL,NULL,250.00000,NULL,NULL,NULL,NULL,0.00000,NULL,'2019-04-02 09:47:01','2019-04-02 09:47:01','\0'),(3846,'596','P3','P3',8,NULL,19,NULL,NULL,250.00000,NULL,NULL,NULL,NULL,0.00000,NULL,'2019-04-02 09:47:01','2019-04-02 09:47:01','\0'),(3847,'597','PACA DE AGUA CRISTALINA','PACA DE AGUA CRISTALINA',5,NULL,12,NULL,NULL,6000.00000,NULL,NULL,NULL,NULL,0.00000,NULL,'2019-04-02 09:47:01','2019-04-02 09:47:01','\0'),(3848,'598','PALICHUZO DELGADO','PALICHUZO DELGADO',8,NULL,13,NULL,NULL,2100.00000,NULL,NULL,NULL,NULL,41.00000,NULL,'2019-04-02 09:47:01','2019-04-02 09:47:01','\0'),(3849,'599','PALICHUZO GRUESO','PALICHUZO GRUESO',8,NULL,13,NULL,NULL,2500.00000,NULL,NULL,NULL,NULL,20.00000,NULL,'2019-04-02 09:47:01','2019-04-02 09:47:01','\0'),(3850,'600','PALILLO DIENTE','PALILLO DIENTE',8,NULL,13,NULL,NULL,600.00000,NULL,NULL,NULL,NULL,69.00000,NULL,'2019-04-02 09:47:01','2019-04-02 09:47:01','\0'),(3851,'601','PALILLO HAMBURQUESA','PALILLO HAMBURQUESA',8,NULL,13,NULL,NULL,1000.00000,NULL,NULL,NULL,NULL,74.00000,NULL,'2019-04-02 09:47:01','2019-04-02 09:47:01','\0'),(3852,'602','PALILLOS COLORES','PALILLOS COLORES',12,NULL,13,NULL,NULL,1000.00000,NULL,NULL,NULL,NULL,1.00000,NULL,'2019-04-02 09:47:01','2019-04-02 09:47:01','\0'),(3853,'603','PALO PALETA','PALO PALETA',11,NULL,13,NULL,NULL,900.00000,NULL,NULL,NULL,NULL,17.00000,NULL,'2019-04-02 09:47:01','2019-04-02 09:47:01','\0'),(3854,'604','PAN HAMBURGUESA','PAN HAMBURGUESA',7,NULL,13,NULL,NULL,2800.00000,NULL,NULL,NULL,NULL,14.00000,NULL,'2019-04-02 09:47:01','2019-04-02 09:47:01','\0'),(3855,'605','PAN MINI','PAN MINI',7,NULL,13,NULL,NULL,2300.00000,NULL,NULL,NULL,NULL,16.00000,NULL,'2019-04-02 09:47:01','2019-04-02 09:47:01','\0'),(3856,'606','PAN SUPER','PAN SUPER',7,NULL,13,NULL,NULL,4000.00000,NULL,NULL,NULL,NULL,41.00000,NULL,'2019-04-02 09:47:01','2019-04-02 09:47:01','\0'),(3857,'607','PAPA FRANCESA BLISS','PAPA FRANCESA BLISS',7,NULL,2,NULL,NULL,12000.00000,NULL,NULL,NULL,NULL,0.00000,NULL,'2019-04-02 09:47:01','2019-04-02 09:47:01','\0'),(3858,'608','PAPA FRANCESA CRONS','PAPA FRANCESA CRONS',7,NULL,2,NULL,NULL,12000.00000,NULL,NULL,NULL,NULL,0.00000,NULL,'2019-04-02 09:47:01','2019-04-02 09:47:01','\0'),(3859,'609','PAPA FRANCESA CUALITY','PAPA FRANCESA CUALITY',7,NULL,2,NULL,NULL,12000.00000,NULL,NULL,NULL,NULL,12.00000,NULL,'2019-04-02 09:47:01','2019-04-02 09:47:01','\0'),(3860,'610','PAPA FRANCESA MINIBEL','PAPA FRANCESA MINIBEL',7,NULL,2,NULL,NULL,13000.00000,NULL,NULL,NULL,NULL,0.00000,NULL,'2019-04-02 09:47:01','2019-04-02 09:47:01','\0'),(3861,'611','PAPAS FRANCESA FANFRI','PAPAS FRANCESA FANFRI',7,NULL,2,NULL,NULL,12000.00000,NULL,NULL,NULL,NULL,1.00000,NULL,'2019-04-02 09:47:01','2019-04-02 09:47:01','\0'),(3862,'612','PAPEL  ALUMINIO 100MTS','PAPEL  ALUMINIO 100MTS',8,NULL,19,NULL,NULL,17000.00000,NULL,NULL,NULL,NULL,9.00000,NULL,'2019-04-02 09:47:01','2019-04-02 09:47:01','\0'),(3863,'613','PAPEL  ALUMINIO 40MTS','PAPEL  ALUMINIO 40MTS',8,NULL,19,NULL,NULL,7200.00000,NULL,NULL,NULL,NULL,20.00000,NULL,'2019-04-02 09:47:01','2019-04-02 09:47:01','\0'),(3864,'614','PAPEL  ALUMINIO 7 MTS','PAPEL  ALUMINIO 7 MTS',8,NULL,19,NULL,NULL,2200.00000,NULL,NULL,NULL,NULL,36.00000,NULL,'2019-04-02 09:47:01','2019-04-02 09:47:01','\0'),(3865,'615','PAPEL ALUMINIO 21 MTS','PAPEL ALUMINIO 21 MTS',8,NULL,19,NULL,NULL,4600.00000,NULL,NULL,NULL,NULL,24.00000,NULL,'2019-04-02 09:47:01','2019-04-02 09:47:01','\0'),(3866,'616','PAPEL ALUMINIO X 300 MTS','PAPEL ALUMINIO X 300 MTS',8,NULL,13,NULL,NULL,49000.00000,NULL,NULL,NULL,NULL,0.00000,NULL,'2019-04-02 09:47:01','2019-04-02 09:47:01','\0'),(3867,'617','PAPEL ANTIGRASO','PAPEL ANTIGRASO',14,NULL,13,NULL,NULL,10500.00000,NULL,NULL,NULL,NULL,16.00000,NULL,'2019-04-02 09:47:01','2019-04-02 09:47:01','\0'),(3868,'618','PAPEL PELICULA 20 MTS','PAPEL PELICULA 20 MTS',8,NULL,19,NULL,NULL,2600.00000,NULL,NULL,NULL,NULL,0.00000,NULL,'2019-04-02 09:47:01','2019-04-02 09:47:01','\0'),(3869,'619','PAPEL PELICULA 30 MTS','PAPEL PELICULA 30 MTS',8,NULL,19,NULL,NULL,3400.00000,NULL,NULL,NULL,NULL,42.00000,NULL,'2019-04-02 09:47:01','2019-04-02 09:47:01','\0'),(3870,'620','PAPEL PELICULA 60MTS','PAPEL PELICULA 60MTS',8,NULL,19,NULL,NULL,4400.00000,NULL,NULL,NULL,NULL,33.00000,NULL,'2019-04-02 09:47:01','2019-04-02 09:47:01','\0'),(3871,'621','PASTA TOMATE KILO','PASTA TOMATE KILO',14,NULL,3,NULL,NULL,6800.00000,NULL,NULL,NULL,NULL,7.00000,NULL,'2019-04-02 09:47:01','2019-04-02 09:47:01','\0'),(3872,'622','PEPERONI PRECOCIDO PARISIEN','PEPERONI PRECOCIDO PARISIEN',6,NULL,13,NULL,NULL,15000.00000,NULL,NULL,NULL,NULL,2.00000,NULL,'2019-04-02 09:47:01','2019-04-02 09:47:01','\0'),(3873,'623','PEPINILLO GRANDE','PEPINILLO GRANDE',7,NULL,10,NULL,NULL,3900.00000,NULL,NULL,NULL,NULL,80.00000,NULL,'2019-04-02 09:47:01','2019-04-02 09:47:01','\0'),(3874,'624','PEPINILLO PEQUENO','PEPINILLO PEQUENO',7,NULL,19,NULL,NULL,7000.00000,NULL,NULL,NULL,NULL,4.00000,NULL,'2019-04-02 09:47:01','2019-04-02 09:47:01','\0'),(3875,'625','PEPINILLO POTE','PEPINILLO POTE',7,NULL,15,NULL,NULL,3000.00000,NULL,NULL,NULL,NULL,0.00000,NULL,'2019-04-02 09:47:01','2019-04-02 09:47:01','\0'),(3876,'626','PIMIENTA OLOR','PIMIENTA OLOR',11,NULL,19,NULL,NULL,0.00000,NULL,NULL,NULL,NULL,0.00000,NULL,'2019-04-02 09:47:01','2019-04-02 09:47:01','\0'),(3877,'627','PINA TROCITO KILO','PINA TROCITO KILO',14,NULL,2,NULL,NULL,3900.00000,NULL,NULL,NULL,NULL,8.00000,NULL,'2019-04-02 09:47:01','2019-04-02 09:47:01','\0'),(3878,'628','PINZA PARA PANADERIA GRANDE','PINZA PARA PANADERIA GRANDE',13,NULL,19,NULL,NULL,12000.00000,NULL,NULL,NULL,NULL,5.00000,NULL,'2019-04-02 09:47:01','2019-04-02 09:47:01','\0'),(3879,'629','PINA TROCITO GALON','PINA TROCITO GALON',14,NULL,6,NULL,NULL,15600.00000,NULL,NULL,NULL,NULL,1.00000,NULL,'2019-04-02 09:47:01','2019-04-02 09:47:01','\0'),(3880,'630','PITILLO BLANCO','PITILLO BLANCO',8,NULL,13,NULL,NULL,300.00000,NULL,NULL,NULL,NULL,76.00000,NULL,'2019-04-02 09:47:01','2019-04-02 09:47:01','\0'),(3881,'631','PITILLO FORRADO','PITILLO FORRADO',8,NULL,13,NULL,NULL,1500.00000,NULL,NULL,NULL,NULL,41.00000,NULL,'2019-04-02 09:47:01','2019-04-02 09:47:01','\0'),(3882,'632','PITILLO FRESK','PITILLO FRESK',8,NULL,13,NULL,NULL,700.00000,NULL,NULL,NULL,NULL,23.00000,NULL,'2019-04-02 09:47:01','2019-04-02 09:47:01','\0'),(3883,'633','PITILLO GRUESO','PITILLO GRUESO',8,NULL,13,NULL,NULL,700.00000,NULL,NULL,NULL,NULL,0.00000,NULL,'2019-04-02 09:47:01','2019-04-02 09:47:01','\0'),(3884,'634','PITILLO PUNTA PERFORADORA','PITILLO PUNTA PERFORADORA',8,NULL,13,NULL,NULL,1500.00000,NULL,NULL,NULL,NULL,4.00000,NULL,'2019-04-02 09:47:01','2019-04-02 09:47:01','\0'),(3885,'635','PLATO N.12','PLATO N.12',8,NULL,13,NULL,NULL,1500.00000,NULL,NULL,NULL,NULL,40.00000,NULL,'2019-04-02 09:47:01','2019-04-02 09:47:01','\0'),(3886,'636','PLATO N.15','PLATO N.15',8,NULL,13,NULL,NULL,1500.00000,NULL,NULL,NULL,NULL,22.00000,NULL,'2019-04-02 09:47:01','2019-04-02 09:47:01','\0'),(3887,'637','PLATO N.18','PLATO N.18',8,NULL,13,NULL,NULL,1800.00000,NULL,NULL,NULL,NULL,33.00000,NULL,'2019-04-02 09:47:01','2019-04-02 09:47:01','\0'),(3888,'638','PLATO N.20','PLATO N.20',8,NULL,13,NULL,NULL,2400.00000,NULL,NULL,NULL,NULL,10.00000,NULL,'2019-04-02 09:47:01','2019-04-02 09:47:01','\0'),(3889,'639','PLATO N.23','PLATO N.23',8,NULL,13,NULL,NULL,2600.00000,NULL,NULL,NULL,NULL,12.00000,NULL,'2019-04-02 09:47:01','2019-04-02 09:47:01','\0'),(3890,'640','PLATO N.26','PLATO N.26',8,NULL,13,NULL,NULL,3200.00000,NULL,NULL,NULL,NULL,22.00000,NULL,'2019-04-02 09:47:01','2019-04-02 09:47:01','\0'),(3891,'641','PLATO OVALADA N.16','PLATO OVALADA N.16',8,NULL,13,NULL,NULL,2300.00000,NULL,NULL,NULL,NULL,7.00000,NULL,'2019-04-02 09:47:01','2019-04-02 09:47:01','\0'),(3892,'642','PLATO OVALADO N.19 ','PLATO OVALADO N.19 ',8,NULL,13,NULL,NULL,3700.00000,NULL,NULL,NULL,NULL,17.00000,NULL,'2019-04-02 09:47:01','2019-04-02 09:47:01','\0'),(3893,'643','PLATO OVALADO P3','PLATO OVALADO P3',8,NULL,13,NULL,NULL,3700.00000,NULL,NULL,NULL,NULL,0.00000,NULL,'2019-04-02 09:47:01','2019-04-02 09:47:01','\0'),(3894,'644','PLATO SOPERO 25 0NZAS','PLATO SOPERO 25 0NZAS',8,NULL,13,NULL,NULL,3700.00000,NULL,NULL,NULL,NULL,0.00000,NULL,'2019-04-02 09:47:01','2019-04-02 09:47:01','\0'),(3895,'645','POLVO HORNEAR','POLVO HORNEAR',11,NULL,8,NULL,NULL,6.00000,NULL,NULL,NULL,NULL,4.00000,NULL,'2019-04-02 09:47:01','2019-04-02 09:47:01','\0'),(3896,'646','PONNY MINI PACA','PONNY MINI PACA',5,NULL,12,NULL,NULL,0.00000,NULL,NULL,NULL,NULL,0.00000,NULL,'2019-04-02 09:47:01','2019-04-02 09:47:01','\0'),(3897,'647','PONNY MINI UNIDAD','PONNY MINI UNIDAD',5,NULL,3,NULL,NULL,1000.00000,NULL,NULL,NULL,NULL,0.00000,NULL,'2019-04-02 09:47:01','2019-04-02 09:47:01','\0'),(3898,'648','PORTA PERRO X 100 UNIDADES','PORTA PERRO X 100 UNIDADES',7,NULL,13,NULL,NULL,70.00000,NULL,NULL,NULL,NULL,18.00000,NULL,'2019-04-02 09:47:01','2019-04-02 09:47:01','\0'),(3899,'649','PRACTIPASTA X 450 GRAMOS','PRACTIPASTA X 450 GRAMOS',11,NULL,19,NULL,NULL,3100.00000,NULL,NULL,NULL,NULL,8.00000,NULL,'2019-04-02 09:47:01','2019-04-02 09:47:01','\0'),(3900,'650','PRACTIPASTA X 560 GRAMOS','PRACTIPASTA X 560 GRAMOS',11,NULL,19,NULL,NULL,3400.00000,NULL,NULL,NULL,NULL,13.00000,NULL,'2019-04-02 09:47:01','2019-04-02 09:47:01','\0'),(3901,'651','QUESO CREMA 150 GRAMOS','QUESO CREMA 150 GRAMOS',10,NULL,17,NULL,NULL,2500.00000,NULL,NULL,NULL,NULL,4.00000,NULL,'2019-04-02 09:47:01','2019-04-02 09:47:01','\0'),(3902,'652','QUESO CREMA X 230','QUESO CREMA X 230',10,NULL,17,NULL,NULL,3600.00000,NULL,NULL,NULL,NULL,1.00000,NULL,'2019-04-02 09:47:01','2019-04-02 09:47:01','\0'),(3903,'653','QUESO CREMA X 400','QUESO CREMA X 400',10,NULL,17,NULL,NULL,6000.00000,NULL,NULL,NULL,NULL,4.00000,NULL,'2019-04-02 09:47:01','2019-04-02 09:47:01','\0'),(3904,'654','QUESO DURO RECORTE','QUESO DURO RECORTE',7,NULL,9,NULL,NULL,10000.00000,NULL,NULL,NULL,NULL,3.00000,NULL,'2019-04-02 09:47:01','2019-04-02 09:47:01','\0'),(3905,'655','QUESO DURO X KILO','QUESO DURO X KILO',7,NULL,9,NULL,NULL,16000.00000,NULL,NULL,NULL,NULL,12.00000,NULL,'2019-04-02 09:47:01','2019-04-02 09:47:01','\0'),(3906,'656','QUESO MOZARELLA  X 10  LONCHAS','QUESO MOZARELLA  X 10  LONCHAS',10,NULL,13,NULL,NULL,3600.00000,NULL,NULL,NULL,NULL,0.00000,NULL,'2019-04-02 09:47:01','2019-04-02 09:47:01','\0'),(3907,'657','QUESO MOZARRELA X 20 LONCHAS','QUESO MOZARRELA X 20 LONCHAS',10,NULL,13,NULL,NULL,7200.00000,NULL,NULL,NULL,NULL,15.00000,NULL,'2019-04-02 09:47:01','2019-04-02 09:47:01','\0'),(3908,'658','QUESO MOZZARELA  ESTANSUELITA BLOQUE','QUESO MOZZARELA  ESTANSUELITA BLOQUE',10,NULL,22,NULL,NULL,33000.00000,NULL,NULL,NULL,NULL,0.00000,NULL,'2019-04-02 09:47:01','2019-04-02 09:47:01','\0'),(3909,'659','QUESO MOZZARELA  MANANTIAL BLOQUE ','QUESO MOZZARELA  MANANTIAL BLOQUE ',10,NULL,8,NULL,NULL,32000.00000,NULL,NULL,NULL,NULL,0.00000,NULL,'2019-04-02 09:47:01','2019-04-02 09:47:01','\0'),(3910,'660','QUESO MOZZARELA TAJADO SUIZO','QUESO MOZZARELA TAJADO SUIZO',10,NULL,13,NULL,NULL,34000.00000,NULL,NULL,NULL,NULL,10.00000,NULL,'2019-04-02 09:47:01','2019-04-02 09:47:01','\0'),(3911,'661','QUESO PARMESANO COLANTA GRANDE','QUESO PARMESANO COLANTA GRANDE',10,NULL,13,NULL,NULL,7800.00000,NULL,NULL,NULL,NULL,2.00000,NULL,'2019-04-02 09:47:01','2019-04-02 09:47:01','\0'),(3912,'662','QUESO PARMESANO COLANTA PEQUENO','QUESO PARMESANO COLANTA PEQUENO',10,NULL,13,NULL,NULL,2800.00000,NULL,NULL,NULL,NULL,1.00000,NULL,'2019-04-02 09:47:01','2019-04-02 09:47:01','\0'),(3913,'663','QUESO SUIZO BLOQUE','QUESO SUIZO BLOQUE',10,NULL,19,NULL,NULL,33000.00000,NULL,NULL,NULL,NULL,8.00000,NULL,'2019-04-02 09:47:01','2019-04-02 09:47:01','\0'),(3914,'664','QUESO SUIZO BLOQUE MENUDEADO','QUESO SUIZO BLOQUE MENUDEADO',10,NULL,8,NULL,NULL,14.00000,NULL,NULL,NULL,NULL,4598.00000,NULL,'2019-04-02 09:47:01','2019-04-02 09:47:01','\0'),(3915,'665','SABORIZANTE 60ML','SABORIZANTE 60ML',13,NULL,3,NULL,NULL,2500.00000,NULL,NULL,NULL,NULL,3.00000,NULL,'2019-04-02 09:47:01','2019-04-02 09:47:01','\0'),(3916,'666','SAL CRISTAL','SAL CRISTAL',11,NULL,19,NULL,NULL,400.00000,NULL,NULL,NULL,NULL,56.00000,NULL,'2019-04-02 09:47:01','2019-04-02 09:47:01','\0'),(3917,'667','SALAMI','SALAMI',6,NULL,13,NULL,NULL,7200.00000,NULL,NULL,NULL,NULL,0.00000,NULL,'2019-04-02 09:47:01','2019-04-02 09:47:01','\0'),(3918,'668','SALCHI DELIC X 26','SALCHI DELIC X 26',6,NULL,13,NULL,NULL,7300.00000,NULL,NULL,NULL,NULL,91.00000,NULL,'2019-04-02 09:47:01','2019-04-02 09:47:01','\0'),(3919,'669','SALCHICHA CUNIT X 14','SALCHICHA CUNIT X 14',6,NULL,13,NULL,NULL,22500.00000,NULL,NULL,NULL,NULL,18.00000,NULL,'2019-04-02 09:47:01','2019-04-02 09:47:01','\0'),(3920,'670','SALCHICHA DELICK X 16','SALCHICHA DELICK X 16',6,NULL,13,NULL,NULL,15500.00000,NULL,NULL,NULL,NULL,0.00000,NULL,'2019-04-02 09:47:01','2019-04-02 09:47:01','\0'),(3921,'671','SALCHICHA MINI CAFRISAN X 10','SALCHICHA MINI CAFRISAN X 10',6,NULL,13,NULL,NULL,3200.00000,NULL,NULL,NULL,NULL,0.00000,NULL,'2019-04-02 09:47:01','2019-04-02 09:47:01','\0'),(3922,'672','SALCHICHA MINI CAFRISAN X 20','SALCHICHA MINI CAFRISAN X 20',6,NULL,13,NULL,NULL,6200.00000,NULL,NULL,NULL,NULL,4.00000,NULL,'2019-04-02 09:47:01','2019-04-02 09:47:01','\0'),(3923,'673','SALCHICHA RANCHERA SUPER X 7','SALCHICHA RANCHERA SUPER X 7',6,NULL,13,NULL,NULL,13600.00000,NULL,NULL,NULL,NULL,10.00000,NULL,'2019-04-02 09:47:01','2019-04-02 09:47:01','\0'),(3924,'674','SALCHICHA RANCHERA X 2','SALCHICHA RANCHERA X 2',6,NULL,13,NULL,NULL,2400.00000,NULL,NULL,NULL,NULL,2.00000,NULL,'2019-04-02 09:47:01','2019-04-02 09:47:01','\0'),(3925,'675','SALCHICHA RANCHERA X 3','SALCHICHA RANCHERA X 3',6,NULL,13,NULL,NULL,2500.00000,NULL,NULL,NULL,NULL,1.00000,NULL,'2019-04-02 09:47:01','2019-04-02 09:47:01','\0'),(3926,'676','SALCHICHA RANCHERA X 5','SALCHICHA RANCHERA X 5',6,NULL,13,NULL,NULL,3600.00000,NULL,NULL,NULL,NULL,0.00000,NULL,'2019-04-02 09:47:01','2019-04-02 09:47:01','\0'),(3927,'677','SALCHICHA RICA VIENA','SALCHICHA RICA VIENA',6,NULL,10,NULL,NULL,2600.00000,NULL,NULL,NULL,NULL,13.00000,NULL,'2019-04-02 09:47:01','2019-04-02 09:47:01','\0'),(3928,'678','SALCHICHA ROSTER X 26','SALCHICHA ROSTER X 26',6,NULL,13,NULL,NULL,7300.00000,NULL,NULL,NULL,NULL,20.00000,NULL,'2019-04-02 09:47:01','2019-04-02 09:47:01','\0'),(3929,'679','SALCHICHA ZENU AMERICANA X 2','SALCHICHA ZENU AMERICANA X 2',6,NULL,13,NULL,NULL,3200.00000,NULL,NULL,NULL,NULL,3.00000,NULL,'2019-04-02 09:47:01','2019-04-02 09:47:01','\0'),(3930,'680','SALCHICHON CERVECERO CUNIT','SALCHICHON CERVECERO CUNIT',6,NULL,19,NULL,NULL,14000.00000,NULL,NULL,NULL,NULL,0.00000,NULL,'2019-04-02 09:47:01','2019-04-02 09:47:01','\0'),(3931,'681','SALCHICHON DON VITO CERVECERO','SALCHICHON DON VITO CERVECERO',6,NULL,19,NULL,NULL,5500.00000,NULL,NULL,NULL,NULL,0.00000,NULL,'2019-04-02 09:47:01','2019-04-02 09:47:01','\0'),(3932,'682','SALCHICHON DON VITO CORRIENTE','SALCHICHON DON VITO CORRIENTE',6,NULL,19,NULL,NULL,3500.00000,NULL,NULL,NULL,NULL,0.00000,NULL,'2019-04-02 09:47:01','2019-04-02 09:47:01','\0'),(3933,'683','SALCHICHON MANA CERVECERO 1300 GRAMOS','SALCHICHON MANA CERVECERO 1300 GRAMOS',6,NULL,19,NULL,NULL,6000.00000,NULL,NULL,NULL,NULL,1.00000,NULL,'2019-04-02 09:47:01','2019-04-02 09:47:01','\0'),(3934,'684','SALCHICHON MANA CERVECERO 900 GRAMOS','SALCHICHON MANA CERVECERO 900 GRAMOS',6,NULL,19,NULL,NULL,5500.00000,NULL,NULL,NULL,NULL,0.00000,NULL,'2019-04-02 09:47:01','2019-04-02 09:47:01','\0'),(3935,'685','SALCHICHON MANA ECO CORRIENTE','SALCHICHON MANA ECO CORRIENTE',6,NULL,19,NULL,NULL,3300.00000,NULL,NULL,NULL,NULL,0.00000,NULL,'2019-04-02 09:47:01','2019-04-02 09:47:01','\0'),(3936,'686','SALSA  TOMATE 250 GRAMOS','SALSA  TOMATE 250 GRAMOS',14,NULL,2,NULL,NULL,1500.00000,NULL,NULL,NULL,NULL,15.00000,NULL,'2019-04-02 09:47:01','2019-04-02 09:47:01','\0'),(3937,'687','SALSA ADOBA CARNE','SALSA ADOBA CARNE',14,NULL,3,NULL,NULL,3000.00000,NULL,NULL,NULL,NULL,0.00000,NULL,'2019-04-02 09:47:01','2019-04-02 09:47:01','\0'),(3938,'688','SALSA BBQ 1000 CM3 ','SALSA BBQ 1000 CM3 ',14,NULL,3,NULL,NULL,5000.00000,NULL,NULL,NULL,NULL,1.00000,NULL,'2019-04-02 09:47:01','2019-04-02 09:47:01','\0'),(3939,'689','SALSA BBQ 180 GRAMOS','SALSA BBQ 180 GRAMOS',14,NULL,3,NULL,NULL,1700.00000,NULL,NULL,NULL,NULL,6.00000,NULL,'2019-04-02 09:47:01','2019-04-02 09:47:01','\0'),(3940,'690','SALSA BBQ 250 GRAMOS','SALSA BBQ 250 GRAMOS',14,NULL,2,NULL,NULL,1700.00000,NULL,NULL,NULL,NULL,0.00000,NULL,'2019-04-02 09:47:01','2019-04-02 09:47:01','\0'),(3941,'691','SALSA BBQ 3800 CM3','SALSA BBQ 3800 CM3',14,NULL,3,NULL,NULL,17500.00000,NULL,NULL,NULL,NULL,2.00000,NULL,'2019-04-02 09:47:01','2019-04-02 09:47:01','\0'),(3942,'692','SALSA BBQ BOLSON','SALSA BBQ BOLSON',14,NULL,2,NULL,NULL,17000.00000,NULL,NULL,NULL,NULL,6.00000,NULL,'2019-04-02 09:47:01','2019-04-02 09:47:01','\0'),(3943,'693','SALSA BBQ GALON','SALSA BBQ GALON',14,NULL,6,NULL,NULL,17400.00000,NULL,NULL,NULL,NULL,2.00000,NULL,'2019-04-02 09:47:01','2019-04-02 09:47:01','\0'),(3944,'694','SALSA BBQ KILO','SALSA BBQ KILO',14,NULL,2,NULL,NULL,5000.00000,NULL,NULL,NULL,NULL,11.00000,NULL,'2019-04-02 09:47:01','2019-04-02 09:47:01','\0'),(3945,'695','SALSA CARNES 180 GRAMOS','SALSA CARNES 180 GRAMOS',14,NULL,3,NULL,NULL,1500.00000,NULL,NULL,NULL,NULL,20.00000,NULL,'2019-04-02 09:47:01','2019-04-02 09:47:01','\0'),(3946,'696','SALSA DE AJO','SALSA DE AJO',14,NULL,2,NULL,NULL,2500.00000,NULL,NULL,NULL,NULL,0.00000,NULL,'2019-04-02 09:47:01','2019-04-02 09:47:01','\0'),(3947,'697','SALSA DE TOMATE DORIA 200 GRAMOS','SALSA DE TOMATE DORIA 200 GRAMOS',14,NULL,16,NULL,NULL,3200.00000,NULL,NULL,NULL,NULL,4.00000,NULL,'2019-04-02 09:47:01','2019-04-02 09:47:01','\0'),(3948,'698','SALSA DE TOMATE GALON','SALSA DE TOMATE GALON',14,NULL,6,NULL,NULL,14500.00000,NULL,NULL,NULL,NULL,5.00000,NULL,'2019-04-02 09:47:01','2019-04-02 09:47:01','\0'),(3949,'699','SALSA INGLESA ','SALSA INGLESA ',14,NULL,3,NULL,NULL,1600.00000,NULL,NULL,NULL,NULL,13.00000,NULL,'2019-04-02 09:47:01','2019-04-02 09:47:01','\0'),(3950,'700','SALSA INGLESA JUNIOR','SALSA INGLESA JUNIOR',14,NULL,3,NULL,NULL,1700.00000,NULL,NULL,NULL,NULL,6.00000,NULL,'2019-04-02 09:47:01','2019-04-02 09:47:01','\0'),(3951,'701','SALSA MAYONESA BOLSON','SALSA MAYONESA BOLSON',14,NULL,2,NULL,NULL,15600.00000,NULL,NULL,NULL,NULL,5.00000,NULL,'2019-04-02 09:47:01','2019-04-02 09:47:01','\0'),(3952,'702','SALSA MAYONESA KILO','SALSA MAYONESA KILO',14,NULL,2,NULL,NULL,4800.00000,NULL,NULL,NULL,NULL,17.00000,NULL,'2019-04-02 09:47:01','2019-04-02 09:47:01','\0'),(3953,'703','SALSA MAYONESA POMPEYA BOLSON','SALSA MAYONESA POMPEYA BOLSON',14,NULL,23,NULL,NULL,15000.00000,NULL,NULL,NULL,NULL,14.00000,NULL,'2019-04-02 09:47:01','2019-04-02 09:47:01','\0'),(3954,'704','SALSA MAYONESA SELECTO','SALSA MAYONESA SELECTO',14,NULL,6,NULL,NULL,34500.00000,NULL,NULL,NULL,NULL,1.00000,NULL,'2019-04-02 09:47:01','2019-04-02 09:47:01','\0'),(3955,'705','SALSA MAYONESA X 250','SALSA MAYONESA X 250',14,NULL,2,NULL,NULL,1700.00000,NULL,NULL,NULL,NULL,25.00000,NULL,'2019-04-02 09:47:01','2019-04-02 09:47:01','\0'),(3956,'706','SALSA MAYONESA X 500','SALSA MAYONESA X 500',14,NULL,2,NULL,NULL,2700.00000,NULL,NULL,NULL,NULL,11.00000,NULL,'2019-04-02 09:47:01','2019-04-02 09:47:01','\0'),(3957,'707','SALSA MAYOSENA CHEF','SALSA MAYOSENA CHEF',14,NULL,6,NULL,NULL,31500.00000,NULL,NULL,NULL,NULL,22.00000,NULL,'2019-04-02 09:47:01','2019-04-02 09:47:01','\0'),(3958,'708','SALSA MAYOSENA KARI','SALSA MAYOSENA KARI',14,NULL,6,NULL,NULL,34500.00000,NULL,NULL,NULL,NULL,0.00000,NULL,'2019-04-02 09:47:01','2019-04-02 09:47:01','\0'),(3959,'709','SALSA MAYOSENA MIXTER','SALSA MAYOSENA MIXTER',14,NULL,6,NULL,NULL,29500.00000,NULL,NULL,NULL,NULL,13.00000,NULL,'2019-04-02 09:47:01','2019-04-02 09:47:01','\0'),(3960,'710','SALSA MOSTAZA 250','SALSA MOSTAZA 250',14,NULL,2,NULL,NULL,1600.00000,NULL,NULL,NULL,NULL,9.00000,NULL,'2019-04-02 09:47:01','2019-04-02 09:47:01','\0'),(3961,'711','SALSA MOSTAZA BOLSON','SALSA MOSTAZA BOLSON',14,NULL,2,NULL,NULL,12000.00000,NULL,NULL,NULL,NULL,0.00000,NULL,'2019-04-02 09:47:01','2019-04-02 09:47:01','\0'),(3962,'712','SALSA MOSTAZA KILO','SALSA MOSTAZA KILO',14,NULL,2,NULL,NULL,3200.00000,NULL,NULL,NULL,NULL,0.00000,NULL,'2019-04-02 09:47:01','2019-04-02 09:47:01','\0'),(3963,'713','SALSA MOSTAZA LIBRA','SALSA MOSTAZA LIBRA',14,NULL,2,NULL,NULL,2000.00000,NULL,NULL,NULL,NULL,6.00000,NULL,'2019-04-02 09:47:01','2019-04-02 09:47:01','\0'),(3964,'714','SALSA MOSTAZA POMPEYA BOLSON','SALSA MOSTAZA POMPEYA BOLSON',14,NULL,23,NULL,NULL,11000.00000,NULL,NULL,NULL,NULL,0.00000,NULL,'2019-04-02 09:47:01','2019-04-02 09:47:01','\0'),(3965,'715','SALSA NEGRA 1000 CM3','SALSA NEGRA 1000 CM3',14,NULL,3,NULL,NULL,2500.00000,NULL,NULL,NULL,NULL,0.00000,NULL,'2019-04-02 09:47:01','2019-04-02 09:47:01','\0'),(3966,'716','SALSA NEGRA 3000 CM3','SALSA NEGRA 3000 CM3',14,NULL,3,NULL,NULL,3800.00000,NULL,NULL,NULL,NULL,3.00000,NULL,'2019-04-02 09:47:01','2019-04-02 09:47:01','\0'),(3967,'717','SALSA NEGRA 3800 CM3','SALSA NEGRA 3800 CM3',14,NULL,3,NULL,NULL,5500.00000,NULL,NULL,NULL,NULL,5.00000,NULL,'2019-04-02 09:47:01','2019-04-02 09:47:01','\0'),(3968,'718','SALSA NEGRA 500 CM3','SALSA NEGRA 500 CM3',14,NULL,3,NULL,NULL,1200.00000,NULL,NULL,NULL,NULL,0.00000,NULL,'2019-04-02 09:47:01','2019-04-02 09:47:01','\0'),(3969,'719','SALSA NEGRA JUNIOR X 170 ML','SALSA NEGRA JUNIOR X 170 ML',14,NULL,3,NULL,NULL,1000.00000,NULL,NULL,NULL,NULL,7.00000,NULL,'2019-04-02 09:47:01','2019-04-02 09:47:01','\0'),(3970,'720','SALSA NEGRA LA JUNIORISTA GRANDE','SALSA NEGRA LA JUNIORISTA GRANDE',14,NULL,3,NULL,NULL,1500.00000,NULL,NULL,NULL,NULL,14.00000,NULL,'2019-04-02 09:47:01','2019-04-02 09:47:01','\0'),(3971,'721','SALSA NEGRA LA JUNIORISTA PEQUENA','SALSA NEGRA LA JUNIORISTA PEQUENA',14,NULL,3,NULL,NULL,1000.00000,NULL,NULL,NULL,NULL,10.00000,NULL,'2019-04-02 09:47:01','2019-04-02 09:47:01','\0'),(3972,'722','SALSA NEGRA X 170 ML','SALSA NEGRA X 170 ML',14,NULL,3,NULL,NULL,1300.00000,NULL,NULL,NULL,NULL,0.00000,NULL,'2019-04-02 09:47:01','2019-04-02 09:47:01','\0'),(3973,'723','SALSA ROSADA 250','SALSA ROSADA 250',14,NULL,2,NULL,NULL,1700.00000,NULL,NULL,NULL,NULL,10.00000,NULL,'2019-04-02 09:47:01','2019-04-02 09:47:01','\0'),(3974,'724','SALSA ROSADA BOLSON','SALSA ROSADA BOLSON',14,NULL,2,NULL,NULL,17000.00000,NULL,NULL,NULL,NULL,14.00000,NULL,'2019-04-02 09:47:01','2019-04-02 09:47:01','\0'),(3975,'725','SALSA ROSADA KILO','SALSA ROSADA KILO',14,NULL,2,NULL,NULL,5000.00000,NULL,NULL,NULL,NULL,13.00000,NULL,'2019-04-02 09:47:01','2019-04-02 09:47:01','\0'),(3976,'726','SALSA ROSADA LIBRA','SALSA ROSADA LIBRA',14,NULL,2,NULL,NULL,2700.00000,NULL,NULL,NULL,NULL,4.00000,NULL,'2019-04-02 09:47:01','2019-04-02 09:47:01','\0'),(3977,'727','SALSA SOYA 1000 CM3','SALSA SOYA 1000 CM3',14,NULL,3,NULL,NULL,4800.00000,NULL,NULL,NULL,NULL,5.00000,NULL,'2019-04-02 09:47:01','2019-04-02 09:47:01','\0'),(3978,'728','SALSA SOYA 180 GRAMOS','SALSA SOYA 180 GRAMOS',14,NULL,3,NULL,NULL,1600.00000,NULL,NULL,NULL,NULL,0.00000,NULL,'2019-04-02 09:47:01','2019-04-02 09:47:01','\0'),(3979,'729','SALSA SOYA 3000 CM3','SALSA SOYA 3000 CM3',14,NULL,3,NULL,NULL,4300.00000,NULL,NULL,NULL,NULL,0.00000,NULL,'2019-04-02 09:47:01','2019-04-02 09:47:01','\0'),(3980,'730','SALSA SOYA 3800 CM3','SALSA SOYA 3800 CM3',14,NULL,3,NULL,NULL,12000.00000,NULL,NULL,NULL,NULL,3.00000,NULL,'2019-04-02 09:47:01','2019-04-02 09:47:01','\0'),(3981,'731','SALSA SOYA JUNIOR 180 GRAMOS','SALSA SOYA JUNIOR 180 GRAMOS',14,NULL,3,NULL,NULL,1700.00000,NULL,NULL,NULL,NULL,5.00000,NULL,'2019-04-02 09:47:01','2019-04-02 09:47:01','\0'),(3982,'732','SALSA TARTARA 250','SALSA TARTARA 250',14,NULL,2,NULL,NULL,1800.00000,NULL,NULL,NULL,NULL,8.00000,NULL,'2019-04-02 09:47:01','2019-04-02 09:47:01','\0'),(3983,'733','SALSA TARTARA BOLSON','SALSA TARTARA BOLSON',14,NULL,2,NULL,NULL,17000.00000,NULL,NULL,NULL,NULL,0.00000,NULL,'2019-04-02 09:47:01','2019-04-02 09:47:01','\0'),(3984,'734','SALSA TARTARA KILO','SALSA TARTARA KILO',14,NULL,2,NULL,NULL,5000.00000,NULL,NULL,NULL,NULL,3.00000,NULL,'2019-04-02 09:47:01','2019-04-02 09:47:01','\0'),(3985,'735','SALSA TARTARA LIBRA','SALSA TARTARA LIBRA',14,NULL,2,NULL,NULL,2800.00000,NULL,NULL,NULL,NULL,11.00000,NULL,'2019-04-02 09:47:01','2019-04-02 09:47:01','\0'),(3986,'736','SALSA TOMATE BOLSON','SALSA TOMATE BOLSON',14,NULL,2,NULL,NULL,12400.00000,NULL,NULL,NULL,NULL,14.00000,NULL,'2019-04-02 09:47:01','2019-04-02 09:47:01','\0'),(3987,'737','SALSA TOMATE KILO','SALSA TOMATE KILO',14,NULL,2,NULL,NULL,3800.00000,NULL,NULL,NULL,NULL,10.00000,NULL,'2019-04-02 09:47:01','2019-04-02 09:47:01','\0'),(3988,'738','SALSA TOMATE LIBRA','SALSA TOMATE LIBRA',14,NULL,2,NULL,NULL,2000.00000,NULL,NULL,NULL,NULL,20.00000,NULL,'2019-04-02 09:47:01','2019-04-02 09:47:01','\0'),(3989,'739','SALSA TOMATE POMPEYA BOLSON','SALSA TOMATE POMPEYA BOLSON',14,NULL,23,NULL,NULL,10500.00000,NULL,NULL,NULL,NULL,7.00000,NULL,'2019-04-02 09:47:01','2019-04-02 09:47:01','\0'),(3990,'740','SALSA TOMATE SABROSISIMA GALON','SALSA TOMATE SABROSISIMA GALON',14,NULL,6,NULL,NULL,17000.00000,NULL,NULL,NULL,NULL,8.00000,NULL,'2019-04-02 09:47:01','2019-04-02 09:47:01','\0'),(3991,'741','SERPENTINAS','SERPENTINAS',12,NULL,19,NULL,NULL,2000.00000,NULL,NULL,NULL,NULL,0.00000,NULL,'2019-04-02 09:47:01','2019-04-02 09:47:01','\0'),(3992,'742','SERVILLETA MIA 200','SERVILLETA MIA 200',8,NULL,19,NULL,NULL,1400.00000,NULL,NULL,NULL,NULL,0.00000,NULL,'2019-04-02 09:47:01','2019-04-02 09:47:01','\0'),(3993,'743','SERVILLETA NUBE 320','SERVILLETA NUBE 320',8,NULL,19,NULL,NULL,2400.00000,NULL,NULL,NULL,NULL,0.00000,NULL,'2019-04-02 09:47:01','2019-04-02 09:47:01','\0'),(3994,'744','SERVILLETA POPULAR 150','SERVILLETA POPULAR 150',8,NULL,19,NULL,NULL,1400.00000,NULL,NULL,NULL,NULL,0.00000,NULL,'2019-04-02 09:47:01','2019-04-02 09:47:01','\0'),(3995,'745','SERVILLETA SNUGGY','SERVILLETA SNUGGY',8,NULL,19,NULL,NULL,1400.00000,NULL,NULL,NULL,NULL,0.00000,NULL,'2019-04-02 09:47:01','2019-04-02 09:47:01','\0'),(3996,'746','SOFLE POSTRE','SOFLE POSTRE',8,NULL,19,NULL,NULL,150.00000,NULL,NULL,NULL,NULL,0.00000,NULL,'2019-04-02 09:47:01','2019-04-02 09:47:01','\0'),(3997,'747','SPEED MAXX','SPEED MAXX',5,NULL,3,NULL,NULL,1000.00000,NULL,NULL,NULL,NULL,0.00000,NULL,'2019-04-02 09:47:01','2019-04-02 09:47:01','\0'),(3998,'748','STICK DECORABLES','STICK DECORABLES',12,NULL,19,NULL,NULL,2200.00000,NULL,NULL,NULL,NULL,10.00000,NULL,'2019-04-02 09:47:01','2019-04-02 09:47:01','\0'),(3999,'749','SUERO KLAREN 200 GRAMOS','SUERO KLAREN 200 GRAMOS',10,NULL,2,NULL,NULL,3300.00000,NULL,NULL,NULL,NULL,2.00000,NULL,'2019-04-02 09:47:01','2019-04-02 09:47:01','\0'),(4000,'750','SUERO KLAREN PICANTE 200 GRAMOS','SUERO KLAREN PICANTE 200 GRAMOS',10,NULL,2,NULL,NULL,3500.00000,NULL,NULL,NULL,NULL,4.00000,NULL,'2019-04-02 09:47:01','2019-04-02 09:47:01','\0'),(4001,'751','SUIZA CUNIT UND','SUIZA CUNIT UND',6,NULL,19,NULL,NULL,3200.00000,NULL,NULL,NULL,NULL,2.00000,NULL,'2019-04-02 09:47:01','2019-04-02 09:47:01','\0'),(4002,'752','SUIZA CUNIT X 8','SUIZA CUNIT X 8',6,NULL,13,NULL,NULL,23000.00000,NULL,NULL,NULL,NULL,44.00000,NULL,'2019-04-02 09:47:01','2019-04-02 09:47:01','\0'),(4003,'753','SUIZA DAN UNIDAD','SUIZA DAN UNIDAD',6,NULL,19,NULL,NULL,2800.00000,NULL,NULL,NULL,NULL,4.00000,NULL,'2019-04-02 09:47:01','2019-04-02 09:47:01','\0'),(4004,'754','SUIZA DAN X 8','SUIZA DAN X 8',6,NULL,13,NULL,NULL,20000.00000,NULL,NULL,NULL,NULL,11.00000,NULL,'2019-04-02 09:47:01','2019-04-02 09:47:01','\0'),(4005,'755','SUIZA PARISIEN UNIDAD','SUIZA PARISIEN UNIDAD',6,NULL,13,NULL,NULL,3000.00000,NULL,NULL,NULL,NULL,0.00000,NULL,'2019-04-02 09:47:01','2019-04-02 09:47:01','\0'),(4006,'756','SUIZA PROPIA UNIDAD','SUIZA PROPIA UNIDAD',6,NULL,19,NULL,NULL,2600.00000,NULL,NULL,NULL,NULL,5.00000,NULL,'2019-04-02 09:47:01','2019-04-02 09:47:01','\0'),(4007,'757','SUIZA PROPIA X 8','SUIZA PROPIA X 8',6,NULL,13,NULL,NULL,18500.00000,NULL,NULL,NULL,NULL,1.00000,NULL,'2019-04-02 09:47:01','2019-04-02 09:47:01','\0'),(4008,'758','SUIZA X 4 PARISSIEN','SUIZA X 4 PARISSIEN',6,NULL,13,NULL,NULL,12000.00000,NULL,NULL,NULL,NULL,9.00000,NULL,'2019-04-02 09:47:01','2019-04-02 09:47:01','\0'),(4009,'759','SUPER CHORIZO PARISIEN X 5','SUPER CHORIZO PARISIEN X 5',6,NULL,13,NULL,NULL,0.00000,NULL,NULL,NULL,NULL,4.00000,NULL,'2019-04-02 09:47:01','2019-04-02 09:47:01','\0'),(4010,'760','TAPA PLANA','TAPA PLANA',8,NULL,19,NULL,NULL,330.00000,NULL,NULL,NULL,NULL,102.00000,NULL,'2019-04-02 09:47:01','2019-04-02 09:47:01','\0'),(4011,'761','TENEDOR CHEF CHOY','TENEDOR CHEF CHOY',8,NULL,13,NULL,NULL,2900.00000,NULL,NULL,NULL,NULL,0.00000,NULL,'2019-04-02 09:47:01','2019-04-02 09:47:01','\0'),(4012,'762','TENEDOR TAMI','TENEDOR TAMI',8,NULL,13,NULL,NULL,3800.00000,NULL,NULL,NULL,NULL,8.00000,NULL,'2019-04-02 09:47:01','2019-04-02 09:47:01','\0'),(4013,'763','TENEDOR TIDY','TENEDOR TIDY',8,NULL,13,NULL,NULL,2900.00000,NULL,NULL,NULL,NULL,0.00000,NULL,'2019-04-02 09:47:01','2019-04-02 09:47:01','\0'),(4014,'764','TENEDORES DE COLORES','TENEDORES DE COLORES',12,NULL,13,NULL,NULL,3000.00000,NULL,NULL,NULL,NULL,11.00000,NULL,'2019-04-02 09:47:01','2019-04-02 09:47:01','\0'),(4015,'765','TOCINETA 250','TOCINETA 250',6,NULL,13,NULL,NULL,0.00000,NULL,NULL,NULL,NULL,3.00000,NULL,'2019-04-02 11:14:42','2019-04-02 11:14:42','\0'),(4016,'766','TOCINETA 500','TOCINETA 500',6,NULL,13,NULL,NULL,10500.00000,NULL,NULL,NULL,NULL,6.00000,NULL,'2019-04-02 09:47:01','2019-04-02 09:47:01','\0'),(4017,'767','TOMILLO','TOMILLO',11,NULL,8,NULL,NULL,40.00000,NULL,NULL,NULL,NULL,253.00000,NULL,'2019-04-02 09:47:01','2019-04-02 09:47:01','\0'),(4018,'768','TORTA CORONA','TORTA CORONA',13,NULL,19,NULL,NULL,7500.00000,NULL,NULL,NULL,NULL,7.00000,NULL,'2019-04-02 09:47:01','2019-04-02 09:47:01','\0'),(4019,'769','TORTA CORONA BROWNIES','TORTA CORONA BROWNIES',13,NULL,19,NULL,NULL,7500.00000,NULL,NULL,NULL,NULL,1.00000,NULL,'2019-04-02 09:47:01','2019-04-02 09:47:01','\0'),(4020,'770','TRIANGULITO POSTRE','TRIANGULITO POSTRE',8,NULL,19,NULL,NULL,250.00000,NULL,NULL,NULL,NULL,0.00000,NULL,'2019-04-02 09:47:01','2019-04-02 09:47:01','\0'),(4021,'771','UVAS PASAS','UVAS PASAS',11,NULL,8,NULL,NULL,10.00000,NULL,NULL,NULL,NULL,14.00000,NULL,'2019-04-02 09:47:01','2019-04-02 09:47:01','\0'),(4022,'772','VASITO SALSERO','VASITO SALSERO',8,NULL,13,NULL,NULL,5000.00000,NULL,NULL,NULL,NULL,10.00000,NULL,'2019-04-02 09:47:01','2019-04-02 09:47:01','\0'),(4023,'773','VASO 12 ONZAS','VASO 12 ONZAS',8,NULL,13,NULL,NULL,1400.00000,NULL,NULL,NULL,NULL,30.00000,NULL,'2019-04-02 09:47:01','2019-04-02 09:47:01','\0'),(4024,'774','VASO 16 ONZAS X 25','VASO 16 ONZAS X 25',8,NULL,13,NULL,NULL,3600.00000,NULL,NULL,NULL,NULL,0.00000,NULL,'2019-04-02 09:47:01','2019-04-02 09:47:01','\0'),(4025,'775','VASO 16 ONZAS X 50','VASO 16 ONZAS X 50',8,NULL,13,NULL,NULL,3600.00000,NULL,NULL,NULL,NULL,0.00000,NULL,'2019-04-02 09:47:01','2019-04-02 09:47:01','\0'),(4026,'776','VASO 2.5 ONZAS','VASO 2.5 ONZAS',8,NULL,13,NULL,NULL,900.00000,NULL,NULL,NULL,NULL,7.00000,NULL,'2019-04-02 09:47:01','2019-04-02 09:47:01','\0'),(4027,'777','VASO 3.3 ONZAS','VASO 3.3 ONZAS',8,NULL,13,NULL,NULL,1500.00000,NULL,NULL,NULL,NULL,19.00000,NULL,'2019-04-02 09:47:01','2019-04-02 09:47:01','\0'),(4028,'778','VASO 5.5 ONZAS','VASO 5.5 ONZAS',8,NULL,13,NULL,NULL,1500.00000,NULL,NULL,NULL,NULL,24.00000,NULL,'2019-04-02 09:47:01','2019-04-02 09:47:01','\0'),(4029,'779','VASO 7 ONZAS X 25','VASO 7 ONZAS X 25',8,NULL,13,NULL,NULL,800.00000,NULL,NULL,NULL,NULL,41.00000,NULL,'2019-04-02 09:47:01','2019-04-02 09:47:01','\0'),(4030,'780','VASO 7 X 50 ','VASO 7 X 50 ',8,NULL,13,NULL,NULL,1500.00000,NULL,NULL,NULL,NULL,0.00000,NULL,'2019-04-02 09:47:01','2019-04-02 09:47:01','\0'),(4031,'781','VASO 7 X 50 TUC','VASO 7 X 50 TUC',8,NULL,13,NULL,NULL,1600.00000,NULL,NULL,NULL,NULL,17.00000,NULL,'2019-04-02 09:47:01','2019-04-02 09:47:01','\0'),(4032,'782','VASO DE 10 ONZAS X 25','VASO DE 10 ONZAS X 25',8,NULL,13,NULL,NULL,1300.00000,NULL,NULL,NULL,NULL,19.00000,NULL,'2019-04-02 09:47:01','2019-04-02 09:47:01','\0'),(4033,'783','VASO ICOPOR 4 ONZAS CON TAPA','VASO ICOPOR 4 ONZAS CON TAPA',8,NULL,13,NULL,NULL,4200.00000,NULL,NULL,NULL,NULL,23.00000,NULL,'2019-04-02 09:47:01','2019-04-02 09:47:01','\0'),(4034,'784','VASO ICOPOR 4 ONZAS SIN TAPA','VASO ICOPOR 4 ONZAS SIN TAPA',8,NULL,13,NULL,NULL,4200.00000,NULL,NULL,NULL,NULL,26.00000,NULL,'2019-04-02 09:47:01','2019-04-02 09:47:01','\0'),(4035,'785','VASO ICOPOR 6 ONZAS','VASO ICOPOR 6 ONZAS',8,NULL,13,NULL,NULL,4200.00000,NULL,NULL,NULL,NULL,0.00000,NULL,'2019-04-02 09:47:01','2019-04-02 09:47:01','\0'),(4036,'786','VASO PLASTICO 14 ONZAS X 25','VASO PLASTICO 14 ONZAS X 25',8,NULL,13,NULL,NULL,1700.00000,NULL,NULL,NULL,NULL,12.00000,NULL,'2019-04-02 09:47:01','2019-04-02 09:47:01','\0'),(4037,'787','VASO PLASTICO 9 ONZAS','VASO PLASTICO 9 ONZAS',8,NULL,13,NULL,NULL,1200.00000,NULL,NULL,NULL,NULL,17.00000,NULL,'2019-04-02 09:47:01','2019-04-02 09:47:01','\0'),(4038,'788','VASO RONERO','VASO RONERO',8,NULL,13,NULL,NULL,800.00000,NULL,NULL,NULL,NULL,8.00000,NULL,'2019-04-02 09:47:01','2019-04-02 09:47:01','\0'),(4039,'789','VASO SOPERO  16 ONZAS X 20','VASO SOPERO  16 ONZAS X 20',8,NULL,13,NULL,NULL,3600.00000,NULL,NULL,NULL,NULL,13.00000,NULL,'2019-04-02 09:47:01','2019-04-02 09:47:01','\0'),(4040,'790','VASO SOPERO 12 ONZAS','VASO SOPERO 12 ONZAS',8,NULL,13,NULL,NULL,3200.00000,NULL,NULL,NULL,NULL,0.00000,NULL,'2019-04-02 09:47:01','2019-04-02 09:47:01','\0'),(4041,'791','VASO SOPERO 14 ONZAS','VASO SOPERO 14 ONZAS',8,NULL,13,NULL,NULL,3400.00000,NULL,NULL,NULL,NULL,0.00000,NULL,'2019-04-02 09:47:01','2019-04-02 09:47:01','\0'),(4042,'792','VELA PALITO CUMPLEANOS','VELA PALITO CUMPLEANOS',12,NULL,13,NULL,NULL,4500.00000,NULL,NULL,NULL,NULL,3.00000,NULL,'2019-04-02 09:47:01','2019-04-02 09:47:01','\0'),(4043,'793','VELAS DE NUMERICAS','VELAS DE NUMERICAS',12,NULL,19,NULL,NULL,900.00000,NULL,NULL,NULL,NULL,52.00000,NULL,'2019-04-02 09:47:01','2019-04-02 09:47:01','\0'),(4044,'794','VELAS VOLCANICAS','VELAS VOLCANICAS',12,NULL,19,NULL,NULL,1500.00000,NULL,NULL,NULL,NULL,7.00000,NULL,'2019-04-02 09:47:01','2019-04-02 09:47:01','\0'),(4045,'795','VINAGRE BALSAMICO','VINAGRE BALSAMICO',7,NULL,3,NULL,NULL,12600.00000,NULL,NULL,NULL,NULL,2.00000,NULL,'2019-04-02 09:47:01','2019-04-02 09:47:01','\0'),(4046,'796','VINAGRE BLANCO 1700 CM3','VINAGRE BLANCO 1700 CM3',14,NULL,3,NULL,NULL,2500.00000,NULL,NULL,NULL,NULL,0.00000,NULL,'2019-04-02 09:47:01','2019-04-02 09:47:01','\0'),(4047,'797','VINAGRE BLANCO 3000CM3','VINAGRE BLANCO 3000CM3',14,NULL,3,NULL,NULL,3500.00000,NULL,NULL,NULL,NULL,0.00000,NULL,'2019-04-02 09:47:01','2019-04-02 09:47:01','\0'),(4048,'798','VINAGRE BLANCO 3800 CM3','VINAGRE BLANCO 3800 CM3',14,NULL,3,NULL,NULL,4500.00000,NULL,NULL,NULL,NULL,4.00000,NULL,'2019-04-02 09:47:01','2019-04-02 09:47:01','\0'),(4049,'799','VINAGRE BLANCO X 500 CM3','VINAGRE BLANCO X 500 CM3',14,NULL,3,NULL,NULL,1000.00000,NULL,NULL,NULL,NULL,7.00000,NULL,'2019-04-02 09:47:01','2019-04-02 09:47:01','\0'),(4050,'800','VINAGRE BLANCO YA GRANDE','VINAGRE BLANCO YA GRANDE',14,NULL,3,NULL,NULL,4600.00000,NULL,NULL,NULL,NULL,16.00000,NULL,'2019-04-02 09:47:01','2019-04-02 09:47:01','\0'),(4051,'801','VINAGRE BLANCO YA PEQUENA','VINAGRE BLANCO YA PEQUENA',14,NULL,3,NULL,NULL,1200.00000,NULL,NULL,NULL,NULL,12.00000,NULL,'2019-04-02 09:47:01','2019-04-02 09:47:01','\0'),(4052,'802','VINAGRE DE FRUTAS EL MANA','VINAGRE DE FRUTAS EL MANA',14,NULL,3,NULL,NULL,1300.00000,NULL,NULL,NULL,NULL,3.00000,NULL,'2019-04-02 09:47:01','2019-04-02 09:47:01','\0'),(4053,'803','VINAGRE DE FRUTAS JUNIOR','VINAGRE DE FRUTAS JUNIOR',14,NULL,3,NULL,NULL,1300.00000,NULL,NULL,NULL,NULL,11.00000,NULL,'2019-04-02 09:47:01','2019-04-02 09:47:01','\0'),(4054,'804','VITINA','VITINA',11,NULL,8,NULL,NULL,6.00000,NULL,NULL,NULL,NULL,10.00000,NULL,'2019-04-02 09:47:01','2019-04-02 09:47:01','\0'),(4055,'805','VITINA 20 X 500','VITINA 20 X 500',7,NULL,19,NULL,NULL,3200.00000,NULL,NULL,NULL,NULL,13.00000,NULL,'2019-04-02 09:47:01','2019-04-02 09:47:01','\0'),(4056,'806','VIVE 100 190 ML','VIVE 100 190 ML',5,NULL,3,NULL,NULL,1000.00000,NULL,NULL,NULL,NULL,2.00000,NULL,'2019-04-02 09:47:01','2019-04-02 09:47:01','\0'),(4057,'807','VIVE 100 240 ML','VIVE 100 240 ML',5,NULL,3,NULL,NULL,1500.00000,NULL,NULL,NULL,NULL,18.00000,NULL,'2019-04-02 09:47:01','2019-04-02 09:47:01','\0'),(4058,'808','VIVE 100 380 ML','VIVE 100 380 ML',5,NULL,3,NULL,NULL,2000.00000,NULL,NULL,NULL,NULL,4.00000,NULL,'2019-04-02 09:47:01','2019-04-02 09:47:01','\0'),(4059,'809','YOGURT CEREAL KLARENS','YOGURT CEREAL KLARENS',10,NULL,20,NULL,NULL,1700.00000,NULL,NULL,NULL,NULL,0.00000,NULL,'2019-04-02 09:47:01','2019-04-02 09:47:01','\0'),(4060,'810','YOGURT COLANTA','YOGURT COLANTA',10,NULL,15,NULL,NULL,9000.00000,NULL,NULL,NULL,NULL,1.00000,NULL,'2019-04-02 09:47:01','2019-04-02 09:47:01','\0'),(4061,'811','YOGURT KLARENS','YOGURT KLARENS',10,NULL,20,NULL,NULL,1500.00000,NULL,NULL,NULL,NULL,22.00000,NULL,'2019-04-02 09:47:01','2019-04-02 09:47:01','\0');
/*!40000 ALTER TABLE `product` ENABLE KEYS */;
UNLOCK TABLES;

--
-- Table structure for table `product_category`
--

DROP TABLE IF EXISTS `product_category`;
/*!40101 SET @saved_cs_client     = @@character_set_client */;
/*!40101 SET character_set_client = utf8 */;
CREATE TABLE `product_category` (
  `id` bigint(20) NOT NULL AUTO_INCREMENT,
  `name` varchar(45) NOT NULL,
  `description` varchar(100) DEFAULT NULL,
  `creation_date` timestamp NOT NULL DEFAULT CURRENT_TIMESTAMP ON UPDATE CURRENT_TIMESTAMP,
  `modify_date` timestamp NOT NULL DEFAULT CURRENT_TIMESTAMP ON UPDATE CURRENT_TIMESTAMP,
  `archived` bit(1) NOT NULL DEFAULT b'0',
  PRIMARY KEY (`id`)
) ENGINE=InnoDB AUTO_INCREMENT=15 DEFAULT CHARSET=utf8;
/*!40101 SET character_set_client = @saved_cs_client */;

--
-- Dumping data for table `product_category`
--

LOCK TABLES `product_category` WRITE;
/*!40000 ALTER TABLE `product_category` DISABLE KEYS */;
INSERT INTO `product_category` VALUES (5,'Bebidas','Bebidas','2019-01-28 02:18:02','2019-01-28 02:18:02','\0'),(6,'Carnes frías','Carnes frías','2019-01-28 02:18:02','2019-01-28 02:18:02','\0'),(7,'Comidas rápidas','Comidas rápidas','2019-01-28 02:18:02','2019-01-28 02:18:02','\0'),(8,'Desechables','Desechables','2019-01-28 02:18:02','2019-01-28 02:18:02','\0'),(9,'Dulcería','Dulcería','2019-01-28 02:18:02','2019-01-28 02:18:02','\0'),(10,'Lácteos','Lácteos','2019-01-28 02:18:02','2019-01-28 02:18:02','\0'),(11,'Panadería','Panadería','2019-01-28 02:18:02','2019-01-28 02:18:02','\0'),(12,'Piñatería','Piñatería','2019-01-28 02:18:02','2019-01-28 02:18:02','\0'),(13,'Repostería','Repostería','2019-01-28 02:18:02','2019-01-28 02:18:02','\0'),(14,'Salsas','Salsas','2019-01-28 02:18:02','2019-01-28 02:18:02','\0');
/*!40000 ALTER TABLE `product_category` ENABLE KEYS */;
UNLOCK TABLES;

--
-- Table structure for table `product_type`
--

DROP TABLE IF EXISTS `product_type`;
/*!40101 SET @saved_cs_client     = @@character_set_client */;
/*!40101 SET character_set_client = utf8 */;
CREATE TABLE `product_type` (
  `id` bigint(20) NOT NULL AUTO_INCREMENT,
  `name` varchar(45) NOT NULL,
  `creation_date` timestamp NOT NULL DEFAULT CURRENT_TIMESTAMP ON UPDATE CURRENT_TIMESTAMP,
  `modify_date` timestamp NOT NULL DEFAULT '0000-00-00 00:00:00',
  `archived` bit(1) NOT NULL,
  PRIMARY KEY (`id`)
) ENGINE=InnoDB AUTO_INCREMENT=2 DEFAULT CHARSET=utf8;
/*!40101 SET character_set_client = @saved_cs_client */;

--
-- Dumping data for table `product_type`
--

LOCK TABLES `product_type` WRITE;
/*!40000 ALTER TABLE `product_type` DISABLE KEYS */;
INSERT INTO `product_type` VALUES (1,'Type Test','2018-12-06 01:26:54','0000-00-00 00:00:00','\0');
/*!40000 ALTER TABLE `product_type` ENABLE KEYS */;
UNLOCK TABLES;

--
-- Table structure for table `role`
--

DROP TABLE IF EXISTS `role`;
/*!40101 SET @saved_cs_client     = @@character_set_client */;
/*!40101 SET character_set_client = utf8 */;
CREATE TABLE `role` (
  `id` bigint(20) NOT NULL AUTO_INCREMENT,
  `name` varchar(50) NOT NULL,
  `creation_date` timestamp NOT NULL DEFAULT CURRENT_TIMESTAMP ON UPDATE CURRENT_TIMESTAMP,
  `modify_date` timestamp NOT NULL DEFAULT CURRENT_TIMESTAMP ON UPDATE CURRENT_TIMESTAMP,
  `archived` bit(1) NOT NULL DEFAULT b'0',
  PRIMARY KEY (`id`)
) ENGINE=InnoDB AUTO_INCREMENT=5 DEFAULT CHARSET=latin1;
/*!40101 SET character_set_client = @saved_cs_client */;

--
-- Dumping data for table `role`
--

LOCK TABLES `role` WRITE;
/*!40000 ALTER TABLE `role` DISABLE KEYS */;
INSERT INTO `role` VALUES (1,'SUDO','2019-01-24 00:24:58','2019-01-24 00:24:58','\0'),(2,'Administrador','2019-01-24 00:25:48','2019-01-24 00:25:48','\0'),(3,'Vendedor','2019-01-24 00:25:48','2019-01-24 00:25:48','\0'),(4,'Gerente','2019-01-25 18:20:09','2019-01-25 18:20:09','\0');
/*!40000 ALTER TABLE `role` ENABLE KEYS */;
UNLOCK TABLES;

--
-- Table structure for table `state`
--

DROP TABLE IF EXISTS `state`;
/*!40101 SET @saved_cs_client     = @@character_set_client */;
/*!40101 SET character_set_client = utf8 */;
CREATE TABLE `state` (
  `id` bigint(20) NOT NULL AUTO_INCREMENT,
  `country_id` bigint(20) NOT NULL,
  `name` varchar(255) NOT NULL,
  `creation_date` timestamp NOT NULL DEFAULT CURRENT_TIMESTAMP ON UPDATE CURRENT_TIMESTAMP,
  `modify_date` timestamp NOT NULL DEFAULT CURRENT_TIMESTAMP ON UPDATE CURRENT_TIMESTAMP,
  `archived` bit(1) NOT NULL DEFAULT b'0',
  PRIMARY KEY (`id`),
  KEY `country_state_fk_idx` (`country_id`),
  CONSTRAINT `country_state_fk` FOREIGN KEY (`country_id`) REFERENCES `country` (`id`)
) ENGINE=InnoDB AUTO_INCREMENT=38 DEFAULT CHARSET=utf8;
/*!40101 SET character_set_client = @saved_cs_client */;

--
-- Dumping data for table `state`
--

LOCK TABLES `state` WRITE;
/*!40000 ALTER TABLE `state` DISABLE KEYS */;
INSERT INTO `state` VALUES (5,1,'AMAZONAS','2019-01-19 16:28:13','2019-01-19 16:28:13','\0'),(6,1,'ANTIOQUIA','2019-01-19 16:28:13','2019-01-19 16:28:13','\0'),(7,1,'ARAUCA','2019-01-19 16:28:13','2019-01-19 16:28:13','\0'),(8,1,'ARCHIPIÉLAGO DE SAN ANDRÉS, PROVIDENCIA Y SANTA CATALINA','2019-01-19 16:28:13','2019-01-19 16:28:13','\0'),(9,1,'ATLÁNTICO','2019-01-19 16:28:13','2019-01-19 16:28:13','\0'),(10,1,'BOGOTÁ, D.C.','2019-01-19 16:28:13','2019-01-19 16:28:13','\0'),(11,1,'BOLÍVAR','2019-01-19 16:28:13','2019-01-19 16:28:13','\0'),(12,1,'BOYACÁ','2019-01-19 16:28:13','2019-01-19 16:28:13','\0'),(13,1,'CALDAS','2019-01-19 16:28:13','2019-01-19 16:28:13','\0'),(14,1,'CAQUETÁ','2019-01-19 16:28:13','2019-01-19 16:28:13','\0'),(15,1,'CASANARE','2019-01-19 16:28:13','2019-01-19 16:28:13','\0'),(16,1,'CAUCA','2019-01-19 16:28:13','2019-01-19 16:28:13','\0'),(17,1,'CESAR','2019-01-19 16:28:13','2019-01-19 16:28:13','\0'),(18,1,'CHOCÓ','2019-01-19 16:28:13','2019-01-19 16:28:13','\0'),(19,1,'CÓRDOBA','2019-01-19 16:28:13','2019-01-19 16:28:13','\0'),(20,1,'CUNDINAMARCA','2019-01-19 16:28:13','2019-01-19 16:28:13','\0'),(21,1,'GUAINÍA','2019-01-19 16:28:13','2019-01-19 16:28:13','\0'),(22,1,'GUAVIARE','2019-01-19 16:28:13','2019-01-19 16:28:13','\0'),(23,1,'HUILA','2019-01-19 16:28:13','2019-01-19 16:28:13','\0'),(24,1,'LA GUAJIRA','2019-01-19 16:28:13','2019-01-19 16:28:13','\0'),(25,1,'MAGDALENA','2019-01-19 16:28:13','2019-01-19 16:28:13','\0'),(26,1,'META','2019-01-19 16:28:13','2019-01-19 16:28:13','\0'),(27,1,'NARIÑO','2019-01-19 16:28:13','2019-01-19 16:28:13','\0'),(28,1,'NORTE DE SANTANDER','2019-01-19 16:28:13','2019-01-19 16:28:13','\0'),(29,1,'PUTUMAYO','2019-01-19 16:28:13','2019-01-19 16:28:13','\0'),(30,1,'QUINDIO','2019-01-19 16:28:13','2019-01-19 16:28:13','\0'),(31,1,'RISARALDA','2019-01-19 16:28:13','2019-01-19 16:28:13','\0'),(32,1,'SANTANDER','2019-01-19 16:28:13','2019-01-19 16:28:13','\0'),(33,1,'SUCRE','2019-01-19 16:28:13','2019-01-19 16:28:13','\0'),(34,1,'TOLIMA','2019-01-19 16:28:13','2019-01-19 16:28:13','\0'),(35,1,'VALLE DEL CAUCA','2019-01-19 16:28:13','2019-01-19 16:28:13','\0'),(36,1,'VAUPÉS','2019-01-19 16:28:13','2019-01-19 16:28:13','\0'),(37,1,'VICHADA','2019-01-19 16:28:13','2019-01-19 16:28:13','\0');
/*!40000 ALTER TABLE `state` ENABLE KEYS */;
UNLOCK TABLES;

--
-- Table structure for table `supplier`
--

DROP TABLE IF EXISTS `supplier`;
/*!40101 SET @saved_cs_client     = @@character_set_client */;
/*!40101 SET character_set_client = utf8 */;
CREATE TABLE `supplier` (
  `id` bigint(20) NOT NULL AUTO_INCREMENT,
  `person_id` bigint(20) NOT NULL,
  `payment_type_id` bigint(20) DEFAULT NULL,
  `payment_term` varchar(45) DEFAULT NULL,
  `payment_method_id` bigint(20) DEFAULT NULL,
  `creation_date` timestamp NOT NULL DEFAULT CURRENT_TIMESTAMP ON UPDATE CURRENT_TIMESTAMP,
  `modify_date` timestamp NOT NULL DEFAULT CURRENT_TIMESTAMP ON UPDATE CURRENT_TIMESTAMP,
  `archived` bit(1) NOT NULL DEFAULT b'0',
  `account_bank` bigint(20) DEFAULT NULL,
  PRIMARY KEY (`id`),
  KEY `supplier_person_fk_idx` (`person_id`),
  KEY `supplier_payment_type_fk_idx` (`payment_type_id`),
  KEY `supplier_payment_method_idx` (`payment_method_id`),
  CONSTRAINT `supplier_payment_method` FOREIGN KEY (`payment_method_id`) REFERENCES `payment_method` (`id`),
  CONSTRAINT `supplier_payment_type` FOREIGN KEY (`payment_type_id`) REFERENCES `payment_type` (`id`),
  CONSTRAINT `supplier_person` FOREIGN KEY (`person_id`) REFERENCES `person` (`id`)
) ENGINE=InnoDB AUTO_INCREMENT=24 DEFAULT CHARSET=utf8;
/*!40101 SET character_set_client = @saved_cs_client */;

--
-- Dumping data for table `supplier`
--

LOCK TABLES `supplier` WRITE;
/*!40000 ALTER TABLE `supplier` DISABLE KEYS */;
INSERT INTO `supplier` VALUES (2,6,1,'61',1,'2019-01-15 00:59:22','2019-01-15 00:59:22','',NULL),(3,7,NULL,'',NULL,'2019-01-15 00:59:19','2019-01-15 00:59:19','',NULL),(4,24,NULL,'',NULL,'2019-01-15 00:59:41','2019-01-15 00:59:41','\0',NULL),(5,25,NULL,'',NULL,'2019-01-16 09:37:30','2019-01-16 09:37:30','\0',NULL),(6,26,1,'',1,'2019-01-16 21:23:37','2019-01-16 21:23:37','\0',NULL),(7,27,1,'',1,'2019-01-16 21:33:49','2019-01-16 21:33:49','\0',NULL),(8,28,1,'',1,'2019-01-16 21:39:52','2019-01-16 21:39:52','\0',NULL),(9,29,1,'',1,'2019-01-16 21:44:09','2019-01-16 21:44:09','\0',NULL),(10,30,1,'',1,'2019-01-16 21:48:23','2019-01-16 21:48:23','\0',NULL),(11,31,NULL,'',NULL,'2019-01-16 21:50:41','2019-01-16 21:50:41','\0',NULL),(12,32,1,'',1,'2019-01-16 21:54:56','2019-01-16 21:54:56','\0',NULL),(13,33,1,'',1,'2019-01-16 21:58:33','2019-01-16 21:58:33','\0',NULL),(14,34,1,'',1,'2019-01-16 22:16:26','2019-01-16 22:16:26','\0',NULL),(15,35,1,'',1,'2019-01-16 22:18:50','2019-01-16 22:18:50','\0',NULL),(16,36,1,'',1,'2019-01-16 22:22:33','2019-01-16 22:22:33','\0',NULL),(17,37,1,'',1,'2019-01-18 19:43:09','2019-01-18 19:43:09','\0',NULL),(18,38,1,'',1,'2019-01-18 19:49:26','2019-01-18 19:49:26','\0',NULL),(19,39,1,'',1,'2019-01-18 19:50:51','2019-01-18 19:50:51','\0',NULL),(20,40,1,'',1,'2019-01-18 19:55:41','2019-01-18 19:55:41','\0',NULL),(21,41,NULL,'',NULL,'2019-01-21 07:45:54','2019-01-21 07:45:54','\0',NULL),(22,77,NULL,'',NULL,'2019-03-18 01:27:36','2019-03-18 01:27:36','\0',NULL),(23,83,NULL,'',NULL,'2019-03-29 03:23:47','2019-03-29 03:23:47','\0',NULL);
/*!40000 ALTER TABLE `supplier` ENABLE KEYS */;
UNLOCK TABLES;

--
-- Table structure for table `table_sequence`
--

DROP TABLE IF EXISTS `table_sequence`;
/*!40101 SET @saved_cs_client     = @@character_set_client */;
/*!40101 SET character_set_client = utf8 */;
CREATE TABLE `table_sequence` (
  `id` bigint(20) NOT NULL AUTO_INCREMENT,
  `code` varchar(100) NOT NULL,
  `name` varchar(100) DEFAULT NULL,
  `sequence` bigint(20) NOT NULL,
  `creation_date` timestamp NOT NULL DEFAULT CURRENT_TIMESTAMP ON UPDATE CURRENT_TIMESTAMP,
  `modify_date` timestamp NOT NULL DEFAULT CURRENT_TIMESTAMP ON UPDATE CURRENT_TIMESTAMP,
  `archived` bit(1) NOT NULL DEFAULT b'0',
  PRIMARY KEY (`id`),
  UNIQUE KEY `code_UNIQUE` (`code`)
) ENGINE=InnoDB AUTO_INCREMENT=4 DEFAULT CHARSET=latin1;
/*!40101 SET character_set_client = @saved_cs_client */;

--
-- Dumping data for table `table_sequence`
--

LOCK TABLES `table_sequence` WRITE;
/*!40000 ALTER TABLE `table_sequence` DISABLE KEYS */;
INSERT INTO `table_sequence` VALUES (1,'Product','Tabla de productos',807,'2019-04-01 02:41:18','2019-04-01 02:41:18','\0'),(2,'Warehouse','Tabla de bodegas',2,'2019-02-05 00:45:10','2019-02-05 00:45:10','\0'),(3,'Lot','Tabla de lotes',1,'2019-02-17 23:52:04','2019-02-17 23:52:04','\0');
/*!40000 ALTER TABLE `table_sequence` ENABLE KEYS */;
UNLOCK TABLES;

--
-- Table structure for table `user`
--

DROP TABLE IF EXISTS `user`;
/*!40101 SET @saved_cs_client     = @@character_set_client */;
/*!40101 SET character_set_client = utf8 */;
CREATE TABLE `user` (
  `id` bigint(20) NOT NULL AUTO_INCREMENT,
  `login` varchar(60) NOT NULL,
  `pass` varchar(60) NOT NULL,
  `person_id` bigint(20) NOT NULL,
  `creation_date` timestamp NOT NULL DEFAULT CURRENT_TIMESTAMP ON UPDATE CURRENT_TIMESTAMP,
  `modify_date` timestamp NOT NULL DEFAULT CURRENT_TIMESTAMP ON UPDATE CURRENT_TIMESTAMP,
  `archived` bit(1) NOT NULL DEFAULT b'0',
  `role_id` bigint(20) NOT NULL DEFAULT '3',
  PRIMARY KEY (`id`),
  UNIQUE KEY `login_UNIQUE` (`login`),
  KEY `fk_user_person_idx` (`person_id`),
  CONSTRAINT `fk_user_person` FOREIGN KEY (`person_id`) REFERENCES `person` (`id`)
) ENGINE=InnoDB AUTO_INCREMENT=11 DEFAULT CHARSET=utf8;
/*!40101 SET character_set_client = @saved_cs_client */;

--
-- Dumping data for table `user`
--

LOCK TABLES `user` WRITE;
/*!40000 ALTER TABLE `user` DISABLE KEYS */;
INSERT INTO `user` VALUES (4,'test','pnbrmR5/2yU1paLqlMjzRg==',14,'2019-01-26 00:11:22','2019-01-26 00:11:22','\0',1),(5,'esamia','1vOs3Sny9xhsR5xj/j5IXQ==',21,'2019-01-29 16:47:55','2019-01-29 16:47:55','\0',1),(6,'aquiroz','3OoqJNmK+2Q0kSVFH3h3FA==',20,'2019-01-29 16:46:45','2019-01-29 16:46:45','\0',3),(8,'dcarbo','ymQcQNnbrWkYM7AlrrfrLw==',22,'2019-01-29 16:47:08','2019-01-29 16:47:08','\0',3),(9,'jcastellanos','rCawV5plVBVNfUvkG5iNog==',23,'2019-01-29 16:47:15','2019-01-29 16:47:15','\0',2),(10,'mmejia','hVwforDU/igvmHImmVEVdA==',82,'2019-03-26 15:46:07','2019-03-26 15:46:07','\0',3);
/*!40000 ALTER TABLE `user` ENABLE KEYS */;
UNLOCK TABLES;

--
-- Table structure for table `warehouse`
--

DROP TABLE IF EXISTS `warehouse`;
/*!40101 SET @saved_cs_client     = @@character_set_client */;
/*!40101 SET character_set_client = utf8 */;
CREATE TABLE `warehouse` (
  `id` bigint(20) NOT NULL AUTO_INCREMENT,
  `code` varchar(45) NOT NULL,
  `name` varchar(45) DEFAULT NULL,
  `creation_date` timestamp NOT NULL DEFAULT CURRENT_TIMESTAMP ON UPDATE CURRENT_TIMESTAMP,
  `modify_date` timestamp NOT NULL DEFAULT CURRENT_TIMESTAMP ON UPDATE CURRENT_TIMESTAMP,
  `archived` bit(1) NOT NULL DEFAULT b'0',
  PRIMARY KEY (`id`)
) ENGINE=InnoDB AUTO_INCREMENT=3 DEFAULT CHARSET=latin1;
/*!40101 SET character_set_client = @saved_cs_client */;

--
-- Dumping data for table `warehouse`
--

LOCK TABLES `warehouse` WRITE;
/*!40000 ALTER TABLE `warehouse` DISABLE KEYS */;
INSERT INTO `warehouse` VALUES (1,'1','Bodega 1','2019-02-04 19:25:24','2019-02-04 19:25:24','\0'),(2,'2','Bodega 2','2019-02-04 19:25:28','2019-02-04 19:25:28','\0');
/*!40000 ALTER TABLE `warehouse` ENABLE KEYS */;
UNLOCK TABLES;

--
-- Dumping events for database 'vissa'
--

--
-- Dumping routines for database 'vissa'
--
/*!40103 SET TIME_ZONE=@OLD_TIME_ZONE */;

/*!40101 SET SQL_MODE=@OLD_SQL_MODE */;
/*!40014 SET FOREIGN_KEY_CHECKS=@OLD_FOREIGN_KEY_CHECKS */;
/*!40014 SET UNIQUE_CHECKS=@OLD_UNIQUE_CHECKS */;
/*!40101 SET CHARACTER_SET_CLIENT=@OLD_CHARACTER_SET_CLIENT */;
/*!40101 SET CHARACTER_SET_RESULTS=@OLD_CHARACTER_SET_RESULTS */;
/*!40101 SET COLLATION_CONNECTION=@OLD_COLLATION_CONNECTION */;
/*!40111 SET SQL_NOTES=@OLD_SQL_NOTES */;

-- Dump completed on 2019-04-02  6:17:52
